season,week,score_rank,tag,lineup_score,player,pos,team,salary,proj,actual
2025,2,1,boom,208.7,CeeDee Lamb,WR,DAL,7800,18.9,23.2
2025,2,1,boom,208.7,Malik Nabers,WR,NYG,7100,15.8,40.7
2025,2,1,boom,208.7,De'Von Achane,RB,MIA,6900,15.9,26.2
2025,2,1,boom,208.7,Josh Jacobs,RB,GB,6500,17.7,14.4
2025,2,1,boom,208.7,Jameson Williams,WR,DET,5700,13.0,21.8
2025,2,1,boom,208.7,Russell Wilson,QB,NYG,5100,18.0,34.3
2025,2,1,boom,208.7,Wan'Dale Robinson,WR,NYG,4400,10.4,31.2
2025,2,1,boom,208.7,Juwan Johnson,TE,NO,3600,19.7,15.9
2025,2,1,boom,208.7,IND DST,DST,IND,2600,8.1,1.0
2025,2,2,boom,171.2,CeeDee Lamb,WR,DAL,7800,18.9,23.2
2025,2,2,boom,171.2,Malik Nabers,WR,NYG,7100,15.8,40.7
2025,2,2,boom,171.2,Chase Brown,RB,CIN,6800,17.7,8.5
2025,2,2,boom,171.2,Javonte Williams,RB,DAL,5800,14.3,25.0
2025,2,2,boom,171.2,George Pickens,WR,DAL,5800,12.4,17.8
2025,2,2,boom,171.2,Russell Wilson,QB,NYG,5100,18.0,34.3
2025,2,2,boom,171.2,Sam LaPorta,TE,DET,4800,12.2,5.6
2025,2,2,boom,171.2,Darius Slayton,WR,NYG,3400,17.7,8.1
2025,2,2,boom,171.2,LAR DST,DST,LAR,3100,13.2,8.0
2025,2,3,boom,160.9,Ja'Marr Chase,WR,CIN,8100,18.2,39.5
2025,2,3,boom,160.9,Bucky Irving,RB,TB,7200,15.4,18.1
2025,2,3,boom,160.9,Jameson Williams,WR,DET,5700,13.0,21.8
2025,2,3,boom,160.9,J.K. Dobbins,RB,DEN,5600,11.9,15.5
2025,2,3,boom,160.9,Ricky Pearsall,WR,SF,5300,11.6,9.2
2025,2,3,boom,160.9,Daniel Jones,QB,IND,5200,18.2,25.8
2025,2,3,boom,160.9,Josh Downs,WR,IND,4600,8.8,11.1
2025,2,3,boom,160.9,Tyler Warren,TE,IND,4500,10.6,11.9
2025,2,3,boom,160.9,LAR DST,DST,LAR,3100,13.2,8.0
2025,2,4,game,159.6,CeeDee Lamb,WR,DAL,7800,18.9,23.2
2025,2,4,game,159.6,Christian McCaffrey,RB,SF,7500,19.2,22.7
2025,2,4,game,159.6,Jayden Daniels,QB,WAS,6700,23.2,19.7
2025,2,4,game,159.6,Josh Jacobs,RB,GB,6500,17.7,14.4
2025,2,4,game,159.6,Terry McLaurin,WR,WAS,5900,12.9,9.8
2025,2,4,game,159.6,Zach Ertz,TE,WAS,3900,18.2,18.4
2025,2,4,game,159.6,Troy Franklin,WR,DEN,3700,19.2,24.0
2025,2,4,game,159.6,Tucker Kraft,TE,GB,3700,20.0,27.4
2025,2,4,game,159.6,DEN DST,DST,DEN,3500,9.1,0.0
2025,2,5,boom,153.9,Jahmyr Gibbs,RB,DET,7400,18.4,19.4
2025,2,5,boom,153.9,Amon-Ra St. Brown,WR,DET,7000,15.4,42.2
2025,2,5,boom,153.9,Josh Jacobs,RB,GB,6500,17.7,14.4
2025,2,5,boom,153.9,Kyler Murray,QB,ARI,6400,22.5,15.0
2025,2,5,boom,153.9,Trey McBride,TE,ARI,6000,15.6,13.8
2025,2,5,boom,153.9,Marvin Harrison Jr.,WR,ARI,5800,15.2,4.7
2025,2,5,boom,153.9,Troy Franklin,WR,DEN,3700,19.2,24.0
2025,2,5,boom,153.9,Ja'Tavion Sanders,TE,CAR,3100,9.9,12.4
2025,2,5,boom,153.9,LAR DST,DST,LAR,3100,13.2,8.0
2025,2,6,game,146.7,CeeDee Lamb,WR,DAL,7800,18.9,23.2
2025,2,6,game,146.7,Christian McCaffrey,RB,SF,7500,19.2,22.7
2025,2,6,game,146.7,Jayden Daniels,QB,WAS,6700,23.2,19.7
2025,2,6,game,146.7,Josh Jacobs,RB,GB,6500,17.7,14.4
2025,2,6,game,146.7,Terry McLaurin,WR,WAS,5900,12.9,9.8
2025,2,6,game,146.7,Zach Ertz,TE,WAS,3900,18.2,18.4
2025,2,6,game,146.7,Tucker Kraft,TE,GB,3700,20.0,27.4
2025,2,6,game,146.7,Jalen Nailor,WR,MIN,3700,21.7,6.1
2025,2,6,game,146.7,SF DST,DST,SF,3600,9.2,5.0
2025,2,7,boom,142.0,Derrick Henry,RB,BAL,8200,17.9,2.3
2025,2,7,boom,142.0,Amon-Ra St. Brown,WR,DET,7000,15.4,42.2
2025,2,7,boom,142.0,Lamar Jackson,QB,BAL,7000,23.3,26.3
2025,2,7,boom,142.0,Zay Flowers,WR,BAL,6200,15.7,14.9
2025,2,7,boom,142.0,Tony Pollard,RB,TEN,5900,15.5,9.2
2025,2,7,boom,142.0,Rashod Bateman,WR,BAL,4600,9.7,3.5
2025,2,7,boom,142.0,Cedric Tillman,WR,CLE,4300,10.5,10.2
2025,2,7,boom,142.0,Tucker Kraft,TE,GB,3700,20.0,27.4
2025,2,7,boom,142.0,PIT DST,DST,PIT,3100,8.5,6.0
2025,2,8,boom,141.0,Derrick Henry,RB,BAL,8200,17.9,2.3
2025,2,8,boom,141.0,Amon-Ra St. Brown,WR,DET,7000,15.4,42.2
2025,2,8,boom,141.0,D'Andre Swift,RB,CHI,5700,12.4,14.9
2025,2,8,boom,141.0,D.J. Moore,WR,CHI,5600,13.0,9.6
2025,2,8,boom,141.0,Caleb Williams,QB,CHI,5400,19.4,18.0
2025,2,8,boom,141.0,Keon Coleman,WR,BUF,5100,12.4,5.6
2025,2,8,boom,141.0,Rome Odunze,WR,CHI,4800,12.3,34.8
2025,2,8,boom,141.0,Sam LaPorta,TE,DET,4800,12.2,5.6
2025,2,8,boom,141.0,LAR DST,DST,LAR,3100,13.2,8.0
2025,2,9,boom,140.0,Justin Jefferson,WR,MIN,7700,18.6,11.1
2025,2,9,boom,140.0,Jahmyr Gibbs,RB,DET,7400,18.4,19.4
2025,2,9,boom,140.0,Ashton Jeanty,RB,LV,7000,14.9,7.4
2025,2,9,boom,140.0,Javonte Williams,RB,DAL,5800,14.3,25.0
2025,2,9,boom,140.0,Caleb Williams,QB,CHI,5400,19.4,18.0
2025,2,9,boom,140.0,Chris Olave,WR,NO,4900,12.4,11.4
2025,2,9,boom,140.0,Rome Odunze,WR,CHI,4800,12.3,34.8
2025,2,9,boom,140.0,Cole Kmet,TE,CHI,3200,15.2,4.9
2025,2,9,boom,140.0,LAR DST,DST,LAR,3100,13.2,8.0
2025,2,10,boom,139.7,Derrick Henry,RB,BAL,8200,17.9,2.3
2025,2,10,boom,139.7,Lamar Jackson,QB,BAL,7000,23.3,26.3
2025,2,10,boom,139.7,Jonathan Taylor,RB,IND,6700,14.8,32.5
2025,2,10,boom,139.7,Zay Flowers,WR,BAL,6200,15.7,14.9
2025,2,10,boom,139.7,Tee Higgins,WR,CIN,6100,14.2,14.6
2025,2,10,boom,139.7,Rashod Bateman,WR,BAL,4600,9.7,3.5
2025,2,10,boom,139.7,Cedric Tillman,WR,CLE,4300,10.5,10.2
2025,2,10,boom,139.7,Tucker Kraft,TE,GB,3700,20.0,27.4
2025,2,10,boom,139.7,LAR DST,DST,LAR,3100,13.2,8.0
2025,2,11,boom,133.8,Ladd McConkey,WR,LAC,6900,15.9,9.8
2025,2,11,boom,133.8,De'Von Achane,RB,MIA,6900,15.9,26.2
2025,2,11,boom,133.8,Brian Thomas Jr.,WR,JAX,6700,15.8,8.9
2025,2,11,boom,133.8,James Cook,RB,BUF,6400,13.9,29.5
2025,2,11,boom,133.8,Tee Higgins,WR,CIN,6100,14.2,14.6
2025,2,11,boom,133.8,Drake Maye,QB,NE,5200,19.5,26.3
2025,2,11,boom,133.8,Kayshon Boutte,WR,NE,4500,10.6,8.6
2025,2,11,boom,133.8,Hunter Henry,TE,NE,4000,18.3,1.9
2025,2,11,boom,133.8,LAR DST,DST,LAR,3100,13.2,8.0
2025,2,12,boom,132.3,CeeDee Lamb,WR,DAL,7800,18.9,23.2
2025,2,12,boom,132.3,Ladd McConkey,WR,LAC,6900,15.9,9.8
2025,2,12,boom,132.3,James Cook,RB,BUF,6400,13.9,29.5
2025,2,12,boom,132.3,Zay Flowers,WR,BAL,6200,15.7,14.9
2025,2,12,boom,132.3,Javonte Williams,RB,DAL,5800,14.3,25.0
2025,2,12,boom,132.3,Geno Smith,QB,LV,5300,20.2,6.2
2025,2,12,boom,132.3,Jakobi Meyers,WR,LV,4900,15.5,12.8
2025,2,12,boom,132.3,Michael Mayer,TE,LV,3300,14.6,2.9
2025,2,12,boom,132.3,LAR DST,DST,LAR,3100,13.2,8.0
2025,2,13,boom,131.2,Derrick Henry,RB,BAL,8200,17.9,2.3
2025,2,13,boom,131.2,Ladd McConkey,WR,LAC,6900,15.9,9.8
2025,2,13,boom,131.2,Garrett Wilson,WR,NYJ,6500,15.8,9.0
2025,2,13,boom,131.2,Justin Herbert,QB,LAC,5900,21.6,19.8
2025,2,13,boom,131.2,Javonte Williams,RB,DAL,5800,14.3,25.0
2025,2,13,boom,131.2,Jakobi Meyers,WR,LV,4900,15.5,12.8
2025,2,13,boom,131.2,Keenan Allen,WR,LAC,4800,11.9,17.1
2025,2,13,boom,131.2,Tucker Kraft,TE,GB,3700,20.0,27.4
2025,2,13,boom,131.2,LAR DST,DST,LAR,3100,13.2,8.0
2025,2,14,game,129.6,Justin Jefferson,WR,MIN,7700,18.6,11.1
2025,2,14,game,129.6,Christian McCaffrey,RB,SF,7500,19.2,22.7
2025,2,14,game,129.6,Jayden Daniels,QB,WAS,6700,23.2,19.7
2025,2,14,game,129.6,Josh Jacobs,RB,GB,6500,17.7,14.4
2025,2,14,game,129.6,Terry McLaurin,WR,WAS,5900,12.9,9.8
2025,2,14,game,129.6,Zach Ertz,TE,WAS,3900,18.2,18.4
2025,2,14,game,129.6,Jalen Nailor,WR,MIN,3700,21.7,6.1
2025,2,14,game,129.6,Tucker Kraft,TE,GB,3700,20.0,27.4
2025,2,14,game,129.6,DEN DST,DST,DEN,3500,9.1,0.0
2025,2,15,boom,127.4,Jahmyr Gibbs,RB,DET,7400,18.4,19.4
2025,2,15,boom,127.4,Jonathan Taylor,RB,IND,6700,14.8,32.5
2025,2,15,boom,127.4,Courtland Sutton,WR,DEN,6300,14.9,1.6
2025,2,15,boom,127.4,Brock Bowers,TE,LV,6300,12.8,8.8
2025,2,15,boom,127.4,Bo Nix,QB,DEN,6100,18.6,21.2
2025,2,15,boom,127.4,Calvin Ridley,WR,TEN,4900,12.9,8.7
2025,2,15,boom,127.4,Calvin Austin III,WR,PIT,4700,9.9,3.2
2025,2,15,boom,127.4,Troy Franklin,WR,DEN,3700,19.2,24.0
2025,2,15,boom,127.4,LAR DST,DST,LAR,3100,13.2,8.0
2025,2,16,boom,127.4,Chase Brown,RB,CIN,6800,17.7,8.5
2025,2,16,boom,127.4,Kyler Murray,QB,ARI,6400,22.5,15.0
2025,2,16,boom,127.4,Tyreek Hill,WR,MIA,6400,13.4,19.9
2025,2,16,boom,127.4,Chuba Hubbard,RB,CAR,6000,14.2,18.7
2025,2,16,boom,127.4,Trey McBride,TE,ARI,6000,15.6,13.8
2025,2,16,boom,127.4,Marvin Harrison Jr.,WR,ARI,5800,15.2,4.7
2025,2,16,boom,127.4,Chris Olave,WR,NO,4900,12.4,11.4
2025,2,16,boom,127.4,Tucker Kraft,TE,GB,3700,20.0,27.4
2025,2,16,boom,127.4,LAR DST,DST,LAR,3100,13.2,8.0
2025,2,17,boom,126.3,Christian McCaffrey,RB,SF,7500,19.2,22.7
2025,2,17,boom,126.3,Jayden Daniels,QB,WAS,6700,23.2,19.7
2025,2,17,boom,126.3,Garrett Wilson,WR,NYJ,6500,15.8,9.0
2025,2,17,boom,126.3,Josh Jacobs,RB,GB,6500,17.7,14.4
2025,2,17,boom,126.3,Terry McLaurin,WR,WAS,5900,12.9,9.8
2025,2,17,boom,126.3,Jerry Jeudy,WR,CLE,5300,12.0,9.1
2025,2,17,boom,126.3,Rashid Shaheed,WR,NO,4500,9.4,15.2
2025,2,17,boom,126.3,Zach Ertz,TE,WAS,3900,18.2,18.4
2025,2,17,boom,126.3,LAR DST,DST,LAR,3100,13.2,8.0
2025,2,18,boom,126.2,Saquon Barkley,RB,PHI,8000,18.3,17.4
2025,2,18,boom,126.2,Ladd McConkey,WR,LAC,6900,15.9,9.8
2025,2,18,boom,126.2,Josh Jacobs,RB,GB,6500,17.7,14.4
2025,2,18,boom,126.2,Justin Herbert,QB,LAC,5900,21.6,19.8
2025,2,18,boom,126.2,Jameson Williams,WR,DET,5700,13.0,21.8
2025,2,18,boom,126.2,Travis Kelce,TE,KC,5000,10.6,10.1
2025,2,18,boom,126.2,Jakobi Meyers,WR,LV,4900,15.5,12.8
2025,2,18,boom,126.2,Keenan Allen,WR,LAC,4800,11.9,17.1
2025,2,18,boom,126.2,CAR DST,DST,CAR,2300,5.5,3.0
2025,2,19,boom,125.5,CeeDee Lamb,WR,DAL,7800,18.9,23.2
2025,2,19,boom,125.5,James Conner,RB,ARI,6600,15.9,12.2
2025,2,19,boom,125.5,Josh Jacobs,RB,GB,6500,17.7,14.4
2025,2,19,boom,125.5,Brock Bowers,TE,LV,6300,12.8,8.8
2025,2,19,boom,125.5,Tetairoa McMillan,WR,CAR,5400,13.8,19.0
2025,2,19,boom,125.5,Bryce Young,QB,CAR,5100,16.3,26.3
2025,2,19,boom,125.5,Jakobi Meyers,WR,LV,4900,15.5,12.8
2025,2,19,boom,125.5,Xavier Legette,WR,CAR,3900,18.3,0.8
2025,2,19,boom,125.5,LAR DST,DST,LAR,3100,13.2,8.0
2025,2,20,boom,116.3,Justin Jefferson,WR,MIN,7700,18.6,11.1
2025,2,20,boom,116.3,Jahmyr Gibbs,RB,DET,7400,18.4,19.4
2025,2,20,boom,116.3,Josh Jacobs,RB,GB,6500,17.7,14.4
2025,2,20,boom,116.3,Trey McBride,TE,ARI,6000,15.6,13.8
2025,2,20,boom,116.3,D.J. Moore,WR,CHI,5600,13.0,9.6
2025,2,20,boom,116.3,Caleb Williams,QB,CHI,5400,19.4,18.0
2025,2,20,boom,116.3,Keenan Allen,WR,LAC,4800,11.9,17.1
2025,2,20,boom,116.3,Cole Kmet,TE,CHI,3200,15.2,4.9
2025,2,20,boom,116.3,LAR DST,DST,LAR,3100,13.2,8.0
2025,2,21,boom,112.7,Saquon Barkley,RB,PHI,8000,18.3,17.4
2025,2,21,boom,112.7,Lamar Jackson,QB,BAL,7000,23.3,26.3
2025,2,21,boom,112.7,Zay Flowers,WR,BAL,6200,15.7,14.9
2025,2,21,boom,112.7,George Pickens,WR,DAL,5800,12.4,17.8
2025,2,21,boom,112.7,Dylan Sampson,RB,CLE,5200,7.4,10.9
2025,2,21,boom,112.7,Jakobi Meyers,WR,LV,4900,15.5,12.8
2025,2,21,boom,112.7,Calvin Austin III,WR,PIT,4700,9.9,3.2
2025,2,21,boom,112.7,Mark Andrews,TE,BAL,4700,8.7,1.4
2025,2,21,boom,112.7,LAR DST,DST,LAR,3100,13.2,8.0
2025,2,22,boom,109.4,Chase Brown,RB,CIN,6800,17.7,8.5
2025,2,22,boom,109.4,Brian Thomas Jr.,WR,JAX,6700,15.8,8.9
2025,2,22,boom,109.4,Garrett Wilson,WR,NYJ,6500,15.8,9.0
2025,2,22,boom,109.4,Tee Higgins,WR,CIN,6100,14.2,14.6
2025,2,22,boom,109.4,J.K. Dobbins,RB,DEN,5600,11.9,15.5
2025,2,22,boom,109.4,Trevor Lawrence,QB,JAX,5600,17.9,21.2
2025,2,22,boom,109.4,Tetairoa McMillan,WR,CAR,5400,13.8,19.0
2025,2,22,boom,109.4,Brenton Strange,TE,JAX,3600,15.9,4.7
2025,2,22,boom,109.4,LAR DST,DST,LAR,3100,13.2,8.0
2025,2,23,boom,109.3,Puka Nacua,WR,LA,7600,17.3,27.6
2025,2,23,boom,109.3,Josh Jacobs,RB,GB,6500,17.7,14.4
2025,2,23,boom,109.3,Kyler Murray,QB,ARI,6400,22.5,15.0
2025,2,23,boom,109.3,Courtland Sutton,WR,DEN,6300,14.9,1.6
2025,2,23,boom,109.3,Chuba Hubbard,RB,CAR,6000,14.2,18.7
2025,2,23,boom,109.3,Marvin Harrison Jr.,WR,ARI,5800,15.2,4.7
2025,2,23,boom,109.3,Jakobi Meyers,WR,LV,4900,15.5,12.8
2025,2,23,boom,109.3,LAR DST,DST,LAR,3100,13.2,8.0
2025,2,23,boom,109.3,Elijah Higgins,TE,ARI,2500,8.7,6.5
2025,2,24,lev,107.9,CeeDee Lamb,WR,DAL,7800,18.9,23.2
2025,2,24,lev,107.9,Jahmyr Gibbs,RB,DET,7400,18.4,19.4
2025,2,24,lev,107.9,Chase Brown,RB,CIN,6800,17.7,8.5
2025,2,24,lev,107.9,Kyler Murray,QB,ARI,6400,22.5,15.0
2025,2,24,lev,107.9,Trey McBride,TE,ARI,6000,15.6,13.8
2025,2,24,lev,107.9,Xavier Legette,WR,CAR,3900,18.3,0.8
2025,2,24,lev,107.9,Michael Wilson,WR,ARI,3700,18.0,8.1
2025,2,24,lev,107.9,Jalen Nailor,WR,MIN,3700,21.7,6.1
2025,2,24,lev,107.9,ARI DST,DST,ARI,3400,8.6,13.0
2025,2,25,boom,103.3,CeeDee Lamb,WR,DAL,7800,18.9,23.2
2025,2,25,boom,103.3,Jahmyr Gibbs,RB,DET,7400,18.4,19.4
2025,2,25,boom,103.3,Josh Allen,QB,BUF,7100,24.7,11.8
2025,2,25,boom,103.3,Courtland Sutton,WR,DEN,6300,14.9,1.6
2025,2,25,boom,103.3,Breece Hall,RB,NYJ,6200,12.9,5.8
2025,2,25,boom,103.3,Keon Coleman,WR,BUF,5100,12.4,5.6
2025,2,25,boom,103.3,Troy Franklin,WR,DEN,3700,19.2,24.0
2025,2,25,boom,103.3,LAR DST,DST,LAR,3100,13.2,8.0
2025,2,25,boom,103.3,Dawson Knox,TE,BUF,2700,9.1,3.9
2025,2,26,boom,103.3,CeeDee Lamb,WR,DAL,7800,18.9,23.2
2025,2,26,boom,103.3,Chase Brown,RB,CIN,6800,17.7,8.5
2025,2,26,boom,103.3,Garrett Wilson,WR,NYJ,6500,15.8,9.0
2025,2,26,boom,103.3,James Cook,RB,BUF,6400,13.9,29.5
2025,2,26,boom,103.3,Kyren Williams,RB,LA,6300,15.0,10.0
2025,2,26,boom,103.3,Justin Fields,QB,NYJ,5700,23.8,5.0
2025,2,26,boom,103.3,Kayshon Boutte,WR,NE,4500,10.6,8.6
2025,2,26,boom,103.3,LAR DST,DST,LAR,3100,13.2,8.0
2025,2,26,boom,103.3,Mason Taylor,TE,NYJ,2900,14.4,1.5
2025,2,27,boom,102.1,Justin Jefferson,WR,MIN,7700,18.6,11.1
2025,2,27,boom,102.1,Malik Nabers,WR,NYG,7100,15.8,40.7
2025,2,27,boom,102.1,James Conner,RB,ARI,6600,15.9,12.2
2025,2,27,boom,102.1,Omarion Hampton,RB,LAC,5800,13.8,3.5
2025,2,27,boom,102.1,Marvin Harrison Jr.,WR,ARI,5800,15.2,4.7
2025,2,27,boom,102.1,Geno Smith,QB,LV,5300,20.2,6.2
2025,2,27,boom,102.1,Jakobi Meyers,WR,LV,4900,15.5,12.8
2025,2,27,boom,102.1,Michael Mayer,TE,LV,3300,14.6,2.9
2025,2,27,boom,102.1,LAR DST,DST,LAR,3100,13.2,8.0
2025,2,28,boom,100.5,Nico Collins,WR,HOU,7300,15.1,14.2
2025,2,28,boom,100.5,Chase Brown,RB,CIN,6800,17.7,8.5
2025,2,28,boom,100.5,Josh Jacobs,RB,GB,6500,17.7,14.4
2025,2,28,boom,100.5,Garrett Wilson,WR,NYJ,6500,15.8,9.0
2025,2,28,boom,100.5,James Cook,RB,BUF,6400,13.9,29.5
2025,2,28,boom,100.5,Justin Fields,QB,NYJ,5700,23.8,5.0
2025,2,28,boom,100.5,Tyler Warren,TE,IND,4500,10.6,11.9
2025,2,28,boom,100.5,Tyler Johnson,WR,NYJ,3200,15.1,0.0
2025,2,28,boom,100.5,LAR DST,DST,LAR,3100,13.2,8.0
2025,2,29,lev,100.2,Justin Jefferson,WR,MIN,7700,18.6,11.1
2025,2,29,lev,100.2,Christian McCaffrey,RB,SF,7500,19.2,22.7
2025,2,29,lev,100.2,Jahmyr Gibbs,RB,DET,7400,18.4,19.4
2025,2,29,lev,100.2,Kyler Murray,QB,ARI,6400,22.5,15.0
2025,2,29,lev,100.2,Marvin Harrison Jr.,WR,ARI,5800,15.2,4.7
2025,2,29,lev,100.2,Zach Ertz,TE,WAS,3900,18.2,18.4
2025,2,29,lev,100.2,Xavier Legette,WR,CAR,3900,18.3,0.8
2025,2,29,lev,100.2,Michael Wilson,WR,ARI,3700,18.0,8.1
2025,2,29,lev,100.2,DEN DST,DST,DEN,3500,9.1,0.0
2025,2,30,boom,92.7,Christian McCaffrey,RB,SF,7500,19.2,22.7
2025,2,30,boom,92.7,Josh Allen,QB,BUF,7100,24.7,11.8
2025,2,30,boom,92.7,Garrett Wilson,WR,NYJ,6500,15.8,9.0
2025,2,30,boom,92.7,Tony Pollard,RB,TEN,5900,15.5,9.2
2025,2,30,boom,92.7,Keon Coleman,WR,BUF,5100,12.4,5.6
2025,2,30,boom,92.7,Cooper Kupp,WR,SEA,5000,8.6,16.0
2025,2,30,boom,92.7,Joshua Palmer,WR,BUF,4400,9.6,6.7
2025,2,30,boom,92.7,Jonnu Smith,TE,PIT,3900,17.8,6.7
2025,2,30,boom,92.7,SF DST,DST,SF,3600,9.2,5.0
2025,2,31,lev,89.9,CeeDee Lamb,WR,DAL,7800,18.9,23.2
2025,2,31,lev,89.9,Christian McCaffrey,RB,SF,7500,19.2,22.7
2025,2,31,lev,89.9,Chase Brown,RB,CIN,6800,17.7,8.5
2025,2,31,lev,89.9,Kyler Murray,QB,ARI,6400,22.5,15.0
2025,2,31,lev,89.9,Marvin Harrison Jr.,WR,ARI,5800,15.2,4.7
2025,2,31,lev,89.9,Hunter Henry,TE,NE,4000,18.3,1.9
2025,2,31,lev,89.9,Xavier Legette,WR,CAR,3900,18.3,0.8
2025,2,31,lev,89.9,Michael Wilson,WR,ARI,3700,18.0,8.1
2025,2,31,lev,89.9,SF DST,DST,SF,3600,9.2,5.0
2025,2,32,boom,85.8,Saquon Barkley,RB,PHI,8000,18.3,17.4
2025,2,32,boom,85.8,Ladd McConkey,WR,LAC,6900,15.9,9.8
2025,2,32,boom,85.8,Josh Jacobs,RB,GB,6500,17.7,14.4
2025,2,32,boom,85.8,Kyler Murray,QB,ARI,6400,22.5,15.0
2025,2,32,boom,85.8,Trey McBride,TE,ARI,6000,15.6,13.8
2025,2,32,boom,85.8,Marvin Harrison Jr.,WR,ARI,5800,15.2,4.7
2025,2,32,boom,85.8,Xavier Legette,WR,CAR,3900,18.3,0.8
2025,2,32,boom,85.8,LAR DST,DST,LAR,3100,13.2,8.0
2025,2,32,boom,85.8,Noah Brown,WR,WAS,3100,13.0,1.9
2025,2,33,boom,81.4,CeeDee Lamb,WR,DAL,7800,18.9,23.2
2025,2,33,boom,81.4,James Conner,RB,ARI,6600,15.9,12.2
2025,2,33,boom,81.4,Garrett Wilson,WR,NYJ,6500,15.8,9.0
2025,2,33,boom,81.4,Trey McBride,TE,ARI,6000,15.6,13.8
2025,2,33,boom,81.4,Omarion Hampton,RB,LAC,5800,13.8,3.5
2025,2,33,boom,81.4,Justin Fields,QB,NYJ,5700,23.8,5.0
2025,2,33,boom,81.4,Joshua Palmer,WR,BUF,4400,9.6,6.7
2025,2,33,boom,81.4,Tyler Johnson,WR,NYJ,3200,15.1,0.0
2025,2,33,boom,81.4,LAR DST,DST,LAR,3100,13.2,8.0
2025,2,34,lev,80.8,Saquon Barkley,RB,PHI,8000,18.3,17.4
2025,2,34,lev,80.8,Justin Jefferson,WR,MIN,7700,18.6,11.1
2025,2,34,lev,80.8,Chase Brown,RB,CIN,6800,17.7,8.5
2025,2,34,lev,80.8,Kyler Murray,QB,ARI,6400,22.5,15.0
2025,2,34,lev,80.8,Trey McBride,TE,ARI,6000,15.6,13.8
2025,2,34,lev,80.8,Xavier Legette,WR,CAR,3900,18.3,0.8
2025,2,34,lev,80.8,Jalen Nailor,WR,MIN,3700,21.7,6.1
2025,2,34,lev,80.8,Michael Wilson,WR,ARI,3700,18.0,8.1
2025,2,34,lev,80.8,DEN DST,DST,DEN,3500,9.1,0.0
2025,2,35,boom,75.7,Derrick Henry,RB,BAL,8200,17.9,2.3
2025,2,35,boom,75.7,Christian McCaffrey,RB,SF,7500,19.2,22.7
2025,2,35,boom,75.7,Ladd McConkey,WR,LAC,6900,15.9,9.8
2025,2,35,boom,75.7,Garrett Wilson,WR,NYJ,6500,15.8,9.0
2025,2,35,boom,75.7,Justin Fields,QB,NYJ,5700,23.8,5.0
2025,2,35,boom,75.7,Keon Coleman,WR,BUF,5100,12.4,5.6
2025,2,35,boom,75.7,Jakobi Meyers,WR,LV,4900,15.5,12.8
2025,2,35,boom,75.7,IND DST,DST,IND,2600,8.1,1.0
2025,2,35,boom,75.7,Jeremy Ruckert,TE,NYJ,2500,10.1,7.5
2025,2,36,boom,73.6,Derrick Henry,RB,BAL,8200,17.9,2.3
2025,2,36,boom,73.6,Josh Allen,QB,BUF,7100,24.7,11.8
2025,2,36,boom,73.6,Chase Brown,RB,CIN,6800,17.7,8.5
2025,2,36,boom,73.6,Garrett Wilson,WR,NYJ,6500,15.8,9.0
2025,2,36,boom,73.6,DK Metcalf,WR,PIT,5900,14.9,11.0
2025,2,36,boom,73.6,Keon Coleman,WR,BUF,5100,12.4,5.6
2025,2,36,boom,73.6,Jonnu Smith,TE,PIT,3900,17.8,6.7
2025,2,36,boom,73.6,Elijah Moore,WR,BUF,3400,8.9,10.7
2025,2,36,boom,73.6,LAR DST,DST,LAR,3100,13.2,8.0
2025,2,37,lev,71.6,Derrick Henry,RB,BAL,8200,17.9,2.3
2025,2,37,lev,71.6,Justin Jefferson,WR,MIN,7700,18.6,11.1
2025,2,37,lev,71.6,Josh Jacobs,RB,GB,6500,17.7,14.4
2025,2,37,lev,71.6,Kyler Murray,QB,ARI,6400,22.5,15.0
2025,2,37,lev,71.6,Trey McBride,TE,ARI,6000,15.6,13.8
2025,2,37,lev,71.6,Xavier Legette,WR,CAR,3900,18.3,0.8
2025,2,37,lev,71.6,Jalen Nailor,WR,MIN,3700,21.7,6.1
2025,2,37,lev,71.6,Michael Wilson,WR,ARI,3700,18.0,8.1
2025,2,37,lev,71.6,DEN DST,DST,DEN,3500,9.1,0.0
2025,2,38,boom,67.0,Derrick Henry,RB,BAL,8200,17.9,2.3
2025,2,38,boom,67.0,Josh Allen,QB,BUF,7100,24.7,11.8
2025,2,38,boom,67.0,James Conner,RB,ARI,6600,15.9,12.2
2025,2,38,boom,67.0,Garrett Wilson,WR,NYJ,6500,15.8,9.0
2025,2,38,boom,67.0,Trey McBride,TE,ARI,6000,15.6,13.8
2025,2,38,boom,67.0,Khalil Shakir,WR,BUF,5500,11.4,2.2
2025,2,38,boom,67.0,Dalton Kincaid,TE,BUF,3700,14.1,7.7
2025,2,38,boom,67.0,Tyler Johnson,WR,NYJ,3200,15.1,0.0
2025,2,38,boom,67.0,LAR DST,DST,LAR,3100,13.2,8.0
2025,2,39,boom,65.3,Derrick Henry,RB,BAL,8200,17.9,2.3
2025,2,39,boom,65.3,Josh Allen,QB,BUF,7100,24.7,11.8
2025,2,39,boom,65.3,Garrett Wilson,WR,NYJ,6500,15.8,9.0
2025,2,39,boom,65.3,Marvin Harrison Jr.,WR,ARI,5800,15.2,4.7
2025,2,39,boom,65.3,D.J. Moore,WR,CHI,5600,13.0,9.6
2025,2,39,boom,65.3,Keon Coleman,WR,BUF,5100,12.4,5.6
2025,2,39,boom,65.3,Kenneth Gainwell,RB,PIT,4400,9.4,6.6
2025,2,39,boom,65.3,Dalton Kincaid,TE,BUF,3700,14.1,7.7
2025,2,39,boom,65.3,LAR DST,DST,LAR,3100,13.2,8.0
2025,2,40,game,64.9,Derrick Henry,RB,BAL,8200,17.9,2.3
2025,2,40,game,64.9,Saquon Barkley,RB,PHI,8000,18.3,17.4
2025,2,40,game,64.9,Josh Allen,QB,BUF,7100,24.7,11.8
2025,2,40,game,64.9,Garrett Wilson,WR,NYJ,6500,15.8,9.0
2025,2,40,game,64.9,Keon Coleman,WR,BUF,5100,12.4,5.6
2025,2,40,game,64.9,Jalen Nailor,WR,MIN,3700,21.7,6.1
2025,2,40,game,64.9,Dalton Kincaid,TE,BUF,3700,14.1,7.7
2025,2,40,game,64.9,SF DST,DST,SF,3600,9.2,5.0
2025,2,40,game,64.9,Tyler Johnson,WR,NYJ,3200,15.1,0.0
2025,3,1,boom,167.3,Jonathan Taylor,RB,IND,7200,19.5,35.8
2025,3,1,boom,167.3,Kyren Williams,RB,LA,6400,13.6,19.2
2025,3,1,boom,167.3,Davante Adams,WR,LA,6200,13.9,14.6
2025,3,1,boom,167.3,George Pickens,WR,DAL,5900,11.8,17.8
2025,3,1,boom,167.3,Caleb Williams,QB,CHI,5600,20.8,29.1
2025,3,1,boom,167.3,D.J. Moore,WR,CHI,5400,13.1,12.8
2025,3,1,boom,167.3,Rome Odunze,WR,CHI,5300,15.0,15.2
2025,3,1,boom,167.3,Tyler Warren,TE,IND,4400,11.5,6.8
2025,3,1,boom,167.3,SEA DST,DST,SEA,3600,10.6,16.0
2025,3,2,boom,164.4,Puka Nacua,WR,LA,7700,17.3,25.8
2025,3,2,boom,164.4,Jonathan Taylor,RB,IND,7200,19.5,35.8
2025,3,2,boom,164.4,Josh Jacobs,RB,GB,7000,17.1,12.4
2025,3,2,boom,164.4,George Pickens,WR,DAL,5900,11.8,17.8
2025,3,2,boom,164.4,Trey McBride,TE,ARI,5700,15.6,15.3
2025,3,2,boom,164.4,Caleb Williams,QB,CHI,5600,20.8,29.1
2025,3,2,boom,164.4,Rome Odunze,WR,CHI,5300,15.0,15.2
2025,3,2,boom,164.4,Cole Kmet,TE,CHI,3000,14.7,8.0
2025,3,2,boom,164.4,LAR DST,DST,LAR,2400,11.7,5.0
2025,3,3,lev,161.0,Christian McCaffrey,RB,SF,8200,22.4,24.0
2025,3,3,lev,161.0,Puka Nacua,WR,LA,7700,17.3,25.8
2025,3,3,lev,161.0,Jonathan Taylor,RB,IND,7200,19.5,35.8
2025,3,3,lev,161.0,Jalen Hurts,QB,PHI,6800,24.8,30.0
2025,3,3,lev,161.0,Zay Flowers,WR,BAL,6400,21.1,3.3
2025,3,3,lev,161.0,Tyquan Thornton,WR,KC,3900,18.8,18.1
2025,3,3,lev,161.0,Dallas Goedert,TE,PHI,3700,21.5,10.3
2025,3,3,lev,161.0,Jahan Dotson,WR,PHI,3300,13.7,1.7
2025,3,3,lev,161.0,JAX DST,DST,JAX,2800,8.4,12.0
2025,3,4,lev,149.6,Christian McCaffrey,RB,SF,8200,22.4,24.0
2025,3,4,lev,149.6,Jalen Hurts,QB,PHI,6800,24.8,30.0
2025,3,4,lev,149.6,Kyren Williams,RB,LA,6400,13.6,19.2
2025,3,4,lev,149.6,Zay Flowers,WR,BAL,6400,21.1,3.3
2025,3,4,lev,149.6,A.J. Brown,WR,PHI,6300,14.6,25.9
2025,3,4,lev,149.6,Troy Franklin,WR,DEN,4000,22.7,2.8
2025,3,4,lev,149.6,Tyquan Thornton,WR,KC,3900,18.8,18.1
2025,3,4,lev,149.6,Dallas Goedert,TE,PHI,3700,21.5,10.3
2025,3,4,lev,149.6,SEA DST,DST,SEA,3600,10.6,16.0
2025,3,5,boom,148.1,Puka Nacua,WR,LA,7700,17.3,25.8
2025,3,5,boom,148.1,Lamar Jackson,QB,BAL,7300,23.2,27.0
2025,3,5,boom,148.1,Zay Flowers,WR,BAL,6400,21.1,3.3
2025,3,5,boom,148.1,J.K. Dobbins,RB,DEN,5700,13.7,15.3
2025,3,5,boom,148.1,David Montgomery,RB,DET,5600,10.4,32.4
2025,3,5,boom,148.1,Rome Odunze,WR,CHI,5300,15.0,15.2
2025,3,5,boom,148.1,Rashod Bateman,WR,BAL,4500,10.5,17.3
2025,3,5,boom,148.1,Zach Ertz,TE,WAS,4200,9.4,6.8
2025,3,5,boom,148.1,LAR DST,DST,LAR,2400,11.7,5.0
2025,3,6,boom,147.4,Saquon Barkley,RB,PHI,7800,17.6,9.5
2025,3,6,boom,147.4,Jaxon Smith-Njigba,WR,SEA,6500,16.0,20.6
2025,3,6,boom,147.4,George Pickens,WR,DAL,5900,11.8,17.8
2025,3,6,boom,147.4,J.K. Dobbins,RB,DEN,5700,13.7,15.3
2025,3,6,boom,147.4,Caleb Williams,QB,CHI,5600,20.8,29.1
2025,3,6,boom,147.4,D.J. Moore,WR,CHI,5400,13.1,12.8
2025,3,6,boom,147.4,Rome Odunze,WR,CHI,5300,15.0,15.2
2025,3,6,boom,147.4,Juwan Johnson,TE,NO,3900,22.7,11.1
2025,3,6,boom,147.4,SEA DST,DST,SEA,3600,10.6,16.0
2025,3,7,boom,145.7,Christian McCaffrey,RB,SF,8200,22.4,24.0
2025,3,7,boom,145.7,Jonathan Taylor,RB,IND,7200,19.5,35.8
2025,3,7,boom,145.7,A.J. Brown,WR,PHI,6300,14.6,25.9
2025,3,7,boom,145.7,Tetairoa McMillan,WR,CAR,5900,14.5,7.8
2025,3,7,boom,145.7,Tony Pollard,RB,TEN,5700,13.9,13.9
2025,3,7,boom,145.7,Daniel Jones,QB,IND,5400,17.6,15.8
2025,3,7,boom,145.7,Tyler Warren,TE,IND,4400,11.5,6.8
2025,3,7,boom,145.7,Alec Pierce,WR,IND,4300,7.6,10.7
2025,3,7,boom,145.7,LAR DST,DST,LAR,2400,11.7,5.0
2025,3,8,lev,140.4,Christian McCaffrey,RB,SF,8200,22.4,24.0
2025,3,8,lev,140.4,Jonathan Taylor,RB,IND,7200,19.5,35.8
2025,3,8,lev,140.4,Malik Nabers,WR,NYG,7200,15.4,3.3
2025,3,8,lev,140.4,Patrick Mahomes,QB,KC,6500,24.5,13.2
2025,3,8,lev,140.4,Zay Flowers,WR,BAL,6400,21.1,3.3
2025,3,8,lev,140.4,Jake Ferguson,TE,DAL,4000,18.8,21.2
2025,3,8,lev,140.4,Tyquan Thornton,WR,KC,3900,18.8,18.1
2025,3,8,lev,140.4,JuJu Smith-Schuster,WR,KC,3800,15.3,9.5
2025,3,8,lev,140.4,JAX DST,DST,JAX,2800,8.4,12.0
2025,3,9,lev,138.5,Christian McCaffrey,RB,SF,8200,22.4,24.0
2025,3,9,lev,138.5,Jonathan Taylor,RB,IND,7200,19.5,35.8
2025,3,9,lev,138.5,Jalen Hurts,QB,PHI,6800,24.8,30.0
2025,3,9,lev,138.5,Zay Flowers,WR,BAL,6400,21.1,3.3
2025,3,9,lev,138.5,Davante Adams,WR,LA,6200,13.9,14.6
2025,3,9,lev,138.5,Troy Franklin,WR,DEN,4000,22.7,2.8
2025,3,9,lev,138.5,Dallas Goedert,TE,PHI,3700,21.5,10.3
2025,3,9,lev,138.5,SEA DST,DST,SEA,3600,10.6,16.0
2025,3,9,lev,138.5,Jahan Dotson,WR,PHI,3300,13.7,1.7
2025,3,10,lev,137.8,Bijan Robinson,RB,ATL,7900,19.8,16.1
2025,3,10,lev,137.8,Puka Nacua,WR,LA,7700,17.3,25.8
2025,3,10,lev,137.8,Jonathan Taylor,RB,IND,7200,19.5,35.8
2025,3,10,lev,137.8,Jalen Hurts,QB,PHI,6800,24.8,30.0
2025,3,10,lev,137.8,Zay Flowers,WR,BAL,6400,21.1,3.3
2025,3,10,lev,137.8,Troy Franklin,WR,DEN,4000,22.7,2.8
2025,3,10,lev,137.8,Dallas Goedert,TE,PHI,3700,21.5,10.3
2025,3,10,lev,137.8,Jahan Dotson,WR,PHI,3300,13.7,1.7
2025,3,10,lev,137.8,JAX DST,DST,JAX,2800,8.4,12.0
2025,3,11,lev,132.9,Bijan Robinson,RB,ATL,7900,19.8,16.1
2025,3,11,lev,132.9,Lamar Jackson,QB,BAL,7300,23.2,27.0
2025,3,11,lev,132.9,Jonathan Taylor,RB,IND,7200,19.5,35.8
2025,3,11,lev,132.9,Zay Flowers,WR,BAL,6400,21.1,3.3
2025,3,11,lev,132.9,Jameson Williams,WR,DET,5900,15.4,6.3
2025,3,11,lev,132.9,Jake Ferguson,TE,DAL,4000,18.8,21.2
2025,3,11,lev,132.9,Troy Franklin,WR,DEN,4000,22.7,2.8
2025,3,11,lev,132.9,SEA DST,DST,SEA,3600,10.6,16.0
2025,3,11,lev,132.9,Devontez Walker,WR,BAL,3200,11.9,4.4
2025,3,12,boom,132.5,Derrick Henry,RB,BAL,7500,18.5,11.7
2025,3,12,boom,132.5,Jonathan Taylor,RB,IND,7200,19.5,35.8
2025,3,12,boom,132.5,Justin Herbert,QB,LAC,6200,22.6,18.6
2025,3,12,boom,132.5,Drake London,WR,ATL,6000,14.8,10.5
2025,3,12,boom,132.5,Courtland Sutton,WR,DEN,6000,12.5,26.8
2025,3,12,boom,132.5,Breece Hall,RB,NYJ,6000,14.7,9.2
2025,3,12,boom,132.5,Quentin Johnston,WR,LAC,5400,11.9,14.9
2025,3,12,boom,132.5,Tyler Conklin,TE,LAC,2800,11.6,0.0
2025,3,12,boom,132.5,LAR DST,DST,LAR,2400,11.7,5.0
2025,3,13,boom,130.2,Saquon Barkley,RB,PHI,7800,17.6,9.5
2025,3,13,boom,130.2,Jalen Hurts,QB,PHI,6800,24.8,30.0
2025,3,13,boom,130.2,Brian Thomas Jr.,WR,JAX,6400,15.5,7.5
2025,3,13,boom,130.2,A.J. Brown,WR,PHI,6300,14.6,25.9
2025,3,13,boom,130.2,Davante Adams,WR,LA,6200,13.9,14.6
2025,3,13,boom,130.2,Tony Pollard,RB,TEN,5700,13.9,13.9
2025,3,13,boom,130.2,Keenan Allen,WR,LAC,4700,11.7,19.5
2025,3,13,boom,130.2,Dallas Goedert,TE,PHI,3700,21.5,10.3
2025,3,13,boom,130.2,CIN DST,DST,CIN,2400,7.5,-1.0
2025,3,14,boom,129.3,Jahmyr Gibbs,RB,DET,7600,16.6,26.9
2025,3,14,boom,129.3,Brian Thomas Jr.,WR,JAX,6400,15.5,7.5
2025,3,14,boom,129.3,Justin Herbert,QB,LAC,6200,22.6,18.6
2025,3,14,boom,129.3,Jameson Williams,WR,DET,5900,15.4,6.3
2025,3,14,boom,129.3,J.K. Dobbins,RB,DEN,5700,13.7,15.3
2025,3,14,boom,129.3,Trey McBride,TE,ARI,5700,15.6,15.3
2025,3,14,boom,129.3,Quentin Johnston,WR,LAC,5400,11.9,14.9
2025,3,14,boom,129.3,Keenan Allen,WR,LAC,4700,11.7,19.5
2025,3,14,boom,129.3,LAR DST,DST,LAR,2400,11.7,5.0
2025,3,15,lev,128.2,Christian McCaffrey,RB,SF,8200,22.4,24.0
2025,3,15,lev,128.2,Bijan Robinson,RB,ATL,7900,19.8,16.1
2025,3,15,lev,128.2,Jonathan Taylor,RB,IND,7200,19.5,35.8
2025,3,15,lev,128.2,Kyler Murray,QB,ARI,6100,19.9,14.1
2025,3,15,lev,128.2,Trey McBride,TE,ARI,5700,15.6,15.3
2025,3,15,lev,128.2,Troy Franklin,WR,DEN,4000,22.7,2.8
2025,3,15,lev,128.2,Hunter Renfrow,WR,CAR,3700,19.3,2.6
2025,3,15,lev,128.2,SEA DST,DST,SEA,3600,10.6,16.0
2025,3,15,lev,128.2,Michael Wilson,WR,ARI,3400,15.5,1.5
2025,3,16,lev,127.1,Christian McCaffrey,RB,SF,8200,22.4,24.0
2025,3,16,lev,127.1,Puka Nacua,WR,LA,7700,17.3,25.8
2025,3,16,lev,127.1,Jalen Hurts,QB,PHI,6800,24.8,30.0
2025,3,16,lev,127.1,Zay Flowers,WR,BAL,6400,21.1,3.3
2025,3,16,lev,127.1,Javonte Williams,RB,DAL,6100,15.9,13.2
2025,3,16,lev,127.1,Troy Franklin,WR,DEN,4000,22.7,2.8
2025,3,16,lev,127.1,Dallas Goedert,TE,PHI,3700,21.5,10.3
2025,3,16,lev,127.1,SEA DST,DST,SEA,3600,10.6,16.0
2025,3,16,lev,127.1,Jahan Dotson,WR,PHI,3300,13.7,1.7
2025,3,17,lev,126.1,Christian McCaffrey,RB,SF,8200,22.4,24.0
2025,3,17,lev,126.1,Jalen Hurts,QB,PHI,6800,24.8,30.0
2025,3,17,lev,126.1,Kyren Williams,RB,LA,6400,13.6,19.2
2025,3,17,lev,126.1,Zay Flowers,WR,BAL,6400,21.1,3.3
2025,3,17,lev,126.1,A.J. Brown,WR,PHI,6300,14.6,25.9
2025,3,17,lev,126.1,Troy Franklin,WR,DEN,4000,22.7,2.8
2025,3,17,lev,126.1,Dallas Goedert,TE,PHI,3700,21.5,10.3
2025,3,17,lev,126.1,GB DST,DST,GB,3700,9.9,8.0
2025,3,17,lev,126.1,Hunter Renfrow,WR,CAR,3700,19.3,2.6
2025,3,18,boom,124.1,Christian McCaffrey,RB,SF,8200,22.4,24.0
2025,3,18,boom,124.1,Bijan Robinson,RB,ATL,7900,19.8,16.1
2025,3,18,boom,124.1,Jalen Hurts,QB,PHI,6800,24.8,30.0
2025,3,18,boom,124.1,Brian Thomas Jr.,WR,JAX,6400,15.5,7.5
2025,3,18,boom,124.1,Tetairoa McMillan,WR,CAR,5900,14.5,7.8
2025,3,18,boom,124.1,DeVonta Smith,WR,PHI,5300,11.3,20.0
2025,3,18,boom,124.1,Dallas Goedert,TE,PHI,3700,21.5,10.3
2025,3,18,boom,124.1,Jordan Whittington,WR,LA,3000,10.8,3.4
2025,3,18,boom,124.1,LAR DST,DST,LAR,2400,11.7,5.0
2025,3,19,lev,122.5,Christian McCaffrey,RB,SF,8200,22.4,24.0
2025,3,19,lev,122.5,Bijan Robinson,RB,ATL,7900,19.8,16.1
2025,3,19,lev,122.5,Patrick Mahomes,QB,KC,6500,24.5,13.2
2025,3,19,lev,122.5,Zay Flowers,WR,BAL,6400,21.1,3.3
2025,3,19,lev,122.5,Trey McBride,TE,ARI,5700,15.6,15.3
2025,3,19,lev,122.5,Tyquan Thornton,WR,KC,3900,18.8,18.1
2025,3,19,lev,122.5,JuJu Smith-Schuster,WR,KC,3800,15.3,9.5
2025,3,19,lev,122.5,Darius Slayton,WR,NYG,3700,14.8,7.0
2025,3,19,lev,122.5,SEA DST,DST,SEA,3600,10.6,16.0
2025,3,20,game,122.5,Christian McCaffrey,RB,SF,8200,22.4,24.0
2025,3,20,game,122.5,Jonathan Taylor,RB,IND,7200,19.5,35.8
2025,3,20,game,122.5,Zay Flowers,WR,BAL,6400,21.1,3.3
2025,3,20,game,122.5,Kyler Murray,QB,ARI,6100,19.9,14.1
2025,3,20,game,122.5,Trey McBride,TE,ARI,5700,15.6,15.3
2025,3,20,game,122.5,Ricky Pearsall,WR,SF,5500,13.3,22.7
2025,3,20,game,122.5,Troy Franklin,WR,DEN,4000,22.7,2.8
2025,3,20,game,122.5,Michael Wilson,WR,ARI,3400,15.5,1.5
2025,3,20,game,122.5,ATL DST,DST,ATL,3200,9.2,3.0
2025,3,21,boom,118.6,Lamar Jackson,QB,BAL,7300,23.2,27.0
2025,3,21,boom,118.6,Zay Flowers,WR,BAL,6400,21.1,3.3
2025,3,21,boom,118.6,Alvin Kamara,RB,NO,6300,14.8,6.6
2025,3,21,boom,118.6,Jameson Williams,WR,DET,5900,15.4,6.3
2025,3,21,boom,118.6,J.K. Dobbins,RB,DEN,5700,13.7,15.3
2025,3,21,boom,118.6,D.J. Moore,WR,CHI,5400,13.1,12.8
2025,3,21,boom,118.6,Rome Odunze,WR,CHI,5300,15.0,15.2
2025,3,21,boom,118.6,Mark Andrews,TE,BAL,4300,8.9,27.1
2025,3,21,boom,118.6,LAR DST,DST,LAR,2400,11.7,5.0
2025,3,22,boom,117.0,Bijan Robinson,RB,ATL,7900,19.8,16.1
2025,3,22,boom,117.0,Javonte Williams,RB,DAL,6100,15.9,13.2
2025,3,22,boom,117.0,Breece Hall,RB,NYJ,6000,14.7,9.2
2025,3,22,boom,117.0,Drake London,WR,ATL,6000,14.8,10.5
2025,3,22,boom,117.0,Caleb Williams,QB,CHI,5600,20.8,29.1
2025,3,22,boom,117.0,D.J. Moore,WR,CHI,5400,13.1,12.8
2025,3,22,boom,117.0,Rome Odunze,WR,CHI,5300,15.0,15.2
2025,3,22,boom,117.0,Tucker Kraft,TE,GB,4700,11.3,5.9
2025,3,22,boom,117.0,LAR DST,DST,LAR,2400,11.7,5.0
2025,3,23,game,115.8,Christian McCaffrey,RB,SF,8200,22.4,24.0
2025,3,23,game,115.8,De'Von Achane,RB,MIA,6800,18.0,16.1
2025,3,23,game,115.8,Zay Flowers,WR,BAL,6400,21.1,3.3
2025,3,23,game,115.8,Kyler Murray,QB,ARI,6100,19.9,14.1
2025,3,23,game,115.8,Trey McBride,TE,ARI,5700,15.6,15.3
2025,3,23,game,115.8,Ricky Pearsall,WR,SF,5500,13.3,22.7
2025,3,23,game,115.8,Troy Franklin,WR,DEN,4000,22.7,2.8
2025,3,23,game,115.8,SEA DST,DST,SEA,3600,10.6,16.0
2025,3,23,game,115.8,Michael Wilson,WR,ARI,3400,15.5,1.5
2025,3,24,boom,115.4,Christian McCaffrey,RB,SF,8200,22.4,24.0
2025,3,24,boom,115.4,Bijan Robinson,RB,ATL,7900,19.8,16.1
2025,3,24,boom,115.4,Nico Collins,WR,HOU,7300,15.0,26.4
2025,3,24,boom,115.4,Kyler Murray,QB,ARI,6100,19.9,14.1
2025,3,24,boom,115.4,Trey McBride,TE,ARI,5700,15.6,15.3
2025,3,24,boom,115.4,Jerry Jeudy,WR,CLE,5200,11.0,2.7
2025,3,24,boom,115.4,Dallas Goedert,TE,PHI,3700,21.5,10.3
2025,3,24,boom,115.4,Michael Wilson,WR,ARI,3400,15.5,1.5
2025,3,24,boom,115.4,LAR DST,DST,LAR,2400,11.7,5.0
2025,3,25,boom,113.5,Ja'Marr Chase,WR,CIN,8100,16.0,9.9
2025,3,25,boom,113.5,Jonathan Taylor,RB,IND,7200,19.5,35.8
2025,3,25,boom,113.5,Mike Evans,WR,TB,6600,16.6,13.3
2025,3,25,boom,113.5,Patrick Mahomes,QB,KC,6500,24.5,13.2
2025,3,25,boom,113.5,Chuba Hubbard,RB,CAR,6200,14.2,9.6
2025,3,25,boom,113.5,Travis Kelce,TE,KC,5000,11.9,6.6
2025,3,25,boom,113.5,Tyquan Thornton,WR,KC,3900,18.8,18.1
2025,3,25,boom,113.5,Theo Johnson,TE,NYG,3200,12.2,2.0
2025,3,25,boom,113.5,LAR DST,DST,LAR,2400,11.7,5.0
2025,3,26,lev,113.3,Christian McCaffrey,RB,SF,8200,22.4,24.0
2025,3,26,lev,113.3,Puka Nacua,WR,LA,7700,17.3,25.8
2025,3,26,lev,113.3,Josh Jacobs,RB,GB,7000,17.1,12.4
2025,3,26,lev,113.3,Jalen Hurts,QB,PHI,6800,24.8,30.0
2025,3,26,lev,113.3,Zay Flowers,WR,BAL,6400,21.1,3.3
2025,3,26,lev,113.3,Troy Franklin,WR,DEN,4000,22.7,2.8
2025,3,26,lev,113.3,Dallas Goedert,TE,PHI,3700,21.5,10.3
2025,3,26,lev,113.3,Jahan Dotson,WR,PHI,3300,13.7,1.7
2025,3,26,lev,113.3,LAC DST,DST,LAC,2900,8.0,3.0
2025,3,27,boom,113.3,Baker Mayfield,QB,TB,6600,20.2,17.7
2025,3,27,boom,113.3,Mike Evans,WR,TB,6600,16.6,13.3
2025,3,27,boom,113.3,Emeka Egbuka,WR,TB,6300,12.3,14.5
2025,3,27,boom,113.3,Garrett Wilson,WR,NYJ,6200,13.9,24.4
2025,3,27,boom,113.3,Breece Hall,RB,NYJ,6000,14.7,9.2
2025,3,27,boom,113.3,Tony Pollard,RB,TEN,5700,13.9,13.9
2025,3,27,boom,113.3,Trey McBride,TE,ARI,5700,15.6,15.3
2025,3,27,boom,113.3,Adam Thielen,WR,MIN,4300,6.7,0.0
2025,3,27,boom,113.3,LAR DST,DST,LAR,2400,11.7,5.0
2025,3,28,boom,113.2,Josh Jacobs,RB,GB,7000,17.1,12.4
2025,3,28,boom,113.2,Mike Evans,WR,TB,6600,16.6,13.3
2025,3,28,boom,113.2,Javonte Williams,RB,DAL,6100,15.9,13.2
2025,3,28,boom,113.2,Jameson Williams,WR,DET,5900,15.4,6.3
2025,3,28,boom,113.2,Caleb Williams,QB,CHI,5600,20.8,29.1
2025,3,28,boom,113.2,D.J. Moore,WR,CHI,5400,13.1,12.8
2025,3,28,boom,113.2,Rome Odunze,WR,CHI,5300,15.0,15.2
2025,3,28,boom,113.2,Tucker Kraft,TE,GB,4700,11.3,5.9
2025,3,28,boom,113.2,LAR DST,DST,LAR,2400,11.7,5.0
2025,3,29,game,107.1,Christian McCaffrey,RB,SF,8200,22.4,24.0
2025,3,29,game,107.1,Bijan Robinson,RB,ATL,7900,19.8,16.1
2025,3,29,game,107.1,Malik Nabers,WR,NYG,7200,15.4,3.3
2025,3,29,game,107.1,Patrick Mahomes,QB,KC,6500,24.5,13.2
2025,3,29,game,107.1,Travis Kelce,TE,KC,5000,11.9,6.6
2025,3,29,game,107.1,Troy Franklin,WR,DEN,4000,22.7,2.8
2025,3,29,game,107.1,Tyquan Thornton,WR,KC,3900,18.8,18.1
2025,3,29,game,107.1,Darius Slayton,WR,NYG,3700,14.8,7.0
2025,3,29,game,107.1,SEA DST,DST,SEA,3600,10.6,16.0
2025,3,30,game,106.6,Christian McCaffrey,RB,SF,8200,22.4,24.0
2025,3,30,game,106.6,Derrick Henry,RB,BAL,7500,18.5,11.7
2025,3,30,game,106.6,Lamar Jackson,QB,BAL,7300,23.2,27.0
2025,3,30,game,106.6,Zay Flowers,WR,BAL,6400,21.1,3.3
2025,3,30,game,106.6,Jameson Williams,WR,DET,5900,15.4,6.3
2025,3,30,game,106.6,Troy Franklin,WR,DEN,4000,22.7,2.8
2025,3,30,game,106.6,Juwan Johnson,TE,NO,3900,22.7,11.1
2025,3,30,game,106.6,SEA DST,DST,SEA,3600,10.6,16.0
2025,3,30,game,106.6,Devontez Walker,WR,BAL,3200,11.9,4.4
2025,3,31,boom,103.9,Christian McCaffrey,RB,SF,8200,22.4,24.0
2025,3,31,boom,103.9,Bijan Robinson,RB,ATL,7900,19.8,16.1
2025,3,31,boom,103.9,Mike Evans,WR,TB,6600,16.6,13.3
2025,3,31,boom,103.9,Baker Mayfield,QB,TB,6600,20.2,17.7
2025,3,31,boom,103.9,Emeka Egbuka,WR,TB,6300,12.3,14.5
2025,3,31,boom,103.9,Tetairoa McMillan,WR,CAR,5900,14.5,7.8
2025,3,31,boom,103.9,AJ Barner,TE,SEA,3000,14.8,3.3
2025,3,31,boom,103.9,Arian Smith,WR,NYJ,3000,11.6,2.2
2025,3,31,boom,103.9,LAR DST,DST,LAR,2400,11.7,5.0
2025,3,32,boom,103.3,Josh Jacobs,RB,GB,7000,17.1,12.4
2025,3,32,boom,103.3,Ladd McConkey,WR,LAC,6800,13.9,8.1
2025,3,32,boom,103.3,Zay Flowers,WR,BAL,6400,21.1,3.3
2025,3,32,boom,103.3,Justin Herbert,QB,LAC,6200,22.6,18.6
2025,3,32,boom,103.3,Davante Adams,WR,LA,6200,13.9,14.6
2025,3,32,boom,103.3,J.K. Dobbins,RB,DEN,5700,13.7,15.3
2025,3,32,boom,103.3,Quentin Johnston,WR,LAC,5400,11.9,14.9
2025,3,32,boom,103.3,Juwan Johnson,TE,NO,3900,22.7,11.1
2025,3,32,boom,103.3,LAR DST,DST,LAR,2400,11.7,5.0
2025,3,33,boom,102.6,Bucky Irving,RB,TB,7100,16.4,13.9
2025,3,33,boom,102.6,Mike Evans,WR,TB,6600,16.6,13.3
2025,3,33,boom,102.6,Baker Mayfield,QB,TB,6600,20.2,17.7
2025,3,33,boom,102.6,Emeka Egbuka,WR,TB,6300,12.3,14.5
2025,3,33,boom,102.6,Breece Hall,RB,NYJ,6000,14.7,9.2
2025,3,33,boom,102.6,D.J. Moore,WR,CHI,5400,13.1,12.8
2025,3,33,boom,102.6,Cooper Kupp,WR,SEA,5000,10.7,5.1
2025,3,33,boom,102.6,Juwan Johnson,TE,NO,3900,22.7,11.1
2025,3,33,boom,102.6,LAR DST,DST,LAR,2400,11.7,5.0
2025,3,34,boom,102.6,Christian McCaffrey,RB,SF,8200,22.4,24.0
2025,3,34,boom,102.6,Jaxon Smith-Njigba,WR,SEA,6500,16.0,20.6
2025,3,34,boom,102.6,Brian Thomas Jr.,WR,JAX,6400,15.5,7.5
2025,3,34,boom,102.6,Tee Higgins,WR,CIN,6100,11.5,2.5
2025,3,34,boom,102.6,Kyler Murray,QB,ARI,6100,19.9,14.1
2025,3,34,boom,102.6,Trey McBride,TE,ARI,5700,15.6,15.3
2025,3,34,boom,102.6,D'Andre Swift,RB,CHI,5600,12.9,10.8
2025,3,34,boom,102.6,Tip Reiman,TE,ARI,2500,8.2,2.8
2025,3,34,boom,102.6,LAR DST,DST,LAR,2400,11.7,5.0
2025,3,35,lev,102.4,Christian McCaffrey,RB,SF,8200,22.4,24.0
2025,3,35,lev,102.4,Josh Allen,QB,BUF,7400,23.2,23.0
2025,3,35,lev,102.4,De'Von Achane,RB,MIA,6800,18.0,16.1
2025,3,35,lev,102.4,Zay Flowers,WR,BAL,6400,21.1,3.3
2025,3,35,lev,102.4,Keon Coleman,WR,BUF,5300,10.3,5.0
2025,3,35,lev,102.4,Dalton Kincaid,TE,BUF,4000,16.6,17.6
2025,3,35,lev,102.4,Troy Franklin,WR,DEN,4000,22.7,2.8
2025,3,35,lev,102.4,GB DST,DST,GB,3700,9.9,8.0
2025,3,35,lev,102.4,Hunter Renfrow,WR,CAR,3700,19.3,2.6
2025,3,36,lev,101.4,Christian McCaffrey,RB,SF,8200,22.4,24.0
2025,3,36,lev,101.4,Mike Evans,WR,TB,6600,16.6,13.3
2025,3,36,lev,101.4,Baker Mayfield,QB,TB,6600,20.2,17.7
2025,3,36,lev,101.4,Zay Flowers,WR,BAL,6400,21.1,3.3
2025,3,36,lev,101.4,Breece Hall,RB,NYJ,6000,14.7,9.2
2025,3,36,lev,101.4,Troy Franklin,WR,DEN,4000,22.7,2.8
2025,3,36,lev,101.4,Juwan Johnson,TE,NO,3900,22.7,11.1
2025,3,36,lev,101.4,GB DST,DST,GB,3700,9.9,8.0
2025,3,36,lev,101.4,Sterling Shepard,WR,TB,3600,17.9,12.0
2025,3,37,boom,97.2,Malik Nabers,WR,NYG,7200,15.4,3.3
2025,3,37,boom,97.2,Patrick Mahomes,QB,KC,6500,24.5,13.2
2025,3,37,boom,97.2,Zay Flowers,WR,BAL,6400,21.1,3.3
2025,3,37,boom,97.2,Kyren Williams,RB,LA,6400,13.6,19.2
2025,3,37,boom,97.2,Javonte Williams,RB,DAL,6100,15.9,13.2
2025,3,37,boom,97.2,J.K. Dobbins,RB,DEN,5700,13.7,15.3
2025,3,37,boom,97.2,Travis Kelce,TE,KC,5000,11.9,6.6
2025,3,37,boom,97.2,Tyquan Thornton,WR,KC,3900,18.8,18.1
2025,3,37,boom,97.2,LAR DST,DST,LAR,2400,11.7,5.0
2025,3,38,boom,96.7,Jonathan Taylor,RB,IND,7200,19.5,35.8
2025,3,38,boom,96.7,Josh Jacobs,RB,GB,7000,17.1,12.4
2025,3,38,boom,96.7,Zay Flowers,WR,BAL,6400,21.1,3.3
2025,3,38,boom,96.7,Chuba Hubbard,RB,CAR,6200,14.2,9.6
2025,3,38,boom,96.7,Drake London,WR,ATL,6000,14.8,10.5
2025,3,38,boom,96.7,Michael Penix Jr.,QB,ATL,5600,17.8,5.8
2025,3,38,boom,96.7,Tucker Kraft,TE,GB,4700,11.3,5.9
2025,3,38,boom,96.7,Darnell Mooney,WR,ATL,4500,10.3,8.4
2025,3,38,boom,96.7,LAR DST,DST,LAR,2400,11.7,5.0
2025,3,39,boom,92.9,Josh Jacobs,RB,GB,7000,17.1,12.4
2025,3,39,boom,92.9,Ladd McConkey,WR,LAC,6800,13.9,8.1
2025,3,39,boom,92.9,Mike Evans,WR,TB,6600,16.6,13.3
2025,3,39,boom,92.9,Zay Flowers,WR,BAL,6400,21.1,3.3
2025,3,39,boom,92.9,Justin Herbert,QB,LAC,6200,22.6,18.6
2025,3,39,boom,92.9,J.K. Dobbins,RB,DEN,5700,13.7,15.3
2025,3,39,boom,92.9,Tucker Kraft,TE,GB,4700,11.3,5.9
2025,3,39,boom,92.9,SEA DST,DST,SEA,3600,10.6,16.0
2025,3,39,boom,92.9,Tre Harris,WR,LAC,3000,10.2,0.0
2025,3,40,boom,84.6,Derrick Henry,RB,BAL,7500,18.5,11.7
2025,3,40,boom,84.6,Mike Evans,WR,TB,6600,16.6,13.3
2025,3,40,boom,84.6,Baker Mayfield,QB,TB,6600,20.2,17.7
2025,3,40,boom,84.6,Zay Flowers,WR,BAL,6400,21.1,3.3
2025,3,40,boom,84.6,Emeka Egbuka,WR,TB,6300,12.3,14.5
2025,3,40,boom,84.6,Breece Hall,RB,NYJ,6000,14.7,9.2
2025,3,40,boom,84.6,Sam LaPorta,TE,DET,4500,11.6,7.3
2025,3,40,boom,84.6,Hunter Renfrow,WR,CAR,3700,19.3,2.6
2025,3,40,boom,84.6,LAR DST,DST,LAR,2400,11.7,5.0
2025,4,1,boom,175.1,Bijan Robinson,RB,ATL,8200,19.5,31.1
2025,4,1,boom,175.1,Justin Jefferson,WR,MIN,7500,16.4,25.6
2025,4,1,boom,175.1,George Pickens,WR,DAL,6300,13.9,36.4
2025,4,1,boom,175.1,Javonte Williams,RB,DAL,5900,14.3,19.0
2025,4,1,boom,175.1,Dak Prescott,QB,DAL,5700,16.9,34.0
2025,4,1,boom,175.1,Calvin Ridley,WR,TEN,4900,10.9,5.0
2025,4,1,boom,175.1,Tucker Kraft,TE,GB,4700,11.5,10.6
2025,4,1,boom,175.1,KaVontae Turpin,WR,DAL,3800,14.5,6.4
2025,4,1,boom,175.1,LAR DST,DST,LAR,2900,10.2,7.0
2025,4,2,boom,172.8,Bijan Robinson,RB,ATL,8200,19.5,31.1
2025,4,2,boom,172.8,Derrick Henry,RB,BAL,7200,16.0,7.8
2025,4,2,boom,172.8,Josh Jacobs,RB,GB,6800,16.1,31.7
2025,4,2,boom,172.8,George Pickens,WR,DAL,6300,13.9,36.4
2025,4,2,boom,172.8,Dak Prescott,QB,DAL,5700,16.9,34.0
2025,4,2,boom,172.8,Jerry Jeudy,WR,CLE,4900,10.0,7.8
2025,4,2,boom,172.8,Jake Ferguson,TE,DAL,4300,12.7,17.0
2025,4,2,boom,172.8,Josh Reynolds,WR,NYJ,3500,22.8,0.0
2025,4,2,boom,172.8,LAR DST,DST,LAR,2900,10.2,7.0
2025,4,3,boom,170.6,Bijan Robinson,RB,ATL,8200,19.5,31.1
2025,4,3,boom,170.6,Justin Jefferson,WR,MIN,7500,16.4,25.6
2025,4,3,boom,170.6,Derrick Henry,RB,BAL,7200,16.0,7.8
2025,4,3,boom,170.6,Jordan Love,QB,GB,6200,19.6,30.3
2025,4,3,boom,170.6,Quentin Johnston,WR,LAC,5500,13.6,23.8
2025,4,3,boom,170.6,Tucker Kraft,TE,GB,4700,11.5,10.6
2025,4,3,boom,170.6,Romeo Doubs,WR,GB,4500,10.1,29.8
2025,4,3,boom,170.6,Ryan Flournoy,WR,DAL,3000,12.3,4.6
2025,4,3,boom,170.6,LAR DST,DST,LAR,2900,10.2,7.0
2025,4,4,game,163.1,Christian McCaffrey,RB,SF,8500,22.1,26.1
2025,4,4,game,163.1,Bijan Robinson,RB,ATL,8200,19.5,31.1
2025,4,4,game,163.1,Josh Jacobs,RB,GB,6800,16.1,31.7
2025,4,4,game,163.1,Jordan Love,QB,GB,6200,19.6,30.3
2025,4,4,game,163.1,Tucker Kraft,TE,GB,4700,11.5,10.6
2025,4,4,game,163.1,Dontayvion Wicks,WR,GB,4000,18.0,3.9
2025,4,4,game,163.1,Sterling Shepard,WR,TB,4000,21.9,4.0
2025,4,4,game,163.1,KaVontae Turpin,WR,DAL,3800,14.5,6.4
2025,4,4,game,163.1,DET DST,DST,DET,3500,9.4,19.0
2025,4,5,boom,163.0,Malik Nabers,WR,NYG,7000,15.1,4.0
2025,4,5,boom,163.0,Jordan Mason,RB,MIN,6400,15.4,10.2
2025,4,5,boom,163.0,George Pickens,WR,DAL,6300,13.9,36.4
2025,4,5,boom,163.0,Jordan Love,QB,GB,6200,19.6,30.3
2025,4,5,boom,163.0,Garrett Wilson,WR,NYJ,6200,15.6,20.2
2025,4,5,boom,163.0,J.K. Dobbins,RB,DEN,5800,15.3,14.5
2025,4,5,boom,163.0,Tucker Kraft,TE,GB,4700,11.5,10.6
2025,4,5,boom,163.0,Romeo Doubs,WR,GB,4500,10.1,29.8
2025,4,5,boom,163.0,LAR DST,DST,LAR,2900,10.2,7.0
2025,4,6,lev,161.4,Puka Nacua,WR,LA,7900,19.9,39.0
2025,4,6,lev,161.4,Jahmyr Gibbs,RB,DET,7700,19.3,17.7
2025,4,6,lev,161.4,Jonathan Taylor,RB,IND,7500,18.6,14.6
2025,4,6,lev,161.4,Davante Adams,WR,LA,6200,15.1,15.6
2025,4,6,lev,161.4,Matthew Stafford,QB,LA,5900,17.9,30.4
2025,4,6,lev,161.4,Sterling Shepard,WR,TB,4000,21.9,4.0
2025,4,6,lev,161.4,Dallas Goedert,TE,PHI,3900,19.1,19.7
2025,4,6,lev,161.4,Elic Ayomanor,WR,TEN,3900,21.2,6.4
2025,4,6,lev,161.4,PHI DST,DST,PHI,3000,8.3,14.0
2025,4,7,lev,154.8,Christian McCaffrey,RB,SF,8500,22.1,26.1
2025,4,7,lev,154.8,Puka Nacua,WR,LA,7900,19.9,39.0
2025,4,7,lev,154.8,De'Von Achane,RB,MIA,7000,19.2,17.1
2025,4,7,lev,154.8,Garrett Wilson,WR,NYJ,6200,15.6,20.2
2025,4,7,lev,154.8,Justin Fields,QB,NYJ,5300,16.6,28.1
2025,4,7,lev,154.8,Hunter Henry,TE,NE,4000,19.0,11.9
2025,4,7,lev,154.8,Elic Ayomanor,WR,TEN,3900,21.2,6.4
2025,4,7,lev,154.8,BUF DST,DST,BUF,3700,9.5,6.0
2025,4,7,lev,154.8,Josh Reynolds,WR,NYJ,3500,22.8,0.0
2025,4,8,lev,154.7,Puka Nacua,WR,LA,7900,19.9,39.0
2025,4,8,lev,154.7,Jonathan Taylor,RB,IND,7500,18.6,14.6
2025,4,8,lev,154.7,De'Von Achane,RB,MIA,7000,19.2,17.1
2025,4,8,lev,154.7,Davante Adams,WR,LA,6200,15.1,15.6
2025,4,8,lev,154.7,Matthew Stafford,QB,LA,5900,17.9,30.4
2025,4,8,lev,154.7,Hunter Henry,TE,NE,4000,19.0,11.9
2025,4,8,lev,154.7,Sterling Shepard,WR,TB,4000,21.9,4.0
2025,4,8,lev,154.7,Tyquan Thornton,WR,KC,4000,19.0,8.1
2025,4,8,lev,154.7,HOU DST,DST,HOU,3400,9.9,14.0
2025,4,9,game,152.5,Christian McCaffrey,RB,SF,8500,22.1,26.1
2025,4,9,game,152.5,Puka Nacua,WR,LA,7900,19.9,39.0
2025,4,9,game,152.5,Jahmyr Gibbs,RB,DET,7700,19.3,17.7
2025,4,9,game,152.5,Tetairoa McMillan,WR,CAR,5900,13.6,10.2
2025,4,9,game,152.5,Drake Maye,QB,NE,5500,19.4,23.2
2025,4,9,game,152.5,Hunter Henry,TE,NE,4000,19.0,11.9
2025,4,9,game,152.5,Hunter Renfrow,WR,CAR,3800,16.5,3.0
2025,4,9,game,152.5,HOU DST,DST,HOU,3400,9.9,14.0
2025,4,9,game,152.5,Mack Hollins,WR,NE,3300,12.0,7.4
2025,4,10,boom,145.0,Puka Nacua,WR,LA,7900,19.9,39.0
2025,4,10,boom,145.0,Derrick Henry,RB,BAL,7200,16.0,7.8
2025,4,10,boom,145.0,Ladd McConkey,WR,LAC,6500,14.3,2.1
2025,4,10,boom,145.0,Jordan Love,QB,GB,6200,19.6,30.3
2025,4,10,boom,145.0,Javonte Williams,RB,DAL,5900,14.3,19.0
2025,4,10,boom,145.0,Romeo Doubs,WR,GB,4500,10.1,29.8
2025,4,10,boom,145.0,Zach Ertz,TE,WAS,4100,10.3,6.1
2025,4,10,boom,145.0,Dontayvion Wicks,WR,GB,4000,18.0,3.9
2025,4,10,boom,145.0,LAR DST,DST,LAR,2900,10.2,7.0
2025,4,11,lev,144.6,Puka Nacua,WR,LA,7900,19.9,39.0
2025,4,11,lev,144.6,Jahmyr Gibbs,RB,DET,7700,19.3,17.7
2025,4,11,lev,144.6,Jonathan Taylor,RB,IND,7500,18.6,14.6
2025,4,11,lev,144.6,Davante Adams,WR,LA,6200,15.1,15.6
2025,4,11,lev,144.6,Matthew Stafford,QB,LA,5900,17.9,30.4
2025,4,11,lev,144.6,Hunter Henry,TE,NE,4000,19.0,11.9
2025,4,11,lev,144.6,Sterling Shepard,WR,TB,4000,21.9,4.0
2025,4,11,lev,144.6,Elic Ayomanor,WR,TEN,3900,21.2,6.4
2025,4,11,lev,144.6,ARI DST,DST,ARI,2900,7.7,5.0
2025,4,12,boom,144.3,Tyreek Hill,WR,MIA,6500,14.5,12.7
2025,4,12,boom,144.3,Rome Odunze,WR,CHI,6300,14.9,16.9
2025,4,12,boom,144.3,Ashton Jeanty,RB,LV,6200,15.0,37.5
2025,4,12,boom,144.3,Caleb Williams,QB,CHI,5800,18.4,12.8
2025,4,12,boom,144.3,D.J. Moore,WR,CHI,5600,12.1,7.8
2025,4,12,boom,144.3,Quentin Johnston,WR,LAC,5500,13.6,23.8
2025,4,12,boom,144.3,D'Andre Swift,RB,CHI,5400,13.1,16.0
2025,4,12,boom,144.3,Travis Kelce,TE,KC,4800,10.6,9.8
2025,4,12,boom,144.3,LAR DST,DST,LAR,2900,10.2,7.0
2025,4,13,boom,144.1,Puka Nacua,WR,LA,7900,19.9,39.0
2025,4,13,boom,144.1,Jonathan Taylor,RB,IND,7500,18.6,14.6
2025,4,13,boom,144.1,Davante Adams,WR,LA,6200,15.1,15.6
2025,4,13,boom,144.1,Matthew Stafford,QB,LA,5900,17.9,30.4
2025,4,13,boom,144.1,D'Andre Swift,RB,CHI,5400,13.1,16.0
2025,4,13,boom,144.1,Wan'Dale Robinson,WR,NYG,5000,10.9,4.4
2025,4,13,boom,144.1,Tucker Kraft,TE,GB,4700,11.5,10.6
2025,4,13,boom,144.1,Troy Franklin,WR,DEN,4100,12.6,9.5
2025,4,13,boom,144.1,MIN DST,DST,MIN,3300,9.4,4.0
2025,4,14,game,143.2,Christian McCaffrey,RB,SF,8500,22.1,26.1
2025,4,14,game,143.2,Puka Nacua,WR,LA,7900,19.9,39.0
2025,4,14,game,143.2,Jonathan Taylor,RB,IND,7500,18.6,14.6
2025,4,14,game,143.2,Brock Purdy,QB,SF,6100,20.2,23.7
2025,4,14,game,143.2,Ricky Pearsall,WR,SF,5700,13.3,8.6
2025,4,14,game,143.2,Sterling Shepard,WR,TB,4000,21.9,4.0
2025,4,14,game,143.2,Kendrick Bourne,WR,SF,3700,16.6,2.7
2025,4,14,game,143.2,HOU DST,DST,HOU,3400,9.9,14.0
2025,4,14,game,143.2,Brenton Strange,TE,JAX,3200,16.3,10.5
2025,4,15,game,142.3,Christian McCaffrey,RB,SF,8500,22.1,26.1
2025,4,15,game,142.3,Puka Nacua,WR,LA,7900,19.9,39.0
2025,4,15,game,142.3,Jahmyr Gibbs,RB,DET,7700,19.3,17.7
2025,4,15,game,142.3,Brock Purdy,QB,SF,6100,20.2,23.7
2025,4,15,game,142.3,Ricky Pearsall,WR,SF,5700,13.3,8.6
2025,4,15,game,142.3,Sterling Shepard,WR,TB,4000,21.9,4.0
2025,4,15,game,142.3,Kendrick Bourne,WR,SF,3700,16.6,2.7
2025,4,15,game,142.3,DEN DST,DST,DEN,3200,9.1,10.0
2025,4,15,game,142.3,Brenton Strange,TE,JAX,3200,16.3,10.5
2025,4,16,lev,141.2,Christian McCaffrey,RB,SF,8500,22.1,26.1
2025,4,16,lev,141.2,Puka Nacua,WR,LA,7900,19.9,39.0
2025,4,16,lev,141.2,De'Von Achane,RB,MIA,7000,19.2,17.1
2025,4,16,lev,141.2,Jalen Hurts,QB,PHI,6700,22.8,19.4
2025,4,16,lev,141.2,DeVonta Smith,WR,PHI,5400,11.4,4.9
2025,4,16,lev,141.2,Sterling Shepard,WR,TB,4000,21.9,4.0
2025,4,16,lev,141.2,Dallas Goedert,TE,PHI,3900,19.1,19.7
2025,4,16,lev,141.2,Josh Reynolds,WR,NYJ,3500,22.8,0.0
2025,4,16,lev,141.2,NE DST,DST,NE,3100,9.1,11.0
2025,4,17,boom,139.1,Bijan Robinson,RB,ATL,8200,19.5,31.1
2025,4,17,boom,139.1,Jalen Hurts,QB,PHI,6700,22.8,19.4
2025,4,17,boom,139.1,A.J. Brown,WR,PHI,6400,13.7,2.7
2025,4,17,boom,139.1,Rome Odunze,WR,CHI,6300,14.9,16.9
2025,4,17,boom,139.1,Omarion Hampton,RB,LAC,5900,15.0,30.5
2025,4,17,boom,139.1,D.J. Moore,WR,CHI,5600,12.1,7.8
2025,4,17,boom,139.1,Sterling Shepard,WR,TB,4000,21.9,4.0
2025,4,17,boom,139.1,Dallas Goedert,TE,PHI,3900,19.1,19.7
2025,4,17,boom,139.1,LAR DST,DST,LAR,2900,10.2,7.0
2025,4,18,game,138.8,Christian McCaffrey,RB,SF,8500,22.1,26.1
2025,4,18,game,138.8,Bijan Robinson,RB,ATL,8200,19.5,31.1
2025,4,18,game,138.8,Puka Nacua,WR,LA,7900,19.9,39.0
2025,4,18,game,138.8,Tetairoa McMillan,WR,CAR,5900,13.6,10.2
2025,4,18,game,138.8,Bryce Young,QB,CAR,4900,15.0,10.3
2025,4,18,game,138.8,Hunter Henry,TE,NE,4000,19.0,11.9
2025,4,18,game,138.8,Hunter Renfrow,WR,CAR,3800,16.5,3.0
2025,4,18,game,138.8,BUF DST,DST,BUF,3700,9.5,6.0
2025,4,18,game,138.8,David Moore,WR,CAR,3000,14.8,1.2
2025,4,19,boom,138.6,Ja'Marr Chase,WR,CIN,8000,14.9,7.3
2025,4,19,boom,138.6,Malik Nabers,WR,NYG,7000,15.1,4.0
2025,4,19,boom,138.6,Courtland Sutton,WR,DEN,6100,15.2,19.1
2025,4,19,boom,138.6,Omarion Hampton,RB,LAC,5900,15.0,30.5
2025,4,19,boom,138.6,J.K. Dobbins,RB,DEN,5800,15.3,14.5
2025,4,19,boom,138.6,Bo Nix,QB,DEN,5600,19.4,29.7
2025,4,19,boom,138.6,Jake Ferguson,TE,DAL,4300,12.7,17.0
2025,4,19,boom,138.6,Troy Franklin,WR,DEN,4100,12.6,9.5
2025,4,19,boom,138.6,LAR DST,DST,LAR,2900,10.2,7.0
2025,4,20,boom,136.7,Puka Nacua,WR,LA,7900,19.9,39.0
2025,4,20,boom,136.7,Amon-Ra St. Brown,WR,DET,7300,17.0,26.0
2025,4,20,boom,136.7,Jordan Mason,RB,MIN,6400,15.4,10.2
2025,4,20,boom,136.7,Daniel Jones,QB,IND,5600,19.6,12.4
2025,4,20,boom,136.7,Cam Skattebo,RB,NYG,5500,13.0,13.0
2025,4,20,boom,136.7,Wan'Dale Robinson,WR,NYG,5000,10.9,4.4
2025,4,20,boom,136.7,Tyler Warren,TE,IND,4600,11.4,18.3
2025,4,20,boom,136.7,Josh Downs,WR,IND,4100,8.5,6.4
2025,4,20,boom,136.7,LAR DST,DST,LAR,2900,10.2,7.0
2025,4,21,boom,136.3,Bijan Robinson,RB,ATL,8200,19.5,31.1
2025,4,21,boom,136.3,Chase Brown,RB,CIN,6600,12.8,10.1
2025,4,21,boom,136.3,Courtland Sutton,WR,DEN,6100,15.2,19.1
2025,4,21,boom,136.3,Brock Bowers,TE,LV,5800,13.1,9.6
2025,4,21,boom,136.3,Trey McBride,TE,ARI,5600,14.1,12.2
2025,4,21,boom,136.3,Bo Nix,QB,DEN,5600,19.4,29.7
2025,4,21,boom,136.3,Jakobi Meyers,WR,LV,5400,14.9,7.0
2025,4,21,boom,136.3,Troy Franklin,WR,DEN,4100,12.6,9.5
2025,4,21,boom,136.3,MIA DST,DST,MIA,2600,7.6,8.0
2025,4,22,boom,135.9,Josh Allen,QB,BUF,7700,24.3,25.9
2025,4,22,boom,135.9,Justin Jefferson,WR,MIN,7500,16.4,25.6
2025,4,22,boom,135.9,Bucky Irving,RB,TB,6900,15.9,29.5
2025,4,22,boom,135.9,Jordan Mason,RB,MIN,6400,15.4,10.2
2025,4,22,boom,135.9,Khalil Shakir,WR,BUF,5300,9.6,17.9
2025,4,22,boom,135.9,Chris Olave,WR,NO,5100,12.5,10.0
2025,4,22,boom,135.9,Dalton Kincaid,TE,BUF,4500,10.3,9.8
2025,4,22,boom,135.9,Josh Reynolds,WR,NYJ,3500,22.8,0.0
2025,4,22,boom,135.9,LAR DST,DST,LAR,2900,10.2,7.0
2025,4,23,game,134.6,Christian McCaffrey,RB,SF,8500,22.1,26.1
2025,4,23,game,134.6,Puka Nacua,WR,LA,7900,19.9,39.0
2025,4,23,game,134.6,Nico Collins,WR,HOU,7400,15.1,11.9
2025,4,23,game,134.6,De'Von Achane,RB,MIA,7000,19.2,17.1
2025,4,23,game,134.6,C.J. Stroud,QB,HOU,5300,17.3,18.4
2025,4,23,game,134.6,Elic Ayomanor,WR,TEN,3900,21.2,6.4
2025,4,23,game,134.6,Xavier Hutchinson,WR,HOU,3400,14.3,3.7
2025,4,23,game,134.6,Dalton Schultz,TE,HOU,3300,14.8,8.0
2025,4,23,game,134.6,MIN DST,DST,MIN,3300,9.4,4.0
2025,4,24,boom,133.7,Christian McCaffrey,RB,SF,8500,22.1,26.1
2025,4,24,boom,133.7,Bijan Robinson,RB,ATL,8200,19.5,31.1
2025,4,24,boom,133.7,Garrett Wilson,WR,NYJ,6200,15.6,20.2
2025,4,24,boom,133.7,Brock Purdy,QB,SF,6100,20.2,23.7
2025,4,24,boom,133.7,Brian Thomas Jr.,WR,JAX,6100,13.5,10.6
2025,4,24,boom,133.7,Ricky Pearsall,WR,SF,5700,13.3,8.6
2025,4,24,boom,133.7,Kendrick Bourne,WR,SF,3700,16.6,2.7
2025,4,24,boom,133.7,LAR DST,DST,LAR,2900,10.2,7.0
2025,4,24,boom,133.7,Colby Parkinson,TE,LA,2500,10.5,3.7
2025,4,25,boom,133.6,Jahmyr Gibbs,RB,DET,7700,19.3,17.7
2025,4,25,boom,133.6,Ashton Jeanty,RB,LV,6200,15.0,37.5
2025,4,25,boom,133.6,Brian Thomas Jr.,WR,JAX,6100,13.5,10.6
2025,4,25,boom,133.6,Brock Purdy,QB,SF,6100,20.2,23.7
2025,4,25,boom,133.6,J.K. Dobbins,RB,DEN,5800,15.3,14.5
2025,4,25,boom,133.6,Ricky Pearsall,WR,SF,5700,13.3,8.6
2025,4,25,boom,133.6,Jauan Jennings,WR,SF,5000,10.2,6.4
2025,4,25,boom,133.6,Tucker Kraft,TE,GB,4700,11.5,10.6
2025,4,25,boom,133.6,ATL DST,DST,ATL,2700,8.5,4.0
2025,4,26,boom,132.6,De'Von Achane,RB,MIA,7000,19.2,17.1
2025,4,26,boom,132.6,Josh Jacobs,RB,GB,6800,16.1,31.7
2025,4,26,boom,132.6,Tyreek Hill,WR,MIA,6500,14.5,12.7
2025,4,26,boom,132.6,Garrett Wilson,WR,NYJ,6200,15.6,20.2
2025,4,26,boom,132.6,Jaylen Waddle,WR,MIA,5500,11.5,7.8
2025,4,26,boom,132.6,Tua Tagovailoa,QB,MIA,5200,15.5,15.7
2025,4,26,boom,132.6,Tucker Kraft,TE,GB,4700,11.5,10.6
2025,4,26,boom,132.6,Dalton Kincaid,TE,BUF,4500,10.3,9.8
2025,4,26,boom,132.6,LAR DST,DST,LAR,2900,10.2,7.0
2025,4,27,boom,131.8,Christian McCaffrey,RB,SF,8500,22.1,26.1
2025,4,27,boom,131.8,Courtland Sutton,WR,DEN,6100,15.2,19.1
2025,4,27,boom,131.8,Tee Higgins,WR,CIN,5800,7.9,6.2
2025,4,27,boom,131.8,J.K. Dobbins,RB,DEN,5800,15.3,14.5
2025,4,27,boom,131.8,Trey McBride,TE,ARI,5600,14.1,12.2
2025,4,27,boom,131.8,Bo Nix,QB,DEN,5600,19.4,29.7
2025,4,27,boom,131.8,Keon Coleman,WR,BUF,5600,10.5,7.5
2025,4,27,boom,131.8,Troy Franklin,WR,DEN,4100,12.6,9.5
2025,4,27,boom,131.8,LAR DST,DST,LAR,2900,10.2,7.0
2025,4,28,lev,131.1,Christian McCaffrey,RB,SF,8500,22.1,26.1
2025,4,28,lev,131.1,Jahmyr Gibbs,RB,DET,7700,19.3,17.7
2025,4,28,lev,131.1,De'Von Achane,RB,MIA,7000,19.2,17.1
2025,4,28,lev,131.1,Garrett Wilson,WR,NYJ,6200,15.6,20.2
2025,4,28,lev,131.1,Justin Fields,QB,NYJ,5300,16.6,28.1
2025,4,28,lev,131.1,Sterling Shepard,WR,TB,4000,21.9,4.0
2025,4,28,lev,131.1,Hunter Henry,TE,NE,4000,19.0,11.9
2025,4,28,lev,131.1,BUF DST,DST,BUF,3700,9.5,6.0
2025,4,28,lev,131.1,Josh Reynolds,WR,NYJ,3500,22.8,0.0
2025,4,29,lev,130.9,Puka Nacua,WR,LA,7900,19.9,39.0
2025,4,29,lev,130.9,Jonathan Taylor,RB,IND,7500,18.6,14.6
2025,4,29,lev,130.9,De'Von Achane,RB,MIA,7000,19.2,17.1
2025,4,29,lev,130.9,Jalen Hurts,QB,PHI,6700,22.8,19.4
2025,4,29,lev,130.9,A.J. Brown,WR,PHI,6400,13.7,2.7
2025,4,29,lev,130.9,Sterling Shepard,WR,TB,4000,21.9,4.0
2025,4,29,lev,130.9,Dallas Goedert,TE,PHI,3900,19.1,19.7
2025,4,29,lev,130.9,Elic Ayomanor,WR,TEN,3900,21.2,6.4
2025,4,29,lev,130.9,MIA DST,DST,MIA,2600,7.6,8.0
2025,4,30,lev,129.4,Puka Nacua,WR,LA,7900,19.9,39.0
2025,4,30,lev,129.4,Jahmyr Gibbs,RB,DET,7700,19.3,17.7
2025,4,30,lev,129.4,Jalen Hurts,QB,PHI,6700,22.8,19.4
2025,4,30,lev,129.4,A.J. Brown,WR,PHI,6400,13.7,2.7
2025,4,30,lev,129.4,J.K. Dobbins,RB,DEN,5800,15.3,14.5
2025,4,30,lev,129.4,Sterling Shepard,WR,TB,4000,21.9,4.0
2025,4,30,lev,129.4,Elic Ayomanor,WR,TEN,3900,21.2,6.4
2025,4,30,lev,129.4,Dallas Goedert,TE,PHI,3900,19.1,19.7
2025,4,30,lev,129.4,BUF DST,DST,BUF,3700,9.5,6.0
2025,4,31,boom,127.4,Christian McCaffrey,RB,SF,8500,22.1,26.1
2025,4,31,boom,127.4,George Pickens,WR,DAL,6300,13.9,36.4
2025,4,31,boom,127.4,Rome Odunze,WR,CHI,6300,14.9,16.9
2025,4,31,boom,127.4,Kyren Williams,RB,LA,6300,15.3,11.4
2025,4,31,boom,127.4,Brock Bowers,TE,LV,5800,13.1,9.6
2025,4,31,boom,127.4,Geno Smith,QB,LV,5400,19.5,12.8
2025,4,31,boom,127.4,Tre Tucker,WR,LV,4200,10.9,4.2
2025,4,31,boom,127.4,Hunter Renfrow,WR,CAR,3800,16.5,3.0
2025,4,31,boom,127.4,LAR DST,DST,LAR,2900,10.2,7.0
2025,4,32,lev,122.0,Christian McCaffrey,RB,SF,8500,22.1,26.1
2025,4,32,lev,122.0,Jahmyr Gibbs,RB,DET,7700,19.3,17.7
2025,4,32,lev,122.0,Jalen Hurts,QB,PHI,6700,22.8,19.4
2025,4,32,lev,122.0,A.J. Brown,WR,PHI,6400,13.7,2.7
2025,4,32,lev,122.0,Jakobi Meyers,WR,LV,5400,14.9,7.0
2025,4,32,lev,122.0,Sterling Shepard,WR,TB,4000,21.9,4.0
2025,4,32,lev,122.0,Dallas Goedert,TE,PHI,3900,19.1,19.7
2025,4,32,lev,122.0,Elic Ayomanor,WR,TEN,3900,21.2,6.4
2025,4,32,lev,122.0,DET DST,DST,DET,3500,9.4,19.0
2025,4,33,boom,120.5,Malik Nabers,WR,NYG,7000,15.1,4.0
2025,4,33,boom,120.5,Ladd McConkey,WR,LAC,6500,14.3,2.1
2025,4,33,boom,120.5,Justin Herbert,QB,LAC,6300,21.1,14.5
2025,4,33,boom,120.5,Garrett Wilson,WR,NYJ,6200,15.6,20.2
2025,4,33,boom,120.5,Quentin Johnston,WR,LAC,5500,13.6,23.8
2025,4,33,boom,120.5,Trey Benson,RB,ARI,5500,12.5,10.4
2025,4,33,boom,120.5,Quinshon Judkins,RB,CLE,5500,11.4,21.5
2025,4,33,boom,120.5,Jake Ferguson,TE,DAL,4300,12.7,17.0
2025,4,33,boom,120.5,LAR DST,DST,LAR,2900,10.2,7.0
2025,4,34,lev,120.3,Christian McCaffrey,RB,SF,8500,22.1,26.1
2025,4,34,lev,120.3,Jahmyr Gibbs,RB,DET,7700,19.3,17.7
2025,4,34,lev,120.3,De'Von Achane,RB,MIA,7000,19.2,17.1
2025,4,34,lev,120.3,Jalen Hurts,QB,PHI,6700,22.8,19.4
2025,4,34,lev,120.3,DeVonta Smith,WR,PHI,5400,11.4,4.9
2025,4,34,lev,120.3,Sterling Shepard,WR,TB,4000,21.9,4.0
2025,4,34,lev,120.3,Elic Ayomanor,WR,TEN,3900,21.2,6.4
2025,4,34,lev,120.3,Dallas Goedert,TE,PHI,3900,19.1,19.7
2025,4,34,lev,120.3,ARI DST,DST,ARI,2900,7.7,5.0
2025,4,35,boom,115.8,Jahmyr Gibbs,RB,DET,7700,19.3,17.7
2025,4,35,boom,115.8,Malik Nabers,WR,NYG,7000,15.1,4.0
2025,4,35,boom,115.8,Justin Herbert,QB,LAC,6300,21.1,14.5
2025,4,35,boom,115.8,Javonte Williams,RB,DAL,5900,14.3,19.0
2025,4,35,boom,115.8,Quentin Johnston,WR,LAC,5500,13.6,23.8
2025,4,35,boom,115.8,Keenan Allen,WR,LAC,5300,11.7,8.7
2025,4,35,boom,115.8,Rashid Shaheed,WR,NO,4600,8.4,9.2
2025,4,35,boom,115.8,Hunter Henry,TE,NE,4000,19.0,11.9
2025,4,35,boom,115.8,LAR DST,DST,LAR,2900,10.2,7.0
2025,4,36,lev,115.0,Christian McCaffrey,RB,SF,8500,22.1,26.1
2025,4,36,lev,115.0,De'Von Achane,RB,MIA,7000,19.2,17.1
2025,4,36,lev,115.0,Jalen Hurts,QB,PHI,6700,22.8,19.4
2025,4,36,lev,115.0,A.J. Brown,WR,PHI,6400,13.7,2.7
2025,4,36,lev,115.0,Davante Adams,WR,LA,6200,15.1,15.6
2025,4,36,lev,115.0,Sterling Shepard,WR,TB,4000,21.9,4.0
2025,4,36,lev,115.0,Dallas Goedert,TE,PHI,3900,19.1,19.7
2025,4,36,lev,115.0,Elic Ayomanor,WR,TEN,3900,21.2,6.4
2025,4,36,lev,115.0,MIN DST,DST,MIN,3300,9.4,4.0
2025,4,37,lev,113.9,Christian McCaffrey,RB,SF,8500,22.1,26.1
2025,4,37,lev,113.9,Jonathan Taylor,RB,IND,7500,18.6,14.6
2025,4,37,lev,113.9,Jalen Hurts,QB,PHI,6700,22.8,19.4
2025,4,37,lev,113.9,A.J. Brown,WR,PHI,6400,13.7,2.7
2025,4,37,lev,113.9,Jakobi Meyers,WR,LV,5400,14.9,7.0
2025,4,37,lev,113.9,Sterling Shepard,WR,TB,4000,21.9,4.0
2025,4,37,lev,113.9,Dallas Goedert,TE,PHI,3900,19.1,19.7
2025,4,37,lev,113.9,Elic Ayomanor,WR,TEN,3900,21.2,6.4
2025,4,37,lev,113.9,HOU DST,DST,HOU,3400,9.9,14.0
2025,4,38,boom,110.1,Jonathan Taylor,RB,IND,7500,18.6,14.6
2025,4,38,boom,110.1,Amon-Ra St. Brown,WR,DET,7300,17.0,26.0
2025,4,38,boom,110.1,Brock Bowers,TE,LV,5800,13.1,9.6
2025,4,38,boom,110.1,Ricky Pearsall,WR,SF,5700,13.3,8.6
2025,4,38,boom,110.1,D'Andre Swift,RB,CHI,5400,13.1,16.0
2025,4,38,boom,110.1,Jakobi Meyers,WR,LV,5400,14.9,7.0
2025,4,38,boom,110.1,Geno Smith,QB,LV,5400,19.5,12.8
2025,4,38,boom,110.1,Joshua Palmer,WR,BUF,4300,7.4,4.5
2025,4,38,boom,110.1,NE DST,DST,NE,3100,9.1,11.0
2025,4,39,boom,97.5,Christian McCaffrey,RB,SF,8500,22.1,26.1
2025,4,39,boom,97.5,Davante Adams,WR,LA,6200,15.1,15.6
2025,4,39,boom,97.5,Chuba Hubbard,RB,CAR,6000,13.2,9.9
2025,4,39,boom,97.5,Brock Bowers,TE,LV,5800,13.1,9.6
2025,4,39,boom,97.5,D.J. Moore,WR,CHI,5600,12.1,7.8
2025,4,39,boom,97.5,Keon Coleman,WR,BUF,5600,10.5,7.5
2025,4,39,boom,97.5,Geno Smith,QB,LV,5400,19.5,12.8
2025,4,39,boom,97.5,Tre Tucker,WR,LV,4200,10.9,4.2
2025,4,39,boom,97.5,ATL DST,DST,ATL,2700,8.5,4.0
2025,4,40,boom,83.6,Derrick Henry,RB,BAL,7200,16.0,7.8
2025,4,40,boom,83.6,Malik Nabers,WR,NYG,7000,15.1,4.0
2025,4,40,boom,83.6,Jordan Mason,RB,MIN,6400,15.4,10.2
2025,4,40,boom,83.6,Justin Herbert,QB,LAC,6300,21.1,14.5
2025,4,40,boom,83.6,Brian Thomas Jr.,WR,JAX,6100,13.5,10.6
2025,4,40,boom,83.6,Jameson Williams,WR,DET,5900,12.0,5.7
2025,4,40,boom,83.6,Quentin Johnston,WR,LAC,5500,13.6,23.8
2025,4,40,boom,83.6,LAR DST,DST,LAR,2900,10.2,7.0
2025,4,40,boom,83.6,Tucker Fisk,TE,LAC,2500,7.7,0.0
2025,5,1,boom,183.2,Jonathan Taylor,RB,IND,8000,21.4,31.6
2025,5,1,boom,183.2,Jaxon Smith-Njigba,WR,SEA,7100,17.1,30.2
2025,5,1,boom,183.2,Emeka Egbuka,WR,TB,6900,14.9,34.3
2025,5,1,boom,183.2,Baker Mayfield,QB,TB,6300,17.7,29.7
2025,5,1,boom,183.2,Davante Adams,WR,LA,6200,15.6,13.8
2025,5,1,boom,183.2,Alvin Kamara,RB,NO,5900,13.7,9.5
2025,5,1,boom,183.2,Dalton Schultz,TE,HOU,3600,16.8,11.0
2025,5,1,boom,183.2,Cade Otton,TE,TB,3300,16.0,12.1
2025,5,1,boom,183.2,HOU DST,DST,HOU,2400,8.8,11.0
2025,5,2,boom,168.5,Puka Nacua,WR,LA,8400,20.8,24.5
2025,5,2,boom,168.5,Jonathan Taylor,RB,IND,8000,21.4,31.6
2025,5,2,boom,168.5,Jalen Hurts,QB,PHI,6800,22.5,19.5
2025,5,2,boom,168.5,Garrett Wilson,WR,NYJ,6100,16.8,19.1
2025,5,2,boom,168.5,Courtland Sutton,WR,DEN,6000,12.9,17.9
2025,5,2,boom,168.5,DeVonta Smith,WR,PHI,5000,10.9,22.4
2025,5,2,boom,168.5,Kareem Hunt,RB,KC,4700,8.7,18.7
2025,5,2,boom,168.5,Grant Calcaterra,TE,PHI,2500,10.0,3.8
2025,5,2,boom,168.5,HOU DST,DST,HOU,2400,8.8,11.0
2025,5,3,boom,167.2,Christian McCaffrey,RB,SF,8600,21.9,27.9
2025,5,3,boom,167.2,Jonathan Taylor,RB,IND,8000,21.4,31.6
2025,5,3,boom,167.2,George Pickens,WR,DAL,6600,15.4,13.7
2025,5,3,boom,167.2,Garrett Wilson,WR,NYJ,6100,16.8,19.1
2025,5,3,boom,167.2,Dak Prescott,QB,DAL,6000,19.5,28.3
2025,5,3,boom,167.2,Chris Olave,WR,NO,5200,13.4,12.9
2025,5,3,boom,167.2,Tyler Warren,TE,IND,4700,14.0,14.4
2025,5,3,boom,167.2,Luke Schoonmaker,TE,DAL,2500,9.7,1.3
2025,5,3,boom,167.2,NO DST,DST,NO,2200,8.1,18.0
2025,5,4,lev,161.3,Christian McCaffrey,RB,SF,8600,21.9,27.9
2025,5,4,lev,161.3,Puka Nacua,WR,LA,8400,20.8,24.5
2025,5,4,lev,161.3,Jonathan Taylor,RB,IND,8000,21.4,31.6
2025,5,4,lev,161.3,Baker Mayfield,QB,TB,6300,17.7,29.7
2025,5,4,lev,161.3,Juwan Johnson,TE,NO,3900,21.6,3.7
2025,5,4,lev,161.3,Sterling Shepard,WR,TB,3900,18.9,11.9
2025,5,4,lev,161.3,ARI DST,DST,ARI,3600,9.6,7.0
2025,5,4,lev,161.3,Tory Horton,WR,SEA,3600,15.2,12.9
2025,5,4,lev,161.3,Cade Otton,TE,TB,3300,16.0,12.1
2025,5,5,lev,158.0,Christian McCaffrey,RB,SF,8600,21.9,27.9
2025,5,5,lev,158.0,Puka Nacua,WR,LA,8400,20.8,24.5
2025,5,5,lev,158.0,Jonathan Taylor,RB,IND,8000,21.4,31.6
2025,5,5,lev,158.0,Dak Prescott,QB,DAL,6000,19.5,28.3
2025,5,5,lev,158.0,Jake Ferguson,TE,DAL,4800,13.0,23.9
2025,5,5,lev,158.0,Sterling Shepard,WR,TB,3900,18.9,11.9
2025,5,5,lev,158.0,Jalen Tolbert,WR,DAL,3600,16.4,0.0
2025,5,5,lev,158.0,Josh Reynolds,WR,NYJ,3500,17.6,7.9
2025,5,5,lev,158.0,PHI DST,DST,PHI,3200,8.4,2.0
2025,5,6,boom,155.6,Christian McCaffrey,RB,SF,8600,21.9,27.9
2025,5,6,boom,155.6,Puka Nacua,WR,LA,8400,20.8,24.5
2025,5,6,boom,155.6,Matthew Stafford,QB,LA,6400,19.1,29.6
2025,5,6,boom,155.6,Davante Adams,WR,LA,6200,15.6,13.8
2025,5,6,boom,155.6,Quentin Johnston,WR,LAC,5700,15.4,7.9
2025,5,6,boom,155.6,Zach Charbonnet,RB,SEA,5300,10.6,11.8
2025,5,6,boom,155.6,Darren Waller,TE,MIA,3500,14.3,18.8
2025,5,6,boom,155.6,AJ Barner,TE,SEA,3100,14.8,24.3
2025,5,6,boom,155.6,SEA DST,DST,SEA,2800,9.0,-3.0
2025,5,7,boom,150.1,Christian McCaffrey,RB,SF,8600,21.9,27.9
2025,5,7,boom,150.1,Puka Nacua,WR,LA,8400,20.8,24.5
2025,5,7,boom,150.1,Matthew Stafford,QB,LA,6400,19.1,29.6
2025,5,7,boom,150.1,Davante Adams,WR,LA,6200,15.6,13.8
2025,5,7,boom,150.1,Alvin Kamara,RB,NO,5900,13.7,9.5
2025,5,7,boom,150.1,Trey McBride,TE,ARI,5800,16.1,9.1
2025,5,7,boom,150.1,Jalen Tolbert,WR,DAL,3600,16.4,0.0
2025,5,7,boom,150.1,Mason Taylor,TE,NYJ,2800,15.4,17.7
2025,5,7,boom,150.1,NO DST,DST,NO,2200,8.1,18.0
2025,5,8,boom,149.0,Amon-Ra St. Brown,WR,DET,7900,18.4,21.0
2025,5,8,boom,149.0,Ja'Marr Chase,WR,CIN,7800,15.5,32.0
2025,5,8,boom,149.0,Ashton Jeanty,RB,LV,6700,15.0,15.9
2025,5,8,boom,149.0,Jared Goff,QB,DET,6500,20.6,21.1
2025,5,8,boom,149.0,Quentin Johnston,WR,LAC,5700,15.4,7.9
2025,5,8,boom,149.0,Rhamondre Stevenson,RB,NE,4800,8.8,15.7
2025,5,8,boom,149.0,Sam LaPorta,TE,DET,4200,10.7,20.2
2025,5,8,boom,149.0,Mark Andrews,TE,BAL,4000,17.1,4.2
2025,5,8,boom,149.0,HOU DST,DST,HOU,2400,8.8,11.0
2025,5,9,lev,148.4,Christian McCaffrey,RB,SF,8600,21.9,27.9
2025,5,9,lev,148.4,Puka Nacua,WR,LA,8400,20.8,24.5
2025,5,9,lev,148.4,Matthew Stafford,QB,LA,6400,19.1,29.6
2025,5,9,lev,148.4,Davante Adams,WR,LA,6200,15.6,13.8
2025,5,9,lev,148.4,Breece Hall,RB,NYJ,5600,15.9,21.5
2025,5,9,lev,148.4,Troy Franklin,WR,DEN,4000,19.0,8.5
2025,5,9,lev,148.4,Juwan Johnson,TE,NO,3900,21.6,3.7
2025,5,9,lev,148.4,Sterling Shepard,WR,TB,3900,18.9,11.9
2025,5,9,lev,148.4,KC DST,DST,KC,3000,7.9,7.0
2025,5,10,boom,143.5,Jonathan Taylor,RB,IND,8000,21.4,31.6
2025,5,10,boom,143.5,Davante Adams,WR,LA,6200,15.6,13.8
2025,5,10,boom,143.5,Javonte Williams,RB,DAL,6200,15.2,29.9
2025,5,10,boom,143.5,Justin Herbert,QB,LAC,6100,22.0,15.6
2025,5,10,boom,143.5,Keenan Allen,WR,LAC,5600,13.3,10.8
2025,5,10,boom,143.5,Ladd McConkey,WR,LAC,5500,13.1,14.9
2025,5,10,boom,143.5,Jake Ferguson,TE,DAL,4800,13.0,23.9
2025,5,10,boom,143.5,MIN DST,DST,MIN,3800,10.5,3.0
2025,5,10,boom,143.5,Zach Ertz,TE,WAS,3800,18.0,0.0
2025,5,11,boom,142.2,Christian McCaffrey,RB,SF,8600,21.9,27.9
2025,5,11,boom,142.2,Puka Nacua,WR,LA,8400,20.8,24.5
2025,5,11,boom,142.2,De'Von Achane,RB,MIA,7300,19.1,16.6
2025,5,11,boom,142.2,Matthew Stafford,QB,LA,6400,19.1,29.6
2025,5,11,boom,142.2,Davante Adams,WR,LA,6200,15.6,13.8
2025,5,11,boom,142.2,Elic Ayomanor,WR,TEN,4100,9.1,3.8
2025,5,11,boom,142.2,ARI DST,DST,ARI,3600,9.6,7.0
2025,5,11,boom,142.2,Mason Taylor,TE,NYJ,2800,15.4,17.7
2025,5,11,boom,142.2,Hunter Long,TE,JAX,2500,8.0,1.3
2025,5,12,boom,142.1,Amon-Ra St. Brown,WR,DET,7900,18.4,21.0
2025,5,12,boom,142.1,George Pickens,WR,DAL,6600,15.4,13.7
2025,5,12,boom,142.1,Omarion Hampton,RB,LAC,6500,16.4,13.0
2025,5,12,boom,142.1,Garrett Wilson,WR,NYJ,6100,16.8,19.1
2025,5,12,boom,142.1,Justin Fields,QB,NYJ,5600,22.2,25.9
2025,5,12,boom,142.1,Ladd McConkey,WR,LAC,5500,13.1,14.9
2025,5,12,boom,142.1,Tony Pollard,RB,TEN,5400,12.5,15.8
2025,5,12,boom,142.1,LAR DST,DST,LAR,3100,9.9,1.0
2025,5,12,boom,142.1,Mason Taylor,TE,NYJ,2800,15.4,17.7
2025,5,13,boom,140.7,Jonathan Taylor,RB,IND,8000,21.4,31.6
2025,5,13,boom,140.7,Derrick Henry,RB,BAL,7000,13.7,9.3
2025,5,13,boom,140.7,Jalen Hurts,QB,PHI,6800,22.5,19.5
2025,5,13,boom,140.7,Courtland Sutton,WR,DEN,6000,12.9,17.9
2025,5,13,boom,140.7,Trey McBride,TE,ARI,5800,16.1,9.1
2025,5,13,boom,140.7,DeVonta Smith,WR,PHI,5000,10.9,22.4
2025,5,13,boom,140.7,Jameson Williams,WR,DET,4900,11.9,2.0
2025,5,13,boom,140.7,Dallas Goedert,TE,PHI,4100,9.2,10.9
2025,5,13,boom,140.7,NO DST,DST,NO,2200,8.1,18.0
2025,5,14,game,139.2,Christian McCaffrey,RB,SF,8600,21.9,27.9
2025,5,14,game,139.2,Jonathan Taylor,RB,IND,8000,21.4,31.6
2025,5,14,game,139.2,George Pickens,WR,DAL,6600,15.4,13.7
2025,5,14,game,139.2,Garrett Wilson,WR,NYJ,6100,16.8,19.1
2025,5,14,game,139.2,Dak Prescott,QB,DAL,6000,19.5,28.3
2025,5,14,game,139.2,Juwan Johnson,TE,NO,3900,21.6,3.7
2025,5,14,game,139.2,Jalen Tolbert,WR,DAL,3600,16.4,0.0
2025,5,14,game,139.2,ARI DST,DST,ARI,3600,9.6,7.0
2025,5,14,game,139.2,Josh Reynolds,WR,NYJ,3500,17.6,7.9
2025,5,15,boom,138.5,Christian McCaffrey,RB,SF,8600,21.9,27.9
2025,5,15,boom,138.5,Jaxon Smith-Njigba,WR,SEA,7100,17.1,30.2
2025,5,15,boom,138.5,Omarion Hampton,RB,LAC,6500,16.4,13.0
2025,5,15,boom,138.5,Brian Thomas Jr.,WR,JAX,6100,13.9,12.0
2025,5,15,boom,138.5,Quentin Johnston,WR,LAC,5700,15.4,7.9
2025,5,15,boom,138.5,Trevor Lawrence,QB,JAX,5100,17.2,28.2
2025,5,15,boom,138.5,Travis Kelce,TE,KC,4300,9.7,19.1
2025,5,15,boom,138.5,Brenton Strange,TE,JAX,3600,16.1,3.2
2025,5,15,boom,138.5,SEA DST,DST,SEA,2800,9.0,-3.0
2025,5,16,boom,137.2,Puka Nacua,WR,LA,8400,20.8,24.5
2025,5,16,boom,137.2,Jonathan Taylor,RB,IND,8000,21.4,31.6
2025,5,16,boom,137.2,Quentin Johnston,WR,LAC,5700,15.4,7.9
2025,5,16,boom,137.2,Jakobi Meyers,WR,LV,5600,15.3,7.2
2025,5,16,boom,137.2,Tony Pollard,RB,TEN,5400,12.5,15.8
2025,5,16,boom,137.2,Geno Smith,QB,LV,5400,18.7,7.9
2025,5,16,boom,137.2,Tre Tucker,WR,LV,4700,11.7,11.1
2025,5,16,boom,137.2,Sam LaPorta,TE,DET,4200,10.7,20.2
2025,5,16,boom,137.2,HOU DST,DST,HOU,2400,8.8,11.0
2025,5,17,boom,135.5,Jonathan Taylor,RB,IND,8000,21.4,31.6
2025,5,17,boom,135.5,Amon-Ra St. Brown,WR,DET,7900,18.4,21.0
2025,5,17,boom,135.5,Jared Goff,QB,DET,6500,20.6,21.1
2025,5,17,boom,135.5,Davante Adams,WR,LA,6200,15.6,13.8
2025,5,17,boom,135.5,Chase Brown,RB,CIN,6100,12.6,11.8
2025,5,17,boom,135.5,Jameson Williams,WR,DET,4900,11.9,2.0
2025,5,17,boom,135.5,Tre Tucker,WR,LV,4700,11.7,11.1
2025,5,17,boom,135.5,Cade Otton,TE,TB,3300,16.0,12.1
2025,5,17,boom,135.5,HOU DST,DST,HOU,2400,8.8,11.0
2025,5,18,boom,134.1,Christian McCaffrey,RB,SF,8600,21.9,27.9
2025,5,18,boom,134.1,Amon-Ra St. Brown,WR,DET,7900,18.4,21.0
2025,5,18,boom,134.1,Jared Goff,QB,DET,6500,20.6,21.1
2025,5,18,boom,134.1,Chase Brown,RB,CIN,6100,12.6,11.8
2025,5,18,boom,134.1,Marvin Harrison Jr.,WR,ARI,5400,12.4,13.8
2025,5,18,boom,134.1,Jameson Williams,WR,DET,4900,11.9,2.0
2025,5,18,boom,134.1,Tyler Warren,TE,IND,4700,14.0,14.4
2025,5,18,boom,134.1,Xavier Legette,WR,CAR,3500,16.0,11.1
2025,5,18,boom,134.1,HOU DST,DST,HOU,2400,8.8,11.0
2025,5,19,lev,133.5,Christian McCaffrey,RB,SF,8600,21.9,27.9
2025,5,19,lev,133.5,Puka Nacua,WR,LA,8400,20.8,24.5
2025,5,19,lev,133.5,Jonathan Taylor,RB,IND,8000,21.4,31.6
2025,5,19,lev,133.5,Matthew Stafford,QB,LA,6400,19.1,29.6
2025,5,19,lev,133.5,Juwan Johnson,TE,NO,3900,21.6,3.7
2025,5,19,lev,133.5,Zach Ertz,TE,WAS,3800,18.0,0.0
2025,5,19,lev,133.5,MIN DST,DST,MIN,3800,10.5,3.0
2025,5,19,lev,133.5,Josh Reynolds,WR,NYJ,3500,17.6,7.9
2025,5,19,lev,133.5,Jordan Whittington,WR,LA,3000,12.3,5.3
2025,5,20,boom,132.4,Amon-Ra St. Brown,WR,DET,7900,18.4,21.0
2025,5,20,boom,132.4,Jalen Hurts,QB,PHI,6800,22.5,19.5
2025,5,20,boom,132.4,Omarion Hampton,RB,LAC,6500,16.4,13.0
2025,5,20,boom,132.4,Davante Adams,WR,LA,6200,15.6,13.8
2025,5,20,boom,132.4,Courtland Sutton,WR,DEN,6000,12.9,17.9
2025,5,20,boom,132.4,A.J. Brown,WR,PHI,6000,13.3,9.3
2025,5,20,boom,132.4,Kyren Williams,RB,LA,6000,14.9,32.1
2025,5,20,boom,132.4,Grant Calcaterra,TE,PHI,2500,10.0,3.8
2025,5,20,boom,132.4,CIN DST,DST,CIN,2100,4.0,2.0
2025,5,21,boom,132.4,Ja'Marr Chase,WR,CIN,7800,15.5,32.0
2025,5,21,boom,132.4,De'Von Achane,RB,MIA,7300,19.1,16.6
2025,5,21,boom,132.4,Emeka Egbuka,WR,TB,6900,14.9,34.3
2025,5,21,boom,132.4,Kyler Murray,QB,ARI,5900,20.5,16.3
2025,5,21,boom,132.4,Trey McBride,TE,ARI,5800,16.1,9.1
2025,5,21,boom,132.4,Tony Pollard,RB,TEN,5400,12.5,15.8
2025,5,21,boom,132.4,MIN DST,DST,MIN,3800,10.5,3.0
2025,5,21,boom,132.4,Hunter Renfrow,WR,CAR,3700,14.9,1.7
2025,5,21,boom,132.4,Michael Wilson,WR,ARI,3300,14.3,3.6
2025,5,22,game,131.5,Christian McCaffrey,RB,SF,8600,21.9,27.9
2025,5,22,game,131.5,Jonathan Taylor,RB,IND,8000,21.4,31.6
2025,5,22,game,131.5,George Pickens,WR,DAL,6600,15.4,13.7
2025,5,22,game,131.5,Garrett Wilson,WR,NYJ,6100,16.8,19.1
2025,5,22,game,131.5,Dak Prescott,QB,DAL,6000,19.5,28.3
2025,5,22,game,131.5,MIN DST,DST,MIN,3800,10.5,3.0
2025,5,22,game,131.5,Zach Ertz,TE,WAS,3800,18.0,0.0
2025,5,22,game,131.5,Jalen Tolbert,WR,DAL,3600,16.4,0.0
2025,5,22,game,131.5,Josh Reynolds,WR,NYJ,3500,17.6,7.9
2025,5,23,game,131.1,Puka Nacua,WR,LA,8400,20.8,24.5
2025,5,23,game,131.1,Jonathan Taylor,RB,IND,8000,21.4,31.6
2025,5,23,game,131.1,Saquon Barkley,RB,PHI,7500,17.4,17.8
2025,5,23,game,131.1,Jalen Hurts,QB,PHI,6800,22.5,19.5
2025,5,23,game,131.1,Dallas Goedert,TE,PHI,4100,9.2,10.9
2025,5,23,game,131.1,Troy Franklin,WR,DEN,4000,19.0,8.5
2025,5,23,game,131.1,Sterling Shepard,WR,TB,3900,18.9,11.9
2025,5,23,game,131.1,MIN DST,DST,MIN,3800,10.5,3.0
2025,5,23,game,131.1,Jahan Dotson,WR,PHI,3400,13.2,3.4
2025,5,24,game,130.5,Christian McCaffrey,RB,SF,8600,21.9,27.9
2025,5,24,game,130.5,Puka Nacua,WR,LA,8400,20.8,24.5
2025,5,24,game,130.5,George Pickens,WR,DAL,6600,15.4,13.7
2025,5,24,game,130.5,Dak Prescott,QB,DAL,6000,19.5,28.3
2025,5,24,game,130.5,Breece Hall,RB,NYJ,5600,15.9,21.5
2025,5,24,game,130.5,Juwan Johnson,TE,NO,3900,21.6,3.7
2025,5,24,game,130.5,MIN DST,DST,MIN,3800,10.5,3.0
2025,5,24,game,130.5,Jalen Tolbert,WR,DAL,3600,16.4,0.0
2025,5,24,game,130.5,Josh Reynolds,WR,NYJ,3500,17.6,7.9
2025,5,25,boom,128.8,Christian McCaffrey,RB,SF,8600,21.9,27.9
2025,5,25,boom,128.8,Justin Herbert,QB,LAC,6100,22.0,15.6
2025,5,25,boom,128.8,Kyren Williams,RB,LA,6000,14.9,32.1
2025,5,25,boom,128.8,Trey McBride,TE,ARI,5800,16.1,9.1
2025,5,25,boom,128.8,Quentin Johnston,WR,LAC,5700,15.4,7.9
2025,5,25,boom,128.8,Keenan Allen,WR,LAC,5600,13.3,10.8
2025,5,25,boom,128.8,Dalton Kincaid,TE,BUF,4400,9.3,19.8
2025,5,25,boom,128.8,MIN DST,DST,MIN,3800,10.5,3.0
2025,5,25,boom,128.8,Jaylin Lane,WR,WAS,3100,9.8,2.6
2025,5,26,boom,125.5,De'Von Achane,RB,MIA,7300,19.1,16.6
2025,5,26,boom,125.5,Jaxon Smith-Njigba,WR,SEA,7100,17.1,30.2
2025,5,26,boom,125.5,George Pickens,WR,DAL,6600,15.4,13.7
2025,5,26,boom,125.5,Kenneth Walker III,RB,SEA,6300,13.2,9.6
2025,5,26,boom,125.5,Wan'Dale Robinson,WR,NYG,5300,11.6,8.2
2025,5,26,boom,125.5,Spencer Rattler,QB,NO,4800,14.3,16.1
2025,5,26,boom,125.5,Rashid Shaheed,WR,NO,4500,10.6,24.4
2025,5,26,boom,125.5,Juwan Johnson,TE,NO,3900,21.6,3.7
2025,5,26,boom,125.5,MIN DST,DST,MIN,3800,10.5,3.0
2025,5,27,boom,124.5,Jonathan Taylor,RB,IND,8000,21.4,31.6
2025,5,27,boom,124.5,Ja'Marr Chase,WR,CIN,7800,15.5,32.0
2025,5,27,boom,124.5,Davante Adams,WR,LA,6200,15.6,13.8
2025,5,27,boom,124.5,Chase Brown,RB,CIN,6100,12.6,11.8
2025,5,27,boom,124.5,Jakobi Meyers,WR,LV,5600,15.3,7.2
2025,5,27,boom,124.5,Geno Smith,QB,LV,5400,18.7,7.9
2025,5,27,boom,124.5,Tre Tucker,WR,LV,4700,11.7,11.1
2025,5,27,boom,124.5,Cade Otton,TE,TB,3300,16.0,12.1
2025,5,27,boom,124.5,SEA DST,DST,SEA,2800,9.0,-3.0
2025,5,28,boom,123.6,Christian McCaffrey,RB,SF,8600,21.9,27.9
2025,5,28,boom,123.6,Saquon Barkley,RB,PHI,7500,17.4,17.8
2025,5,28,boom,123.6,Kyler Murray,QB,ARI,5900,20.5,16.3
2025,5,28,boom,123.6,Trey McBride,TE,ARI,5800,16.1,9.1
2025,5,28,boom,123.6,Ladd McConkey,WR,LAC,5500,13.1,14.9
2025,5,28,boom,123.6,Marvin Harrison Jr.,WR,ARI,5400,12.4,13.8
2025,5,28,boom,123.6,Jameson Williams,WR,DET,4900,11.9,2.0
2025,5,28,boom,123.6,Elic Ayomanor,WR,TEN,4100,9.1,3.8
2025,5,28,boom,123.6,NO DST,DST,NO,2200,8.1,18.0
2025,5,29,boom,122.3,Jonathan Taylor,RB,IND,8000,21.4,31.6
2025,5,29,boom,122.3,Zay Flowers,WR,BAL,6200,13.0,12.2
2025,5,29,boom,122.3,Garrett Wilson,WR,NYJ,6100,16.8,19.1
2025,5,29,boom,122.3,Jakobi Meyers,WR,LV,5600,15.3,7.2
2025,5,29,boom,122.3,Tony Pollard,RB,TEN,5400,12.5,15.8
2025,5,29,boom,122.3,Geno Smith,QB,LV,5400,18.7,7.9
2025,5,29,boom,122.3,Tyler Warren,TE,IND,4700,14.0,14.4
2025,5,29,boom,122.3,Tre Tucker,WR,LV,4700,11.7,11.1
2025,5,29,boom,122.3,MIN DST,DST,MIN,3800,10.5,3.0
2025,5,30,boom,121.6,Puka Nacua,WR,LA,8400,20.8,24.5
2025,5,30,boom,121.6,Jalen Hurts,QB,PHI,6800,22.5,19.5
2025,5,30,boom,121.6,Ashton Jeanty,RB,LV,6700,15.0,15.9
2025,5,30,boom,121.6,A.J. Brown,WR,PHI,6000,13.3,9.3
2025,5,30,boom,121.6,Alvin Kamara,RB,NO,5900,13.7,9.5
2025,5,30,boom,121.6,DeVonta Smith,WR,PHI,5000,10.9,22.4
2025,5,30,boom,121.6,Troy Franklin,WR,DEN,4000,19.0,8.5
2025,5,30,boom,121.6,Dalton Schultz,TE,HOU,3600,16.8,11.0
2025,5,30,boom,121.6,LAR DST,DST,LAR,3100,9.9,1.0
2025,5,31,boom,121.2,Jonathan Taylor,RB,IND,8000,21.4,31.6
2025,5,31,boom,121.2,Saquon Barkley,RB,PHI,7500,17.4,17.8
2025,5,31,boom,121.2,Courtland Sutton,WR,DEN,6000,12.9,17.9
2025,5,31,boom,121.2,Quentin Johnston,WR,LAC,5700,15.4,7.9
2025,5,31,boom,121.2,Jakobi Meyers,WR,LV,5600,15.3,7.2
2025,5,31,boom,121.2,Geno Smith,QB,LV,5400,18.7,7.9
2025,5,31,boom,121.2,Tre Tucker,WR,LV,4700,11.7,11.1
2025,5,31,boom,121.2,Darren Waller,TE,MIA,3500,14.3,18.8
2025,5,31,boom,121.2,LAR DST,DST,LAR,3100,9.9,1.0
2025,5,32,lev,117.2,Christian McCaffrey,RB,SF,8600,21.9,27.9
2025,5,32,lev,117.2,Jonathan Taylor,RB,IND,8000,21.4,31.6
2025,5,32,lev,117.2,Justin Herbert,QB,LAC,6100,22.0,15.6
2025,5,32,lev,117.2,Quentin Johnston,WR,LAC,5700,15.4,7.9
2025,5,32,lev,117.2,Keenan Allen,WR,LAC,5600,13.3,10.8
2025,5,32,lev,117.2,Troy Franklin,WR,DEN,4000,19.0,8.5
2025,5,32,lev,117.2,Sterling Shepard,WR,TB,3900,18.9,11.9
2025,5,32,lev,117.2,MIN DST,DST,MIN,3800,10.5,3.0
2025,5,32,lev,117.2,Zach Ertz,TE,WAS,3800,18.0,0.0
2025,5,33,boom,116.1,Jonathan Taylor,RB,IND,8000,21.4,31.6
2025,5,33,boom,116.1,Kyren Williams,RB,LA,6000,14.9,32.1
2025,5,33,boom,116.1,A.J. Brown,WR,PHI,6000,13.3,9.3
2025,5,33,boom,116.1,Trey McBride,TE,ARI,5800,16.1,9.1
2025,5,33,boom,116.1,Keenan Allen,WR,LAC,5600,13.3,10.8
2025,5,33,boom,116.1,Jakobi Meyers,WR,LV,5600,15.3,7.2
2025,5,33,boom,116.1,Geno Smith,QB,LV,5400,18.7,7.9
2025,5,33,boom,116.1,Tre Tucker,WR,LV,4700,11.7,11.1
2025,5,33,boom,116.1,SEA DST,DST,SEA,2800,9.0,-3.0
2025,5,34,boom,113.0,Saquon Barkley,RB,PHI,7500,17.4,17.8
2025,5,34,boom,113.0,Omarion Hampton,RB,LAC,6500,16.4,13.0
2025,5,34,boom,113.0,Garrett Wilson,WR,NYJ,6100,16.8,19.1
2025,5,34,boom,113.0,Justin Herbert,QB,LAC,6100,22.0,15.6
2025,5,34,boom,113.0,Quentin Johnston,WR,LAC,5700,15.4,7.9
2025,5,34,boom,113.0,Keenan Allen,WR,LAC,5600,13.3,10.8
2025,5,34,boom,113.0,Dalton Kincaid,TE,BUF,4400,9.3,19.8
2025,5,34,boom,113.0,MIN DST,DST,MIN,3800,10.5,3.0
2025,5,34,boom,113.0,Luke McCaffrey,WR,WAS,3700,12.5,6.0
2025,5,35,boom,112.3,Amon-Ra St. Brown,WR,DET,7900,18.4,21.0
2025,5,35,boom,112.3,Ashton Jeanty,RB,LV,6700,15.0,15.9
2025,5,35,boom,112.3,Jared Goff,QB,DET,6500,20.6,21.1
2025,5,35,boom,112.3,Chase Brown,RB,CIN,6100,12.6,11.8
2025,5,35,boom,112.3,Brian Thomas Jr.,WR,JAX,6100,13.9,12.0
2025,5,35,boom,112.3,Marvin Harrison Jr.,WR,ARI,5400,12.4,13.8
2025,5,35,boom,112.3,Jameson Williams,WR,DET,4900,11.9,2.0
2025,5,35,boom,112.3,Juwan Johnson,TE,NO,3900,21.6,3.7
2025,5,35,boom,112.3,HOU DST,DST,HOU,2400,8.8,11.0
2025,5,36,boom,111.4,De'Von Achane,RB,MIA,7300,19.1,16.6
2025,5,36,boom,111.4,Jalen Hurts,QB,PHI,6800,22.5,19.5
2025,5,36,boom,111.4,A.J. Brown,WR,PHI,6000,13.3,9.3
2025,5,36,boom,111.4,Trey McBride,TE,ARI,5800,16.1,9.1
2025,5,36,boom,111.4,Jakobi Meyers,WR,LV,5600,15.3,7.2
2025,5,36,boom,111.4,Tony Pollard,RB,TEN,5400,12.5,15.8
2025,5,36,boom,111.4,DeVonta Smith,WR,PHI,5000,10.9,22.4
2025,5,36,boom,111.4,Troy Franklin,WR,DEN,4000,19.0,8.5
2025,5,36,boom,111.4,MIN DST,DST,MIN,3800,10.5,3.0
2025,5,37,game,110.4,Christian McCaffrey,RB,SF,8600,21.9,27.9
2025,5,37,game,110.4,Saquon Barkley,RB,PHI,7500,17.4,17.8
2025,5,37,game,110.4,Jalen Hurts,QB,PHI,6800,22.5,19.5
2025,5,37,game,110.4,A.J. Brown,WR,PHI,6000,13.3,9.3
2025,5,37,game,110.4,Trey McBride,TE,ARI,5800,16.1,9.1
2025,5,37,game,110.4,Troy Franklin,WR,DEN,4000,19.0,8.5
2025,5,37,game,110.4,Sterling Shepard,WR,TB,3900,18.9,11.9
2025,5,37,game,110.4,MIN DST,DST,MIN,3800,10.5,3.0
2025,5,37,game,110.4,Jahan Dotson,WR,PHI,3400,13.2,3.4
2025,5,38,boom,105.6,Jonathan Taylor,RB,IND,8000,21.4,31.6
2025,5,38,boom,105.6,Courtland Sutton,WR,DEN,6000,12.9,17.9
2025,5,38,boom,105.6,A.J. Brown,WR,PHI,6000,13.3,9.3
2025,5,38,boom,105.6,Trey McBride,TE,ARI,5800,16.1,9.1
2025,5,38,boom,105.6,Quentin Johnston,WR,LAC,5700,15.4,7.9
2025,5,38,boom,105.6,Bo Nix,QB,DEN,5700,16.9,17.9
2025,5,38,boom,105.6,Woody Marks,RB,HOU,5400,11.5,2.4
2025,5,38,boom,105.6,Troy Franklin,WR,DEN,4000,19.0,8.5
2025,5,38,boom,105.6,LAR DST,DST,LAR,3100,9.9,1.0
2025,5,39,boom,99.7,De'Von Achane,RB,MIA,7300,19.1,16.6
2025,5,39,boom,99.7,George Pickens,WR,DAL,6600,15.4,13.7
2025,5,39,boom,99.7,Omarion Hampton,RB,LAC,6500,16.4,13.0
2025,5,39,boom,99.7,Justin Herbert,QB,LAC,6100,22.0,15.6
2025,5,39,boom,99.7,Quentin Johnston,WR,LAC,5700,15.4,7.9
2025,5,39,boom,99.7,Keenan Allen,WR,LAC,5600,13.3,10.8
2025,5,39,boom,99.7,Travis Kelce,TE,KC,4300,9.7,19.1
2025,5,39,boom,99.7,MIN DST,DST,MIN,3800,10.5,3.0
2025,5,39,boom,99.7,Zach Ertz,TE,WAS,3800,18.0,0.0
2025,5,40,boom,98.0,Amon-Ra St. Brown,WR,DET,7900,18.4,21.0
2025,5,40,boom,98.0,Saquon Barkley,RB,PHI,7500,17.4,17.8
2025,5,40,boom,98.0,Jared Goff,QB,DET,6500,20.6,21.1
2025,5,40,boom,98.0,Chase Brown,RB,CIN,6100,12.6,11.8
2025,5,40,boom,98.0,Trey McBride,TE,ARI,5800,16.1,9.1
2025,5,40,boom,98.0,Tetairoa McMillan,WR,CAR,5700,13.5,13.3
2025,5,40,boom,98.0,Jameson Williams,WR,DET,4900,11.9,2.0
2025,5,40,boom,98.0,LAR DST,DST,LAR,3100,9.9,1.0
2025,5,40,boom,98.0,Drew Sample,TE,CIN,2500,8.2,0.9
2025,6,1,boom,191.4,Bijan Robinson,RB,ATL,8200,19.8,38.8
2025,6,1,boom,191.4,Josh Jacobs,RB,GB,7300,17.7,32.0
2025,6,1,boom,191.4,Jayden Daniels,QB,WAS,6900,22.8,23.6
2025,6,1,boom,191.4,Brian Thomas Jr.,WR,JAX,6200,13.1,23.0
2025,6,1,boom,191.4,Jakobi Meyers,WR,LV,5800,13.9,7.9
2025,6,1,boom,191.4,D'Andre Swift,RB,CHI,5500,13.4,28.5
2025,6,1,boom,191.4,Luke McCaffrey,WR,WAS,3800,15.4,10.3
2025,6,1,boom,191.4,Zach Ertz,TE,WAS,3600,19.4,16.3
2025,6,1,boom,191.4,SEA DST,DST,SEA,2700,7.7,11.0
2025,6,2,boom,162.9,De'Von Achane,RB,MIA,7800,18.5,34.0
2025,6,2,boom,162.9,George Pickens,WR,DAL,6800,16.2,34.8
2025,6,2,boom,162.9,Dak Prescott,QB,DAL,6500,19.5,22.3
2025,6,2,boom,162.9,Tetairoa McMillan,WR,CAR,6000,14.4,17.9
2025,6,2,boom,162.9,David Montgomery,RB,DET,5500,11.2,8.1
2025,6,2,boom,162.9,Jake Ferguson,TE,DAL,5300,13.6,12.3
2025,6,2,boom,162.9,Cooper Kupp,WR,SEA,4600,10.7,12.0
2025,6,2,boom,162.9,Sam LaPorta,TE,DET,4400,10.8,16.5
2025,6,2,boom,162.9,NE DST,DST,NE,3100,8.0,5.0
2025,6,3,boom,161.4,Jonathan Taylor,RB,IND,8500,21.3,26.7
2025,6,3,boom,161.4,George Pickens,WR,DAL,6800,16.2,34.8
2025,6,3,boom,161.4,Dak Prescott,QB,DAL,6500,19.5,22.3
2025,6,3,boom,161.4,Courtland Sutton,WR,DEN,6100,14.3,2.7
2025,6,3,boom,161.4,Tetairoa McMillan,WR,CAR,6000,14.4,17.9
2025,6,3,boom,161.4,Rico Dowdle,RB,CAR,5800,14.6,36.9
2025,6,3,boom,161.4,Travis Kelce,TE,KC,4100,11.2,13.8
2025,6,3,boom,161.4,Ryan Flournoy,WR,DAL,3600,19.1,6.3
2025,6,3,boom,161.4,CLE DST,DST,CLE,2500,7.6,0.0
2025,6,4,game,161.3,Jonathan Taylor,RB,IND,8500,21.3,26.7
2025,6,4,game,161.3,De'Von Achane,RB,MIA,7800,18.5,34.0
2025,6,4,game,161.3,Justin Herbert,QB,LAC,6300,21.4,18.8
2025,6,4,game,161.3,Ladd McConkey,WR,LAC,5700,14.1,26.0
2025,6,4,game,161.3,Keenan Allen,WR,LAC,5600,13.2,6.7
2025,6,4,game,161.3,Dallas Goedert,TE,PHI,4000,17.8,29.0
2025,6,4,game,161.3,GB DST,DST,GB,3700,10.0,2.0
2025,6,4,game,161.3,Malik Washington,WR,MIA,3700,14.3,6.3
2025,6,4,game,161.3,Jake Tonges,TE,SF,3700,18.5,11.8
2025,6,5,boom,160.9,Jonathan Taylor,RB,IND,8500,21.3,26.7
2025,6,5,boom,160.9,Christian McCaffrey,RB,SF,8400,20.6,24.1
2025,6,5,boom,160.9,George Pickens,WR,DAL,6800,16.2,34.8
2025,6,5,boom,160.9,Baker Mayfield,QB,TB,6600,20.3,19.6
2025,6,5,boom,160.9,Tyler Warren,TE,IND,4900,12.5,18.3
2025,6,5,boom,160.9,Josh Downs,WR,IND,4300,9.5,16.2
2025,6,5,boom,160.9,Sterling Shepard,WR,TB,3800,20.4,7.1
2025,6,5,boom,160.9,Cade Otton,TE,TB,3400,20.4,10.1
2025,6,5,boom,160.9,IND DST,DST,IND,3300,9.2,4.0
2025,6,6,boom,153.1,Josh Jacobs,RB,GB,7300,17.7,32.0
2025,6,6,boom,153.1,George Pickens,WR,DAL,6800,16.2,34.8
2025,6,6,boom,153.1,Dak Prescott,QB,DAL,6500,19.5,22.3
2025,6,6,boom,153.1,Tetairoa McMillan,WR,CAR,6000,14.4,17.9
2025,6,6,boom,153.1,Jakobi Meyers,WR,LV,5800,13.9,7.9
2025,6,6,boom,153.1,Kenneth Gainwell,RB,PIT,5400,12.1,9.6
2025,6,6,boom,153.1,Tucker Kraft,TE,GB,4700,12.4,12.3
2025,6,6,boom,153.1,Ryan Flournoy,WR,DAL,3600,19.1,6.3
2025,6,6,boom,153.1,PIT DST,DST,PIT,3600,10.2,10.0
2025,6,7,game,148.2,Puka Nacua,WR,LA,8700,20.6,4.8
2025,6,7,game,148.2,Jonathan Taylor,RB,IND,8500,21.3,26.7
2025,6,7,game,148.2,Christian McCaffrey,RB,SF,8400,20.6,24.1
2025,6,7,game,148.2,Drake Maye,QB,NE,5900,19.6,27.2
2025,6,7,game,148.2,Chris Olave,WR,NO,5100,13.2,15.8
2025,6,7,game,148.2,Kayshon Boutte,WR,NE,3800,14.4,26.3
2025,6,7,game,148.2,Juwan Johnson,TE,NO,3300,16.9,2.5
2025,6,7,game,148.2,LV DST,DST,LV,3200,8.0,16.0
2025,6,7,game,148.2,Mack Hollins,WR,NE,3100,12.2,4.8
2025,6,8,boom,147.5,Jonathan Taylor,RB,IND,8500,21.3,26.7
2025,6,8,boom,147.5,George Pickens,WR,DAL,6800,16.2,34.8
2025,6,8,boom,147.5,Davante Adams,WR,LA,6700,15.6,7.9
2025,6,8,boom,147.5,Jared Goff,QB,DET,6300,18.9,16.8
2025,6,8,boom,147.5,Isiah Pacheco,RB,KC,5100,7.3,6.1
2025,6,8,boom,147.5,Jameson Williams,WR,DET,4700,10.4,18.6
2025,6,8,boom,147.5,Sam LaPorta,TE,DET,4400,10.8,16.5
2025,6,8,boom,147.5,PIT DST,DST,PIT,3600,10.2,10.0
2025,6,8,boom,147.5,Cade Otton,TE,TB,3400,20.4,10.1
2025,6,9,boom,147.3,Jonathan Taylor,RB,IND,8500,21.3,26.7
2025,6,9,boom,147.3,Christian McCaffrey,RB,SF,8400,20.6,24.1
2025,6,9,boom,147.3,Drake London,WR,ATL,6200,15.7,34.8
2025,6,9,boom,147.3,Tetairoa McMillan,WR,CAR,6000,14.4,17.9
2025,6,9,boom,147.3,Mac Jones,QB,SF,5600,17.7,16.2
2025,6,9,boom,147.3,Jauan Jennings,WR,SF,4800,11.5,1.7
2025,6,9,boom,147.3,Jake Tonges,TE,SF,3700,18.5,11.8
2025,6,9,boom,147.3,Cade Otton,TE,TB,3400,20.4,10.1
2025,6,9,boom,147.3,IND DST,DST,IND,3300,9.2,4.0
2025,6,10,lev,140.8,Puka Nacua,WR,LA,8700,20.6,4.8
2025,6,10,lev,140.8,Jonathan Taylor,RB,IND,8500,21.3,26.7
2025,6,10,lev,140.8,Bijan Robinson,RB,ATL,8200,19.8,38.8
2025,6,10,lev,140.8,Jayden Daniels,QB,WAS,6900,22.8,23.6
2025,6,10,lev,140.8,Luke McCaffrey,WR,WAS,3800,15.4,10.3
2025,6,10,lev,140.8,Zach Ertz,TE,WAS,3600,19.4,16.3
2025,6,10,lev,140.8,Ryan Flournoy,WR,DAL,3600,19.1,6.3
2025,6,10,lev,140.8,DEN DST,DST,DEN,3400,9.0,13.0
2025,6,10,lev,140.8,Cole Kmet,TE,CHI,3200,16.1,1.0
2025,6,11,boom,139.7,Jonathan Taylor,RB,IND,8500,21.3,26.7
2025,6,11,boom,139.7,Dak Prescott,QB,DAL,6500,19.5,22.3
2025,6,11,boom,139.7,Drake London,WR,ATL,6200,15.7,34.8
2025,6,11,boom,139.7,Tetairoa McMillan,WR,CAR,6000,14.4,17.9
2025,6,11,boom,139.7,J.K. Dobbins,RB,DEN,5700,12.5,4.0
2025,6,11,boom,139.7,DeVonta Smith,WR,PHI,5600,11.7,8.9
2025,6,11,boom,139.7,Jake Ferguson,TE,DAL,5300,13.6,12.3
2025,6,11,boom,139.7,Jalen Tolbert,WR,DAL,3500,16.4,1.8
2025,6,11,boom,139.7,SEA DST,DST,SEA,2700,7.7,11.0
2025,6,12,game,139.7,Christian McCaffrey,RB,SF,8400,20.6,24.1
2025,6,12,game,139.7,De'Von Achane,RB,MIA,7800,18.5,34.0
2025,6,12,game,139.7,Justin Herbert,QB,LAC,6300,21.4,18.8
2025,6,12,game,139.7,Ladd McConkey,WR,LAC,5700,14.1,26.0
2025,6,12,game,139.7,Keenan Allen,WR,LAC,5600,13.2,6.7
2025,6,12,game,139.7,Darren Waller,TE,MIA,4000,14.5,9.2
2025,6,12,game,139.7,Sterling Shepard,WR,TB,3800,20.4,7.1
2025,6,12,game,139.7,Jake Tonges,TE,SF,3700,18.5,11.8
2025,6,12,game,139.7,GB DST,DST,GB,3700,10.0,2.0
2025,6,13,lev,139.0,Jonathan Taylor,RB,IND,8500,21.3,26.7
2025,6,13,lev,139.0,Christian McCaffrey,RB,SF,8400,20.6,24.1
2025,6,13,lev,139.0,Emeka Egbuka,WR,TB,7200,17.5,4.4
2025,6,13,lev,139.0,Baker Mayfield,QB,TB,6600,20.3,19.6
2025,6,13,lev,139.0,Dallas Goedert,TE,PHI,4000,17.8,29.0
2025,6,13,lev,139.0,Sterling Shepard,WR,TB,3800,20.4,7.1
2025,6,13,lev,139.0,Jake Tonges,TE,SF,3700,18.5,11.8
2025,6,13,lev,139.0,PIT DST,DST,PIT,3600,10.2,10.0
2025,6,13,lev,139.0,Ryan Flournoy,WR,DAL,3600,19.1,6.3
2025,6,14,lev,138.6,Jonathan Taylor,RB,IND,8500,21.3,26.7
2025,6,14,lev,138.6,Christian McCaffrey,RB,SF,8400,20.6,24.1
2025,6,14,lev,138.6,Amon-Ra St. Brown,WR,DET,7900,18.5,13.7
2025,6,14,lev,138.6,Baker Mayfield,QB,TB,6600,20.3,19.6
2025,6,14,lev,138.6,Dallas Goedert,TE,PHI,4000,17.8,29.0
2025,6,14,lev,138.6,Sterling Shepard,WR,TB,3800,20.4,7.1
2025,6,14,lev,138.6,GB DST,DST,GB,3700,10.0,2.0
2025,6,14,lev,138.6,Ryan Flournoy,WR,DAL,3600,19.1,6.3
2025,6,14,lev,138.6,Cade Otton,TE,TB,3400,20.4,10.1
2025,6,15,lev,138.2,Puka Nacua,WR,LA,8700,20.6,4.8
2025,6,15,lev,138.2,Jonathan Taylor,RB,IND,8500,21.3,26.7
2025,6,15,lev,138.2,Bijan Robinson,RB,ATL,8200,19.8,38.8
2025,6,15,lev,138.2,Baker Mayfield,QB,TB,6600,20.3,19.6
2025,6,15,lev,138.2,Sterling Shepard,WR,TB,3800,20.4,7.1
2025,6,15,lev,138.2,Jake Tonges,TE,SF,3700,18.5,11.8
2025,6,15,lev,138.2,Ryan Flournoy,WR,DAL,3600,19.1,6.3
2025,6,15,lev,138.2,DEN DST,DST,DEN,3400,9.0,13.0
2025,6,15,lev,138.2,Cade Otton,TE,TB,3400,20.4,10.1
2025,6,16,boom,138.1,De'Von Achane,RB,MIA,7800,18.5,34.0
2025,6,16,boom,138.1,Emeka Egbuka,WR,TB,7200,17.5,4.4
2025,6,16,boom,138.1,Jared Goff,QB,DET,6300,18.9,16.8
2025,6,16,boom,138.1,Rachaad White,RB,TB,6000,15.7,17.6
2025,6,16,boom,138.1,Chris Olave,WR,NO,5100,13.2,15.8
2025,6,16,boom,138.1,Jameson Williams,WR,DET,4700,10.4,18.6
2025,6,16,boom,138.1,Kareem Hunt,RB,KC,4600,6.8,4.4
2025,6,16,boom,138.1,Sam LaPorta,TE,DET,4400,10.8,16.5
2025,6,16,boom,138.1,PIT DST,DST,PIT,3600,10.2,10.0
2025,6,17,lev,136.9,Puka Nacua,WR,LA,8700,20.6,4.8
2025,6,17,lev,136.9,Christian McCaffrey,RB,SF,8400,20.6,24.1
2025,6,17,lev,136.9,Bijan Robinson,RB,ATL,8200,19.8,38.8
2025,6,17,lev,136.9,Baker Mayfield,QB,TB,6600,20.3,19.6
2025,6,17,lev,136.9,Xavier Legette,WR,CAR,3900,17.4,3.1
2025,6,17,lev,136.9,Sterling Shepard,WR,TB,3800,20.4,7.1
2025,6,17,lev,136.9,Zach Ertz,TE,WAS,3600,19.4,16.3
2025,6,17,lev,136.9,Cade Otton,TE,TB,3400,20.4,10.1
2025,6,17,lev,136.9,DEN DST,DST,DEN,3400,9.0,13.0
2025,6,18,boom,134.2,Jonathan Taylor,RB,IND,8500,21.3,26.7
2025,6,18,boom,134.2,De'Von Achane,RB,MIA,7800,18.5,34.0
2025,6,18,boom,134.2,Jaylen Waddle,WR,MIA,6100,15.0,15.8
2025,6,18,boom,134.2,Keenan Allen,WR,LAC,5600,13.2,6.7
2025,6,18,boom,134.2,Tua Tagovailoa,QB,MIA,5500,16.3,9.6
2025,6,18,boom,134.2,D'Andre Swift,RB,CHI,5500,13.4,28.5
2025,6,18,boom,134.2,Jauan Jennings,WR,SF,4800,11.5,1.7
2025,6,18,boom,134.2,Darren Waller,TE,MIA,4000,14.5,9.2
2025,6,18,boom,134.2,MIA DST,DST,MIA,2200,6.5,2.0
2025,6,19,boom,131.6,Christian McCaffrey,RB,SF,8400,20.6,24.1
2025,6,19,boom,131.6,Saquon Barkley,RB,PHI,7600,17.7,8.7
2025,6,19,boom,131.6,Baker Mayfield,QB,TB,6600,20.3,19.6
2025,6,19,boom,131.6,A.J. Brown,WR,PHI,5700,13.4,14.0
2025,6,19,boom,131.6,Ladd McConkey,WR,LAC,5700,14.1,26.0
2025,6,19,boom,131.6,Cooper Kupp,WR,SEA,4600,10.7,12.0
2025,6,19,boom,131.6,Sterling Shepard,WR,TB,3800,20.4,7.1
2025,6,19,boom,131.6,PIT DST,DST,PIT,3600,10.2,10.0
2025,6,19,boom,131.6,Cade Otton,TE,TB,3400,20.4,10.1
2025,6,20,lev,129.8,Jonathan Taylor,RB,IND,8500,21.3,26.7
2025,6,20,lev,129.8,Bijan Robinson,RB,ATL,8200,19.8,38.8
2025,6,20,lev,129.8,Emeka Egbuka,WR,TB,7200,17.5,4.4
2025,6,20,lev,129.8,Baker Mayfield,QB,TB,6600,20.3,19.6
2025,6,20,lev,129.8,Xavier Legette,WR,CAR,3900,17.4,3.1
2025,6,20,lev,129.8,Sterling Shepard,WR,TB,3800,20.4,7.1
2025,6,20,lev,129.8,Jake Tonges,TE,SF,3700,18.5,11.8
2025,6,20,lev,129.8,GB DST,DST,GB,3700,10.0,2.0
2025,6,20,lev,129.8,Zach Ertz,TE,WAS,3600,19.4,16.3
2025,6,21,lev,129.8,Christian McCaffrey,RB,SF,8400,20.6,24.1
2025,6,21,lev,129.8,Bijan Robinson,RB,ATL,8200,19.8,38.8
2025,6,21,lev,129.8,Emeka Egbuka,WR,TB,7200,17.5,4.4
2025,6,21,lev,129.8,Baker Mayfield,QB,TB,6600,20.3,19.6
2025,6,21,lev,129.8,Elic Ayomanor,WR,TEN,3900,17.1,5.7
2025,6,21,lev,129.8,Sterling Shepard,WR,TB,3800,20.4,7.1
2025,6,21,lev,129.8,Jake Tonges,TE,SF,3700,18.5,11.8
2025,6,21,lev,129.8,GB DST,DST,GB,3700,10.0,2.0
2025,6,21,lev,129.8,Zach Ertz,TE,WAS,3600,19.4,16.3
2025,6,22,lev,125.8,Puka Nacua,WR,LA,8700,20.6,4.8
2025,6,22,lev,125.8,Jonathan Taylor,RB,IND,8500,21.3,26.7
2025,6,22,lev,125.8,De'Von Achane,RB,MIA,7800,18.5,34.0
2025,6,22,lev,125.8,Jayden Daniels,QB,WAS,6900,22.8,23.6
2025,6,22,lev,125.8,Sterling Shepard,WR,TB,3800,20.4,7.1
2025,6,22,lev,125.8,Luke McCaffrey,WR,WAS,3800,15.4,10.3
2025,6,22,lev,125.8,GB DST,DST,GB,3700,10.0,2.0
2025,6,22,lev,125.8,Zach Ertz,TE,WAS,3600,19.4,16.3
2025,6,22,lev,125.8,Cole Kmet,TE,CHI,3200,16.1,1.0
2025,6,23,lev,124.8,Jonathan Taylor,RB,IND,8500,21.3,26.7
2025,6,23,lev,124.8,Christian McCaffrey,RB,SF,8400,20.6,24.1
2025,6,23,lev,124.8,Amon-Ra St. Brown,WR,DET,7900,18.5,13.7
2025,6,23,lev,124.8,Jayden Daniels,QB,WAS,6900,22.8,23.6
2025,6,23,lev,124.8,Luke McCaffrey,WR,WAS,3800,15.4,10.3
2025,6,23,lev,124.8,Sterling Shepard,WR,TB,3800,20.4,7.1
2025,6,23,lev,124.8,GB DST,DST,GB,3700,10.0,2.0
2025,6,23,lev,124.8,Zach Ertz,TE,WAS,3600,19.4,16.3
2025,6,23,lev,124.8,Cole Kmet,TE,CHI,3200,16.1,1.0
2025,6,24,boom,124.7,Jonathan Taylor,RB,IND,8500,21.3,26.7
2025,6,24,boom,124.7,Garrett Wilson,WR,NYJ,6300,14.0,4.3
2025,6,24,boom,124.7,Daniel Jones,QB,IND,6000,17.7,23.5
2025,6,24,boom,124.7,Jakobi Meyers,WR,LV,5800,13.9,7.9
2025,6,24,boom,124.7,Trey McBride,TE,ARI,5500,13.1,21.2
2025,6,24,boom,124.7,David Montgomery,RB,DET,5500,11.2,8.1
2025,6,24,boom,124.7,Alec Pierce,WR,IND,4400,8.1,6.8
2025,6,24,boom,124.7,Josh Downs,WR,IND,4300,9.5,16.2
2025,6,24,boom,124.7,PIT DST,DST,PIT,3600,10.2,10.0
2025,6,25,boom,124.4,Christian McCaffrey,RB,SF,8400,20.6,24.1
2025,6,25,boom,124.4,Bijan Robinson,RB,ATL,8200,19.8,38.8
2025,6,25,boom,124.4,Courtland Sutton,WR,DEN,6100,14.3,2.7
2025,6,25,boom,124.4,Jakobi Meyers,WR,LV,5800,13.9,7.9
2025,6,25,boom,124.4,Bo Nix,QB,DEN,5800,20.0,13.4
2025,6,25,boom,124.4,Trey McBride,TE,ARI,5500,13.1,21.2
2025,6,25,boom,124.4,Troy Franklin,WR,DEN,4100,9.8,4.1
2025,6,25,boom,124.4,Mason Taylor,TE,NYJ,3300,16.3,1.2
2025,6,25,boom,124.4,SEA DST,DST,SEA,2700,7.7,11.0
2025,6,26,boom,123.9,Bijan Robinson,RB,ATL,8200,19.8,38.8
2025,6,26,boom,123.9,Kyren Williams,RB,LA,6300,16.2,16.7
2025,6,26,boom,123.9,Garrett Wilson,WR,NYJ,6300,14.0,4.3
2025,6,26,boom,123.9,Courtland Sutton,WR,DEN,6100,14.3,2.7
2025,6,26,boom,123.9,Bo Nix,QB,DEN,5800,20.0,13.4
2025,6,26,boom,123.9,Chris Olave,WR,NO,5100,13.2,15.8
2025,6,26,boom,123.9,Tyler Warren,TE,IND,4900,12.5,18.3
2025,6,26,boom,123.9,Evan Engram,TE,DEN,3900,14.6,9.9
2025,6,26,boom,123.9,IND DST,DST,IND,3300,9.2,4.0
2025,6,27,boom,115.8,Jonathan Taylor,RB,IND,8500,21.3,26.7
2025,6,27,boom,115.8,Jaxon Smith-Njigba,WR,SEA,7600,17.4,33.2
2025,6,27,boom,115.8,Davante Adams,WR,LA,6700,15.6,7.9
2025,6,27,boom,115.8,Matthew Stafford,QB,LA,6400,20.0,10.3
2025,6,27,boom,115.8,Zay Flowers,WR,BAL,5900,12.6,9.6
2025,6,27,boom,115.8,Alvin Kamara,RB,NO,5700,12.2,12.6
2025,6,27,boom,115.8,Travis Kelce,TE,KC,4100,11.2,13.8
2025,6,27,boom,115.8,CLE DST,DST,CLE,2500,7.6,0.0
2025,6,27,boom,115.8,Davis Allen,TE,LA,2500,8.7,1.7
2025,6,28,boom,114.3,De'Von Achane,RB,MIA,7800,18.5,34.0
2025,6,28,boom,114.3,Rome Odunze,WR,CHI,6500,13.9,5.2
2025,6,28,boom,114.3,Kyren Williams,RB,LA,6300,16.2,16.7
2025,6,28,boom,114.3,Courtland Sutton,WR,DEN,6100,14.3,2.7
2025,6,28,boom,114.3,Kenneth Walker III,RB,SEA,6100,12.7,4.7
2025,6,28,boom,114.3,Caleb Williams,QB,CHI,5600,16.8,19.9
2025,6,28,boom,114.3,PIT DST,DST,PIT,3600,10.2,10.0
2025,6,28,boom,114.3,Zach Ertz,TE,WAS,3600,19.4,16.3
2025,6,28,boom,114.3,Olamide Zaccheaus,WR,CHI,3500,14.7,4.8
2025,6,29,boom,113.8,Puka Nacua,WR,LA,8700,20.6,4.8
2025,6,29,boom,113.8,Amon-Ra St. Brown,WR,DET,7900,18.5,13.7
2025,6,29,boom,113.8,Patrick Mahomes,QB,KC,6500,23.1,31.5
2025,6,29,boom,113.8,Kyren Williams,RB,LA,6300,16.2,16.7
2025,6,29,boom,113.8,Derrick Henry,RB,BAL,6200,11.8,17.0
2025,6,29,boom,113.8,Rashid Shaheed,WR,NO,4600,11.0,6.8
2025,6,29,boom,113.8,Travis Kelce,TE,KC,4100,11.2,13.8
2025,6,29,boom,113.8,NE DST,DST,NE,3100,8.0,5.0
2025,6,29,boom,113.8,Noah Gray,TE,KC,2600,11.7,4.5
2025,6,30,boom,113.4,Jalen Hurts,QB,PHI,6700,20.8,21.6
2025,6,30,boom,113.4,Javonte Williams,RB,DAL,6400,16.5,8.4
2025,6,30,boom,113.4,Drake London,WR,ATL,6200,15.7,34.8
2025,6,30,boom,113.4,Courtland Sutton,WR,DEN,6100,14.3,2.7
2025,6,30,boom,113.4,A.J. Brown,WR,PHI,5700,13.4,14.0
2025,6,30,boom,113.4,DeVonta Smith,WR,PHI,5600,11.7,8.9
2025,6,30,boom,113.4,Jaylen Warren,RB,PIT,5400,13.2,8.3
2025,6,30,boom,113.4,Theo Johnson,TE,NYG,3800,16.9,4.7
2025,6,30,boom,113.4,PIT DST,DST,PIT,3600,10.2,10.0
2025,6,31,game,108.7,Puka Nacua,WR,LA,8700,20.6,4.8
2025,6,31,game,108.7,Jonathan Taylor,RB,IND,8500,21.3,26.7
2025,6,31,game,108.7,Dak Prescott,QB,DAL,6500,19.5,22.3
2025,6,31,game,108.7,Javonte Williams,RB,DAL,6400,16.5,8.4
2025,6,31,game,108.7,Jake Ferguson,TE,DAL,5300,13.6,12.3
2025,6,31,game,108.7,Xavier Legette,WR,CAR,3900,17.4,3.1
2025,6,31,game,108.7,Jake Tonges,TE,SF,3700,18.5,11.8
2025,6,31,game,108.7,Ryan Flournoy,WR,DAL,3600,19.1,6.3
2025,6,31,game,108.7,DEN DST,DST,DEN,3400,9.0,13.0
2025,6,32,boom,107.7,Puka Nacua,WR,LA,8700,20.6,4.8
2025,6,32,boom,107.7,Ashton Jeanty,RB,LV,6900,17.2,16.6
2025,6,32,boom,107.7,Courtland Sutton,WR,DEN,6100,14.3,2.7
2025,6,32,boom,107.7,Drake Maye,QB,NE,5900,19.6,27.2
2025,6,32,boom,107.7,Alvin Kamara,RB,NO,5700,12.2,12.6
2025,6,32,boom,107.7,Tre Tucker,WR,LV,4800,11.3,12.0
2025,6,32,boom,107.7,Hunter Henry,TE,NE,4300,9.8,5.7
2025,6,32,boom,107.7,PIT DST,DST,PIT,3600,10.2,10.0
2025,6,32,boom,107.7,Demario Douglas,WR,NE,3300,10.0,16.1
2025,6,33,boom,107.6,Puka Nacua,WR,LA,8700,20.6,4.8
2025,6,33,boom,107.6,De'Von Achane,RB,MIA,7800,18.5,34.0
2025,6,33,boom,107.6,Josh Jacobs,RB,GB,7300,17.7,32.0
2025,6,33,boom,107.6,Zay Flowers,WR,BAL,5900,12.6,9.6
2025,6,33,boom,107.6,Jakobi Meyers,WR,LV,5800,13.9,7.9
2025,6,33,boom,107.6,Cooper Rush,QB,BAL,4500,12.2,0.9
2025,6,33,boom,107.6,Mark Andrews,TE,BAL,3800,17.0,6.6
2025,6,33,boom,107.6,Jake Tonges,TE,SF,3700,18.5,11.8
2025,6,33,boom,107.6,CLE DST,DST,CLE,2500,7.6,0.0
2025,6,34,game,107.0,Puka Nacua,WR,LA,8700,20.6,4.8
2025,6,34,game,107.0,Jonathan Taylor,RB,IND,8500,21.3,26.7
2025,6,34,game,107.0,Dak Prescott,QB,DAL,6500,19.5,22.3
2025,6,34,game,107.0,Javonte Williams,RB,DAL,6400,16.5,8.4
2025,6,34,game,107.0,Jake Ferguson,TE,DAL,5300,13.6,12.3
2025,6,34,game,107.0,Xavier Legette,WR,CAR,3900,17.4,3.1
2025,6,34,game,107.0,Sterling Shepard,WR,TB,3800,20.4,7.1
2025,6,34,game,107.0,Ryan Flournoy,WR,DAL,3600,19.1,6.3
2025,6,34,game,107.0,LV DST,DST,LV,3200,8.0,16.0
2025,6,35,boom,105.3,Jonathan Taylor,RB,IND,8500,21.3,26.7
2025,6,35,boom,105.3,Davante Adams,WR,LA,6700,15.6,7.9
2025,6,35,boom,105.3,Garrett Wilson,WR,NYJ,6300,14.0,4.3
2025,6,35,boom,105.3,Rachaad White,RB,TB,6000,15.7,17.6
2025,6,35,boom,105.3,Mac Jones,QB,SF,5600,17.7,16.2
2025,6,35,boom,105.3,Kendrick Bourne,WR,SF,5000,10.2,22.2
2025,6,35,boom,105.3,Jauan Jennings,WR,SF,4800,11.5,1.7
2025,6,35,boom,105.3,Theo Johnson,TE,NYG,3800,16.9,4.7
2025,6,35,boom,105.3,IND DST,DST,IND,3300,9.2,4.0
2025,6,36,boom,101.7,Jonathan Taylor,RB,IND,8500,21.3,26.7
2025,6,36,boom,101.7,Christian McCaffrey,RB,SF,8400,20.6,24.1
2025,6,36,boom,101.7,Emeka Egbuka,WR,TB,7200,17.5,4.4
2025,6,36,boom,101.7,Baker Mayfield,QB,TB,6600,20.3,19.6
2025,6,36,boom,101.7,Tucker Kraft,TE,GB,4700,12.4,12.3
2025,6,36,boom,101.7,Theo Johnson,TE,NYG,3800,16.9,4.7
2025,6,36,boom,101.7,Sterling Shepard,WR,TB,3800,20.4,7.1
2025,6,36,boom,101.7,PHI DST,DST,PHI,3500,9.9,1.0
2025,6,36,boom,101.7,Jalen Tolbert,WR,DAL,3500,16.4,1.8
2025,6,37,boom,100.7,Jonathan Taylor,RB,IND,8500,21.3,26.7
2025,6,37,boom,100.7,Emeka Egbuka,WR,TB,7200,17.5,4.4
2025,6,37,boom,100.7,Baker Mayfield,QB,TB,6600,20.3,19.6
2025,6,37,boom,100.7,J.K. Dobbins,RB,DEN,5700,12.5,4.0
2025,6,37,boom,100.7,Trey McBride,TE,ARI,5500,13.1,21.2
2025,6,37,boom,100.7,Jauan Jennings,WR,SF,4800,11.5,1.7
2025,6,37,boom,100.7,Tre Tucker,WR,LV,4800,11.3,12.0
2025,6,37,boom,100.7,PHI DST,DST,PHI,3500,9.9,1.0
2025,6,37,boom,100.7,Cade Otton,TE,TB,3400,20.4,10.1
2025,6,38,boom,95.5,Puka Nacua,WR,LA,8700,20.6,4.8
2025,6,38,boom,95.5,De'Von Achane,RB,MIA,7800,18.5,34.0
2025,6,38,boom,95.5,Davante Adams,WR,LA,6700,15.6,7.9
2025,6,38,boom,95.5,Matthew Stafford,QB,LA,6400,20.0,10.3
2025,6,38,boom,95.5,Rachaad White,RB,TB,6000,15.7,17.6
2025,6,38,boom,95.5,DeVonta Smith,WR,PHI,5600,11.7,8.9
2025,6,38,boom,95.5,Mark Andrews,TE,BAL,3800,17.0,6.6
2025,6,38,boom,95.5,Elijah Higgins,TE,ARI,2500,8.1,5.4
2025,6,38,boom,95.5,CLE DST,DST,CLE,2500,7.6,0.0
2025,6,39,boom,93.3,Christian McCaffrey,RB,SF,8400,20.6,24.1
2025,6,39,boom,93.3,Garrett Wilson,WR,NYJ,6300,14.0,4.3
2025,6,39,boom,93.3,Courtland Sutton,WR,DEN,6100,14.3,2.7
2025,6,39,boom,93.3,Bo Nix,QB,DEN,5800,20.0,13.4
2025,6,39,boom,93.3,Tony Pollard,RB,TEN,5500,12.6,6.7
2025,6,39,boom,93.3,Trey McBride,TE,ARI,5500,13.1,21.2
2025,6,39,boom,93.3,Rashid Shaheed,WR,NO,4600,11.0,6.8
2025,6,39,boom,93.3,Troy Franklin,WR,DEN,4100,9.8,4.1
2025,6,39,boom,93.3,PIT DST,DST,PIT,3600,10.2,10.0
2025,6,40,boom,88.3,Puka Nacua,WR,LA,8700,20.6,4.8
2025,6,40,boom,88.3,Davante Adams,WR,LA,6700,15.6,7.9
2025,6,40,boom,88.3,Javonte Williams,RB,DAL,6400,16.5,8.4
2025,6,40,boom,88.3,Matthew Stafford,QB,LA,6400,20.0,10.3
2025,6,40,boom,88.3,Alvin Kamara,RB,NO,5700,12.2,12.6
2025,6,40,boom,88.3,Rashod Bateman,WR,BAL,4400,7.1,1.8
2025,6,40,boom,88.3,Josh Downs,WR,IND,4300,9.5,16.2
2025,6,40,boom,88.3,PIT DST,DST,PIT,3600,10.2,10.0
2025,6,40,boom,88.3,Zach Ertz,TE,WAS,3600,19.4,16.3
2025,7,1,boom,191.4,Ja'Marr Chase,WR,CIN,8000,17.1,41.1
2025,7,1,boom,191.4,Saquon Barkley,RB,PHI,7700,16.8,5.2
2025,7,1,boom,191.4,Courtland Sutton,WR,DEN,5900,13.9,16.7
2025,7,1,boom,191.4,A.J. Brown,WR,PHI,5800,13.3,31.1
2025,7,1,boom,191.4,D'Andre Swift,RB,CHI,5700,13.8,23.8
2025,7,1,boom,191.4,Bo Nix,QB,DEN,5600,19.4,40.0
2025,7,1,boom,191.4,Troy Franklin,WR,DEN,3900,17.1,12.9
2025,7,1,boom,191.4,Theo Johnson,TE,NYG,3700,15.9,15.6
2025,7,1,boom,191.4,DEN DST,DST,DEN,3500,10.3,5.0
2025,7,2,boom,183.6,Bijan Robinson,RB,ATL,8300,20.8,21.2
2025,7,2,boom,183.6,Jalen Hurts,QB,PHI,6700,19.7,27.0
2025,7,2,boom,183.6,Drake London,WR,ATL,6200,16.2,8.2
2025,7,2,boom,183.6,Jordan Mason,RB,MIN,6200,13.6,11.7
2025,7,2,boom,183.6,Quentin Johnston,WR,LAC,5900,15.1,11.0
2025,7,2,boom,183.6,A.J. Brown,WR,PHI,5800,13.3,31.1
2025,7,2,boom,183.6,DeVonta Smith,WR,PHI,5700,12.5,36.3
2025,7,2,boom,183.6,NYJ DST,DST,NYJ,2600,8.4,6.0
2025,7,2,boom,183.6,Pat Freiermuth,TE,PIT,2600,10.6,31.1
2025,7,3,game,179.6,Jonathan Taylor,RB,IND,8800,19.8,34.2
2025,7,3,game,179.6,Christian McCaffrey,RB,SF,8500,21.9,42.1
2025,7,3,game,179.6,Amon-Ra St. Brown,WR,DET,8200,21.8,20.6
2025,7,3,game,179.6,Bo Nix,QB,DEN,5600,19.4,40.0
2025,7,3,game,179.6,Evan Engram,TE,DEN,4000,16.1,9.2
2025,7,3,game,179.6,Troy Franklin,WR,DEN,3900,17.1,12.9
2025,7,3,game,179.6,Theo Johnson,TE,NYG,3700,15.9,15.6
2025,7,3,game,179.6,DEN DST,DST,DEN,3500,10.3,5.0
2025,7,3,game,179.6,Lil'Jordan Humphrey,WR,NYG,3100,19.5,0.0
2025,7,4,boom,179.4,Jonathan Taylor,RB,IND,8800,19.8,34.2
2025,7,4,boom,179.4,Justin Herbert,QB,LAC,6400,20.6,32.9
2025,7,4,boom,179.4,Ladd McConkey,WR,LAC,6000,14.0,15.7
2025,7,4,boom,179.4,Quentin Johnston,WR,LAC,5900,15.1,11.0
2025,7,4,boom,179.4,A.J. Brown,WR,PHI,5800,13.3,31.1
2025,7,4,boom,179.4,Kimani Vidal,RB,LAC,5500,12.4,7.5
2025,7,4,boom,179.4,Cooper Kupp,WR,SEA,4800,10.5,3.2
2025,7,4,boom,179.4,Dalton Schultz,TE,HOU,3600,16.5,18.8
2025,7,4,boom,179.4,CLE DST,DST,CLE,3000,9.7,25.0
2025,7,5,boom,176.9,Christian McCaffrey,RB,SF,8500,21.9,42.1
2025,7,5,boom,176.9,George Pickens,WR,DAL,7300,15.0,12.2
2025,7,5,boom,176.9,Dak Prescott,QB,DAL,6500,23.0,23.3
2025,7,5,boom,176.9,Jake Ferguson,TE,DAL,5500,12.4,21.9
2025,7,5,boom,176.9,Jaylen Warren,RB,PIT,5400,14.7,22.8
2025,7,5,boom,176.9,Chris Olave,WR,NO,5400,13.7,26.8
2025,7,5,boom,176.9,Tucker Kraft,TE,GB,4900,11.0,16.8
2025,7,5,boom,176.9,Jaylin Lane,WR,WAS,3800,14.4,9.0
2025,7,5,boom,176.9,MIA DST,DST,MIA,2700,8.8,2.0
2025,7,6,lev,175.6,Christian McCaffrey,RB,SF,8500,21.9,42.1
2025,7,6,lev,175.6,Amon-Ra St. Brown,WR,DET,8200,21.8,20.6
2025,7,6,lev,175.6,CeeDee Lamb,WR,DAL,7500,18.6,25.0
2025,7,6,lev,175.6,Dak Prescott,QB,DAL,6500,23.0,23.3
2025,7,6,lev,175.6,Jaylen Warren,RB,PIT,5400,14.7,22.8
2025,7,6,lev,175.6,Zach Ertz,TE,WAS,3800,17.7,12.7
2025,7,6,lev,175.6,Cade Otton,TE,TB,3700,19.3,13.5
2025,7,6,lev,175.6,Jalen Tolbert,WR,DAL,3300,16.1,2.6
2025,7,6,lev,175.6,CHI DST,DST,CHI,3100,8.5,13.0
2025,7,7,boom,175.4,Jonathan Taylor,RB,IND,8800,19.8,34.2
2025,7,7,boom,175.4,Justin Herbert,QB,LAC,6400,20.6,32.9
2025,7,7,boom,175.4,Quentin Johnston,WR,LAC,5900,15.1,11.0
2025,7,7,boom,175.4,DK Metcalf,WR,PIT,5700,14.6,8.0
2025,7,7,boom,175.4,Keenan Allen,WR,LAC,5500,11.9,31.9
2025,7,7,boom,175.4,Wan'Dale Robinson,WR,NYG,5400,11.6,15.5
2025,7,7,boom,175.4,Isiah Pacheco,RB,KC,5000,9.6,12.4
2025,7,7,boom,175.4,Sam LaPorta,TE,DET,4300,12.4,4.5
2025,7,7,boom,175.4,CLE DST,DST,CLE,3000,9.7,25.0
2025,7,8,boom,171.1,Jaxon Smith-Njigba,WR,SEA,7900,17.4,29.3
2025,7,8,boom,171.1,Jahmyr Gibbs,RB,DET,7500,18.1,39.8
2025,7,8,boom,171.1,Javonte Williams,RB,DAL,6700,16.9,21.8
2025,7,8,boom,171.1,Drake London,WR,ATL,6200,16.2,8.2
2025,7,8,boom,171.1,Ladd McConkey,WR,LAC,6000,14.0,15.7
2025,7,8,boom,171.1,Sam Darnold,QB,SEA,5400,18.6,10.6
2025,7,8,boom,171.1,Dalton Schultz,TE,HOU,3600,16.5,18.8
2025,7,8,boom,171.1,AJ Barner,TE,SEA,3300,14.4,1.9
2025,7,8,boom,171.1,CLE DST,DST,CLE,3000,9.7,25.0
2025,7,9,boom,169.5,Christian McCaffrey,RB,SF,8500,21.9,42.1
2025,7,9,boom,169.5,Davante Adams,WR,LA,7200,17.9,26.5
2025,7,9,boom,169.5,Drake London,WR,ATL,6200,16.2,8.2
2025,7,9,boom,169.5,Jordan Love,QB,GB,6200,19.4,13.4
2025,7,9,boom,169.5,Jaylen Warren,RB,PIT,5400,14.7,22.8
2025,7,9,boom,169.5,Tucker Kraft,TE,GB,4900,11.0,16.8
2025,7,9,boom,169.5,Matthew Golden,WR,GB,4700,11.0,7.7
2025,7,9,boom,169.5,Michael Wilson,WR,ARI,3800,14.8,7.0
2025,7,9,boom,169.5,CLE DST,DST,CLE,3000,9.7,25.0
2025,7,10,lev,166.3,Christian McCaffrey,RB,SF,8500,21.9,42.1
2025,7,10,lev,166.3,Bijan Robinson,RB,ATL,8300,20.8,21.2
2025,7,10,lev,166.3,CeeDee Lamb,WR,DAL,7500,18.6,25.0
2025,7,10,lev,166.3,Dak Prescott,QB,DAL,6500,23.0,23.3
2025,7,10,lev,166.3,Troy Franklin,WR,DEN,3900,17.1,12.9
2025,7,10,lev,166.3,Zach Ertz,TE,WAS,3800,17.7,12.7
2025,7,10,lev,166.3,KC DST,DST,KC,3700,10.1,13.0
2025,7,10,lev,166.3,Cade Otton,TE,TB,3700,19.3,13.5
2025,7,10,lev,166.3,Jalen Tolbert,WR,DAL,3300,16.1,2.6
2025,7,11,lev,165.9,Jonathan Taylor,RB,IND,8800,19.8,34.2
2025,7,11,lev,165.9,Christian McCaffrey,RB,SF,8500,21.9,42.1
2025,7,11,lev,165.9,CeeDee Lamb,WR,DAL,7500,18.6,25.0
2025,7,11,lev,165.9,Jayden Daniels,QB,WAS,6900,23.2,18.7
2025,7,11,lev,165.9,Jaylin Lane,WR,WAS,3800,14.4,9.0
2025,7,11,lev,165.9,Zach Ertz,TE,WAS,3800,17.7,12.7
2025,7,11,lev,165.9,Cade Otton,TE,TB,3700,19.3,13.5
2025,7,11,lev,165.9,DEN DST,DST,DEN,3500,10.3,5.0
2025,7,11,lev,165.9,Jalen Nailor,WR,MIN,3500,17.6,5.7
2025,7,12,game,165.9,Christian McCaffrey,RB,SF,8500,21.9,42.1
2025,7,12,game,165.9,Amon-Ra St. Brown,WR,DET,8200,21.8,20.6
2025,7,12,game,165.9,Jahmyr Gibbs,RB,DET,7500,18.1,39.8
2025,7,12,game,165.9,Drake London,WR,ATL,6200,16.2,8.2
2025,7,12,game,165.9,Jared Goff,QB,DET,6000,21.5,12.3
2025,7,12,game,165.9,Cade Otton,TE,TB,3700,19.3,13.5
2025,7,12,game,165.9,Jalen Nailor,WR,MIN,3500,17.6,5.7
2025,7,12,game,165.9,NE DST,DST,NE,3400,9.5,19.0
2025,7,12,game,165.9,Kalif Raymond,WR,DET,3000,15.7,4.7
2025,7,13,boom,165.7,Christian McCaffrey,RB,SF,8500,21.9,42.1
2025,7,13,boom,165.7,Jahmyr Gibbs,RB,DET,7500,18.1,39.8
2025,7,13,boom,165.7,Drake Maye,QB,NE,6300,19.8,23.1
2025,7,13,boom,165.7,Ladd McConkey,WR,LAC,6000,14.0,15.7
2025,7,13,boom,165.7,Stefon Diggs,WR,NE,5600,11.9,13.9
2025,7,13,boom,165.7,Kayshon Boutte,WR,NE,4600,8.4,13.5
2025,7,13,boom,165.7,Sam LaPorta,TE,DET,4300,12.4,4.5
2025,7,13,boom,165.7,DEN DST,DST,DEN,3500,10.3,5.0
2025,7,13,boom,165.7,Van Jefferson,WR,TEN,3200,11.5,8.1
2025,7,14,game,162.7,Christian McCaffrey,RB,SF,8500,21.9,42.1
2025,7,14,game,162.7,Amon-Ra St. Brown,WR,DET,8200,21.8,20.6
2025,7,14,game,162.7,Davante Adams,WR,LA,7200,17.9,26.5
2025,7,14,game,162.7,Kyren Williams,RB,LA,6600,16.5,8.5
2025,7,14,game,162.7,Matthew Stafford,QB,LA,6100,20.8,27.4
2025,7,14,game,162.7,Cade Otton,TE,TB,3700,19.3,13.5
2025,7,14,game,162.7,Parker Washington,WR,JAX,3500,14.1,10.2
2025,7,14,game,162.7,Tyler Higbee,TE,LA,3200,13.8,4.9
2025,7,14,game,162.7,SEA DST,DST,SEA,3000,8.9,9.0
2025,7,15,boom,159.7,Jonathan Taylor,RB,IND,8800,19.8,34.2
2025,7,15,boom,159.7,Christian McCaffrey,RB,SF,8500,21.9,42.1
2025,7,15,boom,159.7,Brian Thomas Jr.,WR,JAX,6400,14.0,6.1
2025,7,15,boom,159.7,Matthew Stafford,QB,LA,6100,20.8,27.4
2025,7,15,boom,159.7,Courtland Sutton,WR,DEN,5900,13.9,16.7
2025,7,15,boom,159.7,Jaylen Warren,RB,PIT,5400,14.7,22.8
2025,7,15,boom,159.7,Tyler Higbee,TE,LA,3200,13.8,4.9
2025,7,15,boom,159.7,Xavier Smith,WR,LA,3000,11.8,3.5
2025,7,15,boom,159.7,MIA DST,DST,MIA,2700,8.8,2.0
2025,7,16,lev,158.0,Jonathan Taylor,RB,IND,8800,19.8,34.2
2025,7,16,lev,158.0,Christian McCaffrey,RB,SF,8500,21.9,42.1
2025,7,16,lev,158.0,Amon-Ra St. Brown,WR,DET,8200,21.8,20.6
2025,7,16,lev,158.0,Jared Goff,QB,DET,6000,21.5,12.3
2025,7,16,lev,158.0,Troy Franklin,WR,DEN,3900,17.1,12.9
2025,7,16,lev,158.0,Zach Ertz,TE,WAS,3800,17.7,12.7
2025,7,16,lev,158.0,Cade Otton,TE,TB,3700,19.3,13.5
2025,7,16,lev,158.0,DEN DST,DST,DEN,3500,10.3,5.0
2025,7,16,lev,158.0,Kalif Raymond,WR,DET,3000,15.7,4.7
2025,7,17,boom,157.4,Christian McCaffrey,RB,SF,8500,21.9,42.1
2025,7,17,boom,157.4,Amon-Ra St. Brown,WR,DET,8200,21.8,20.6
2025,7,17,boom,157.4,George Pickens,WR,DAL,7300,15.0,12.2
2025,7,17,boom,157.4,Javonte Williams,RB,DAL,6700,16.9,21.8
2025,7,17,boom,157.4,Dak Prescott,QB,DAL,6500,23.0,23.3
2025,7,17,boom,157.4,AJ Barner,TE,SEA,3300,14.4,1.9
2025,7,17,boom,157.4,Jalen Tolbert,WR,DAL,3300,16.1,2.6
2025,7,17,boom,157.4,CLE DST,DST,CLE,3000,9.7,25.0
2025,7,17,boom,157.4,Chris Moore,WR,WAS,3000,13.1,7.9
2025,7,18,lev,154.8,Christian McCaffrey,RB,SF,8500,21.9,42.1
2025,7,18,lev,154.8,Bijan Robinson,RB,ATL,8300,20.8,21.2
2025,7,18,lev,154.8,CeeDee Lamb,WR,DAL,7500,18.6,25.0
2025,7,18,lev,154.8,Dak Prescott,QB,DAL,6500,23.0,23.3
2025,7,18,lev,154.8,Evan Engram,TE,DEN,4000,16.1,9.2
2025,7,18,lev,154.8,Zach Ertz,TE,WAS,3800,17.7,12.7
2025,7,18,lev,154.8,KC DST,DST,KC,3700,10.1,13.0
2025,7,18,lev,154.8,Jalen Nailor,WR,MIN,3500,17.6,5.7
2025,7,18,lev,154.8,Jalen Tolbert,WR,DAL,3300,16.1,2.6
2025,7,19,game,153.5,Christian McCaffrey,RB,SF,8500,21.9,42.1
2025,7,19,game,153.5,Amon-Ra St. Brown,WR,DET,8200,21.8,20.6
2025,7,19,game,153.5,Davante Adams,WR,LA,7200,17.9,26.5
2025,7,19,game,153.5,Kyren Williams,RB,LA,6600,16.5,8.5
2025,7,19,game,153.5,Matthew Stafford,QB,LA,6100,20.8,27.4
2025,7,19,game,153.5,Dyami Brown,WR,JAX,3900,15.4,7.0
2025,7,19,game,153.5,Cade Otton,TE,TB,3700,19.3,13.5
2025,7,19,game,153.5,Tyler Higbee,TE,LA,3200,13.8,4.9
2025,7,19,game,153.5,MIN DST,DST,MIN,2600,7.6,3.0
2025,7,20,game,152.3,Christian McCaffrey,RB,SF,8500,21.9,42.1
2025,7,20,game,152.3,Amon-Ra St. Brown,WR,DET,8200,21.8,20.6
2025,7,20,game,152.3,Jahmyr Gibbs,RB,DET,7500,18.1,39.8
2025,7,20,game,152.3,Drake London,WR,ATL,6200,16.2,8.2
2025,7,20,game,152.3,Jared Goff,QB,DET,6000,21.5,12.3
2025,7,20,game,152.3,Cade Otton,TE,TB,3700,19.3,13.5
2025,7,20,game,152.3,DEN DST,DST,DEN,3500,10.3,5.0
2025,7,20,game,152.3,Mason Taylor,TE,NYJ,3400,18.5,6.1
2025,7,20,game,152.3,Kalif Raymond,WR,DET,3000,15.7,4.7
2025,7,21,boom,148.8,CeeDee Lamb,WR,DAL,7500,18.6,25.0
2025,7,21,boom,148.8,George Pickens,WR,DAL,7300,15.0,12.2
2025,7,21,boom,148.8,Jayden Daniels,QB,WAS,6900,23.2,18.7
2025,7,21,boom,148.8,Javonte Williams,RB,DAL,6700,16.9,21.8
2025,7,21,boom,148.8,Stefon Diggs,WR,NE,5600,11.9,13.9
2025,7,21,boom,148.8,Zach Charbonnet,RB,SEA,5100,8.7,19.5
2025,7,21,boom,148.8,Luke McCaffrey,WR,WAS,4100,9.7,0.0
2025,7,21,boom,148.8,Zach Ertz,TE,WAS,3800,17.7,12.7
2025,7,21,boom,148.8,CLE DST,DST,CLE,3000,9.7,25.0
2025,7,22,game,147.6,Bijan Robinson,RB,ATL,8300,20.8,21.2
2025,7,22,game,147.6,Amon-Ra St. Brown,WR,DET,8200,21.8,20.6
2025,7,22,game,147.6,Davante Adams,WR,LA,7200,17.9,26.5
2025,7,22,game,147.6,Kyren Williams,RB,LA,6600,16.5,8.5
2025,7,22,game,147.6,Matthew Stafford,QB,LA,6100,20.8,27.4
2025,7,22,game,147.6,Dyami Brown,WR,JAX,3900,15.4,7.0
2025,7,22,game,147.6,Cade Otton,TE,TB,3700,19.3,13.5
2025,7,22,game,147.6,Tyler Higbee,TE,LA,3200,13.8,4.9
2025,7,22,game,147.6,HOU DST,DST,HOU,2700,7.8,18.0
2025,7,23,boom,146.7,Jahmyr Gibbs,RB,DET,7500,18.1,39.8
2025,7,23,boom,146.7,Mike Evans,WR,TB,6500,15.0,0.0
2025,7,23,boom,146.7,Justin Herbert,QB,LAC,6400,20.6,32.9
2025,7,23,boom,146.7,Ladd McConkey,WR,LAC,6000,14.0,15.7
2025,7,23,boom,146.7,Quentin Johnston,WR,LAC,5900,15.1,11.0
2025,7,23,boom,146.7,Chuba Hubbard,RB,CAR,5800,10.3,7.5
2025,7,23,boom,146.7,Tyler Warren,TE,IND,5200,13.6,16.9
2025,7,23,boom,146.7,Josh Reynolds,WR,NYJ,4200,7.8,5.9
2025,7,23,boom,146.7,CAR DST,DST,CAR,2500,8.1,17.0
2025,7,24,game,139.4,Bijan Robinson,RB,ATL,8300,20.8,21.2
2025,7,24,game,139.4,Amon-Ra St. Brown,WR,DET,8200,21.8,20.6
2025,7,24,game,139.4,Jahmyr Gibbs,RB,DET,7500,18.1,39.8
2025,7,24,game,139.4,Drake London,WR,ATL,6200,16.2,8.2
2025,7,24,game,139.4,Jared Goff,QB,DET,6000,21.5,12.3
2025,7,24,game,139.4,Cade Otton,TE,TB,3700,19.3,13.5
2025,7,24,game,139.4,KC DST,DST,KC,3700,10.1,13.0
2025,7,24,game,139.4,Mason Taylor,TE,NYJ,3400,18.5,6.1
2025,7,24,game,139.4,Kalif Raymond,WR,DET,3000,15.7,4.7
2025,7,25,lev,137.8,Christian McCaffrey,RB,SF,8500,21.9,42.1
2025,7,25,lev,137.8,Bijan Robinson,RB,ATL,8300,20.8,21.2
2025,7,25,lev,137.8,Amon-Ra St. Brown,WR,DET,8200,21.8,20.6
2025,7,25,lev,137.8,Jared Goff,QB,DET,6000,21.5,12.3
2025,7,25,lev,137.8,Sam LaPorta,TE,DET,4300,12.4,4.5
2025,7,25,lev,137.8,Troy Franklin,WR,DEN,3900,17.1,12.9
2025,7,25,lev,137.8,Cade Otton,TE,TB,3700,19.3,13.5
2025,7,25,lev,137.8,Jalen Nailor,WR,MIN,3500,17.6,5.7
2025,7,25,lev,137.8,DEN DST,DST,DEN,3500,10.3,5.0
2025,7,26,boom,134.8,Christian McCaffrey,RB,SF,8500,21.9,42.1
2025,7,26,boom,134.8,Amon-Ra St. Brown,WR,DET,8200,21.8,20.6
2025,7,26,boom,134.8,CeeDee Lamb,WR,DAL,7500,18.6,25.0
2025,7,26,boom,134.8,Javonte Williams,RB,DAL,6700,16.9,21.8
2025,7,26,boom,134.8,Marcus Mariota,QB,WAS,4900,18.0,4.9
2025,7,26,boom,134.8,Luke McCaffrey,WR,WAS,4100,9.7,0.0
2025,7,26,boom,134.8,Zach Ertz,TE,WAS,3800,17.7,12.7
2025,7,26,boom,134.8,Jalen Nailor,WR,MIN,3500,17.6,5.7
2025,7,26,boom,134.8,MIA DST,DST,MIA,2700,8.8,2.0
2025,7,27,boom,133.8,Josh Jacobs,RB,GB,7800,11.5,18.8
2025,7,27,boom,133.8,CeeDee Lamb,WR,DAL,7500,18.6,25.0
2025,7,27,boom,133.8,Dak Prescott,QB,DAL,6500,23.0,23.3
2025,7,27,boom,133.8,Ladd McConkey,WR,LAC,6000,14.0,15.7
2025,7,27,boom,133.8,Jake Ferguson,TE,DAL,5500,12.4,21.9
2025,7,27,boom,133.8,Romeo Doubs,WR,GB,5000,12.0,13.2
2025,7,27,boom,133.8,Travis Kelce,TE,KC,4700,11.0,8.4
2025,7,27,boom,133.8,Jeremy McNichols,RB,WAS,4600,3.9,6.5
2025,7,27,boom,133.8,NYG DST,DST,NYG,2200,6.7,1.0
2025,7,28,lev,130.1,Jonathan Taylor,RB,IND,8800,19.8,34.2
2025,7,28,lev,130.1,Bijan Robinson,RB,ATL,8300,20.8,21.2
2025,7,28,lev,130.1,Amon-Ra St. Brown,WR,DET,8200,21.8,20.6
2025,7,28,lev,130.1,Jayden Daniels,QB,WAS,6900,23.2,18.7
2025,7,28,lev,130.1,Jaylin Lane,WR,WAS,3800,14.4,9.0
2025,7,28,lev,130.1,Zach Ertz,TE,WAS,3800,17.7,12.7
2025,7,28,lev,130.1,DEN DST,DST,DEN,3500,10.3,5.0
2025,7,28,lev,130.1,Mason Taylor,TE,NYJ,3400,18.5,6.1
2025,7,28,lev,130.1,Jalen Tolbert,WR,DAL,3300,16.1,2.6
2025,7,29,boom,127.3,CeeDee Lamb,WR,DAL,7500,18.6,25.0
2025,7,29,boom,127.3,George Pickens,WR,DAL,7300,15.0,12.2
2025,7,29,boom,127.3,Dak Prescott,QB,DAL,6500,23.0,23.3
2025,7,29,boom,127.3,Rachaad White,RB,TB,6400,14.0,8.4
2025,7,29,boom,127.3,Jacory Croskey-Merritt,RB,WAS,6100,12.8,4.2
2025,7,29,boom,127.3,DeVonta Smith,WR,PHI,5700,12.5,36.3
2025,7,29,boom,127.3,Tyler Warren,TE,IND,5200,13.6,16.9
2025,7,29,boom,127.3,Lil'Jordan Humphrey,WR,NYG,3100,19.5,0.0
2025,7,29,boom,127.3,NYG DST,DST,NYG,2200,6.7,1.0
2025,7,30,boom,125.3,Justin Jefferson,WR,MIN,7600,17.6,12.9
2025,7,30,boom,125.3,CeeDee Lamb,WR,DAL,7500,18.6,25.0
2025,7,30,boom,125.3,George Pickens,WR,DAL,7300,15.0,12.2
2025,7,30,boom,125.3,Dak Prescott,QB,DAL,6500,23.0,23.3
2025,7,30,boom,125.3,Breece Hall,RB,NYJ,6300,15.4,7.2
2025,7,30,boom,125.3,Tony Pollard,RB,TEN,5400,11.4,12.1
2025,7,30,boom,125.3,Mason Taylor,TE,NYJ,3400,18.5,6.1
2025,7,30,boom,125.3,CLE DST,DST,CLE,3000,9.7,25.0
2025,7,30,boom,125.3,John Bates,TE,WAS,2800,11.9,1.5
2025,7,31,boom,125.1,Davante Adams,WR,LA,7200,17.9,26.5
2025,7,31,boom,125.1,Emeka Egbuka,WR,TB,7000,9.4,9.8
2025,7,31,boom,125.1,Javonte Williams,RB,DAL,6700,16.9,21.8
2025,7,31,boom,125.1,Jordan Mason,RB,MIN,6200,13.6,11.7
2025,7,31,boom,125.1,Jared Goff,QB,DET,6000,21.5,12.3
2025,7,31,boom,125.1,Jameson Williams,WR,DET,5000,11.9,0.0
2025,7,31,boom,125.1,Kayshon Boutte,WR,NE,4600,8.4,13.5
2025,7,31,boom,125.1,Sam LaPorta,TE,DET,4300,12.4,4.5
2025,7,31,boom,125.1,CLE DST,DST,CLE,3000,9.7,25.0
2025,7,32,boom,121.0,Amon-Ra St. Brown,WR,DET,8200,21.8,20.6
2025,7,32,boom,121.0,Jahmyr Gibbs,RB,DET,7500,18.1,39.8
2025,7,32,boom,121.0,Rome Odunze,WR,CHI,6600,14.3,5.1
2025,7,32,boom,121.0,Caleb Williams,QB,CHI,5800,19.2,5.7
2025,7,32,boom,121.0,Tony Pollard,RB,TEN,5400,11.4,12.1
2025,7,32,boom,121.0,D.J. Moore,WR,CHI,5200,9.9,8.2
2025,7,32,boom,121.0,Rashid Shaheed,WR,NO,4500,9.9,8.0
2025,7,32,boom,121.0,Sam LaPorta,TE,DET,4300,12.4,4.5
2025,7,32,boom,121.0,CAR DST,DST,CAR,2500,8.1,17.0
2025,7,33,boom,121.0,Bijan Robinson,RB,ATL,8300,20.8,21.2
2025,7,33,boom,121.0,Amon-Ra St. Brown,WR,DET,8200,21.8,20.6
2025,7,33,boom,121.0,Drake London,WR,ATL,6200,16.2,8.2
2025,7,33,boom,121.0,Jordan Love,QB,GB,6200,19.4,13.4
2025,7,33,boom,121.0,Romeo Doubs,WR,GB,5000,12.0,13.2
2025,7,33,boom,121.0,Michael Carter,RB,ARI,4800,8.6,5.6
2025,7,33,boom,121.0,Matthew Golden,WR,GB,4700,11.0,7.7
2025,7,33,boom,121.0,Mason Taylor,TE,NYJ,3400,18.5,6.1
2025,7,33,boom,121.0,CLE DST,DST,CLE,3000,9.7,25.0
2025,7,34,boom,120.6,Christian McCaffrey,RB,SF,8500,21.9,42.1
2025,7,34,boom,120.6,Amon-Ra St. Brown,WR,DET,8200,21.8,20.6
2025,7,34,boom,120.6,Josh Jacobs,RB,GB,7800,11.5,18.8
2025,7,34,boom,120.6,Jared Goff,QB,DET,6000,21.5,12.3
2025,7,34,boom,120.6,DK Metcalf,WR,PIT,5700,14.6,8.0
2025,7,34,boom,120.6,Sterling Shepard,WR,TB,4500,6.7,8.5
2025,7,34,boom,120.6,DEN DST,DST,DEN,3500,10.3,5.0
2025,7,34,boom,120.6,Ja'Tavion Sanders,TE,CAR,3200,13.2,0.0
2025,7,34,boom,120.6,Brock Wright,TE,DET,2500,15.7,5.3
2025,7,35,boom,118.1,Amon-Ra St. Brown,WR,DET,8200,21.8,20.6
2025,7,35,boom,118.1,George Pickens,WR,DAL,7300,15.0,12.2
2025,7,35,boom,118.1,Kyren Williams,RB,LA,6600,16.5,8.5
2025,7,35,boom,118.1,Dak Prescott,QB,DAL,6500,23.0,23.3
2025,7,35,boom,118.1,Jacory Croskey-Merritt,RB,WAS,6100,12.8,4.2
2025,7,35,boom,118.1,Jake Ferguson,TE,DAL,5500,12.4,21.9
2025,7,35,boom,118.1,Kayshon Boutte,WR,NE,4600,8.4,13.5
2025,7,35,boom,118.1,Juwan Johnson,TE,NO,3100,14.3,12.9
2025,7,35,boom,118.1,ARI DST,DST,ARI,2100,5.9,1.0
2025,7,36,boom,116.3,Bijan Robinson,RB,ATL,8300,20.8,21.2
2025,7,36,boom,116.3,Rome Odunze,WR,CHI,6600,14.3,5.1
2025,7,36,boom,116.3,Breece Hall,RB,NYJ,6300,15.4,7.2
2025,7,36,boom,116.3,Quentin Johnston,WR,LAC,5900,15.1,11.0
2025,7,36,boom,116.3,Caleb Williams,QB,CHI,5800,19.2,5.7
2025,7,36,boom,116.3,Chris Olave,WR,NO,5400,13.7,26.8
2025,7,36,boom,116.3,D.J. Moore,WR,CHI,5200,9.9,8.2
2025,7,36,boom,116.3,Mason Taylor,TE,NYJ,3400,18.5,6.1
2025,7,36,boom,116.3,CLE DST,DST,CLE,3000,9.7,25.0
2025,7,37,boom,114.7,Amon-Ra St. Brown,WR,DET,8200,21.8,20.6
2025,7,37,boom,114.7,CeeDee Lamb,WR,DAL,7500,18.6,25.0
2025,7,37,boom,114.7,Emeka Egbuka,WR,TB,7000,9.4,9.8
2025,7,37,boom,114.7,Jared Goff,QB,DET,6000,21.5,12.3
2025,7,37,boom,114.7,Tony Pollard,RB,TEN,5400,11.4,12.1
2025,7,37,boom,114.7,TreVeyon Henderson,RB,NE,5100,9.6,0.5
2025,7,37,boom,114.7,Sam LaPorta,TE,DET,4300,12.4,4.5
2025,7,37,boom,114.7,Tyler Higbee,TE,LA,3200,13.8,4.9
2025,7,37,boom,114.7,CLE DST,DST,CLE,3000,9.7,25.0
2025,7,38,boom,111.8,Amon-Ra St. Brown,WR,DET,8200,21.8,20.6
2025,7,38,boom,111.8,George Pickens,WR,DAL,7300,15.0,12.2
2025,7,38,boom,111.8,Javonte Williams,RB,DAL,6700,16.9,21.8
2025,7,38,boom,111.8,Dak Prescott,QB,DAL,6500,23.0,23.3
2025,7,38,boom,111.8,J.K. Dobbins,RB,DEN,5600,13.8,9.0
2025,7,38,boom,111.8,Matthew Golden,WR,GB,4700,11.0,7.7
2025,7,38,boom,111.8,KC DST,DST,KC,3700,10.1,13.0
2025,7,38,boom,111.8,KaVontae Turpin,WR,DAL,3500,14.0,2.7
2025,7,38,boom,111.8,John Bates,TE,WAS,2800,11.9,1.5
2025,7,39,boom,105.5,Amon-Ra St. Brown,WR,DET,8200,21.8,20.6
2025,7,39,boom,105.5,Josh Jacobs,RB,GB,7800,11.5,18.8
2025,7,39,boom,105.5,Rome Odunze,WR,CHI,6600,14.3,5.1
2025,7,39,boom,105.5,DK Metcalf,WR,PIT,5700,14.6,8.0
2025,7,39,boom,105.5,Aaron Rodgers,QB,PIT,5400,19.1,24.6
2025,7,39,boom,105.5,Sterling Shepard,WR,TB,4500,6.7,8.5
2025,7,39,boom,105.5,Samaje Perine,RB,CIN,4400,6.1,3.1
2025,7,39,boom,105.5,DEN DST,DST,DEN,3500,10.3,5.0
2025,7,39,boom,105.5,Jonnu Smith,TE,PIT,3100,13.6,11.8
2025,7,40,boom,105.3,CeeDee Lamb,WR,DAL,7500,18.6,25.0
2025,7,40,boom,105.3,George Pickens,WR,DAL,7300,15.0,12.2
2025,7,40,boom,105.3,Dak Prescott,QB,DAL,6500,23.0,23.3
2025,7,40,boom,105.3,Drake London,WR,ATL,6200,16.2,8.2
2025,7,40,boom,105.3,Kenneth Walker III,RB,SEA,5600,10.0,6.6
2025,7,40,boom,105.3,Tony Pollard,RB,TEN,5400,11.4,12.1
2025,7,40,boom,105.3,Tyler Warren,TE,IND,5200,13.6,16.9
2025,7,40,boom,105.3,Luke McCaffrey,WR,WAS,4100,9.7,0.0
2025,7,40,boom,105.3,NYG DST,DST,NYG,2200,6.7,1.0
2025,8,1,boom,168.9,Ja'Marr Chase,WR,CIN,8100,20.6,21.1
2025,8,1,boom,168.9,Saquon Barkley,RB,PHI,7600,17.2,36.4
2025,8,1,boom,168.9,Javonte Williams,RB,DAL,6800,16.5,17.9
2025,8,1,boom,168.9,Courtland Sutton,WR,DEN,6200,14.8,10.7
2025,8,1,boom,168.9,Bo Nix,QB,DEN,6000,22.3,24.8
2025,8,1,boom,168.9,Troy Franklin,WR,DEN,4200,9.5,26.9
2025,8,1,boom,168.9,Demario Douglas,WR,NE,3800,12.1,5.7
2025,8,1,boom,168.9,NE DST,DST,NE,3600,10.2,11.0
2025,8,1,boom,168.9,Mason Taylor,TE,NYJ,3500,20.4,14.4
2025,8,2,boom,162.5,Ja'Marr Chase,WR,CIN,8100,20.6,21.1
2025,8,2,boom,162.5,Javonte Williams,RB,DAL,6800,16.5,17.9
2025,8,2,boom,162.5,DeVonta Smith,WR,PHI,5900,15.9,14.4
2025,8,2,boom,162.5,Jordan Love,QB,GB,5900,19.2,31.3
2025,8,2,boom,162.5,Jaylen Warren,RB,PIT,5500,14.6,9.3
2025,8,2,boom,162.5,Tucker Kraft,TE,GB,5400,12.5,36.3
2025,8,2,boom,162.5,Romeo Doubs,WR,GB,5200,12.7,9.4
2025,8,2,boom,162.5,Dallas Goedert,TE,PHI,4200,13.4,17.8
2025,8,2,boom,162.5,HOU DST,DST,HOU,3000,9.1,5.0
2025,8,3,boom,159.0,Jonathan Taylor,RB,IND,9500,23.2,40.4
2025,8,3,boom,159.0,Ja'Marr Chase,WR,CIN,8100,20.6,21.1
2025,8,3,boom,159.0,Rome Odunze,WR,CHI,6300,13.4,21.4
2025,8,3,boom,159.0,Breece Hall,RB,NYJ,6100,14.7,35.9
2025,8,3,boom,159.0,Joe Flacco,QB,CIN,5400,18.7,24.3
2025,8,3,boom,159.0,Wan'Dale Robinson,WR,NYG,5200,12.5,7.8
2025,8,3,boom,159.0,Andrei Iosivas,WR,CIN,3600,15.1,0.0
2025,8,3,boom,159.0,HOU DST,DST,HOU,3000,9.1,5.0
2025,8,3,boom,159.0,Daniel Bellinger,TE,NYG,2700,9.7,3.1
2025,8,4,boom,156.9,Josh Allen,QB,BUF,7500,23.5,23.2
2025,8,4,boom,156.9,Javonte Williams,RB,DAL,6800,16.5,17.9
2025,8,4,boom,156.9,Breece Hall,RB,NYJ,6100,14.7,35.9
2025,8,4,boom,156.9,Keenan Allen,WR,LAC,5800,13.1,8.4
2025,8,4,boom,156.9,Tetairoa McMillan,WR,CAR,5700,12.9,16.9
2025,8,4,boom,156.9,Chase Brown,RB,CIN,5400,13.4,25.5
2025,8,4,boom,156.9,Khalil Shakir,WR,BUF,5100,11.3,20.8
2025,8,4,boom,156.9,Dalton Kincaid,TE,BUF,4300,9.8,3.3
2025,8,4,boom,156.9,HOU DST,DST,HOU,3000,9.1,5.0
2025,8,5,boom,155.8,Josh Jacobs,RB,GB,7500,16.6,13.5
2025,8,5,boom,155.8,Javonte Williams,RB,DAL,6800,16.5,17.9
2025,8,5,boom,155.8,Rashee Rice,WR,KC,6600,15.7,25.5
2025,8,5,boom,155.8,Derrick Henry,RB,BAL,6000,14.7,19.1
2025,8,5,boom,155.8,Jordan Love,QB,GB,5900,19.2,31.3
2025,8,5,boom,155.8,Tucker Kraft,TE,GB,5400,12.5,36.3
2025,8,5,boom,155.8,Romeo Doubs,WR,GB,5200,12.7,9.4
2025,8,5,boom,155.8,Calvin Austin III,WR,PIT,3800,18.9,6.8
2025,8,5,boom,155.8,CIN DST,DST,CIN,2700,8.2,-4.0
2025,8,6,boom,147.2,Jonathan Taylor,RB,IND,9500,23.2,40.4
2025,8,6,boom,147.2,Ja'Marr Chase,WR,CIN,8100,20.6,21.1
2025,8,6,boom,147.2,Rome Odunze,WR,CHI,6300,13.4,21.4
2025,8,6,boom,147.2,Caleb Williams,QB,CHI,5600,18.4,12.8
2025,8,6,boom,147.2,Chase Brown,RB,CIN,5400,13.4,25.5
2025,8,6,boom,147.2,Wan'Dale Robinson,WR,NYG,5200,12.5,7.8
2025,8,6,boom,147.2,Mark Andrews,TE,BAL,3600,19.2,6.4
2025,8,6,boom,147.2,Colston Loveland,TE,CHI,3000,9.6,6.8
2025,8,6,boom,147.2,HOU DST,DST,HOU,3000,9.1,5.0
2025,8,7,lev,144.4,Jonathan Taylor,RB,IND,9500,23.2,40.4
2025,8,7,lev,144.4,Christian McCaffrey,RB,SF,9000,20.7,9.8
2025,8,7,lev,144.4,Ja'Marr Chase,WR,CIN,8100,20.6,21.1
2025,8,7,lev,144.4,C.J. Stroud,QB,HOU,5100,16.8,25.7
2025,8,7,lev,144.4,Xavier Legette,WR,CAR,4000,20.3,3.7
2025,8,7,lev,144.4,IND DST,DST,IND,3800,10.1,7.0
2025,8,7,lev,144.4,Xavier Hutchinson,WR,HOU,3700,16.5,17.9
2025,8,7,lev,144.4,Mason Taylor,TE,NYJ,3500,20.4,14.4
2025,8,7,lev,144.4,Dalton Schultz,TE,HOU,3300,21.9,4.4
2025,8,8,lev,143.0,Jonathan Taylor,RB,IND,9500,23.2,40.4
2025,8,8,lev,143.0,Christian McCaffrey,RB,SF,9000,20.7,9.8
2025,8,8,lev,143.0,Ja'Marr Chase,WR,CIN,8100,20.6,21.1
2025,8,8,lev,143.0,C.J. Stroud,QB,HOU,5100,16.8,25.7
2025,8,8,lev,143.0,IND DST,DST,IND,3800,10.1,7.0
2025,8,8,lev,143.0,Calvin Austin III,WR,PIT,3800,18.9,6.8
2025,8,8,lev,143.0,Jayden Higgins,WR,HOU,3500,16.4,13.4
2025,8,8,lev,143.0,Mason Taylor,TE,NYJ,3500,20.4,14.4
2025,8,8,lev,143.0,Dalton Schultz,TE,HOU,3300,21.9,4.4
2025,8,9,boom,142.5,Jonathan Taylor,RB,IND,9500,23.2,40.4
2025,8,9,boom,142.5,Rome Odunze,WR,CHI,6300,13.4,21.4
2025,8,9,boom,142.5,Derrick Henry,RB,BAL,6000,14.7,19.1
2025,8,9,boom,142.5,Chris Olave,WR,NO,5800,14.7,14.0
2025,8,9,boom,142.5,Caleb Williams,QB,CHI,5600,18.4,12.8
2025,8,9,boom,142.5,D.J. Moore,WR,CHI,5300,10.3,11.6
2025,8,9,boom,142.5,Khalil Shakir,WR,BUF,5100,11.3,20.8
2025,8,9,boom,142.5,Mark Andrews,TE,BAL,3600,19.2,6.4
2025,8,9,boom,142.5,CIN DST,DST,CIN,2700,8.2,-4.0
2025,8,10,boom,139.1,Jonathan Taylor,RB,IND,9500,23.2,40.4
2025,8,10,boom,139.1,Javonte Williams,RB,DAL,6800,16.5,17.9
2025,8,10,boom,139.1,Jalen Hurts,QB,PHI,6600,20.5,25.4
2025,8,10,boom,139.1,DeVonta Smith,WR,PHI,5900,15.9,14.4
2025,8,10,boom,139.1,Keenan Allen,WR,LAC,5800,13.1,8.4
2025,8,10,boom,139.1,Jordan Addison,WR,MIN,5500,13.4,11.6
2025,8,10,boom,139.1,Theo Johnson,TE,NYG,3700,17.0,5.0
2025,8,10,boom,139.1,HOU DST,DST,HOU,3000,9.1,5.0
2025,8,10,boom,139.1,Jahan Dotson,WR,PHI,3000,14.7,11.0
2025,8,11,boom,138.6,Jonathan Taylor,RB,IND,9500,23.2,40.4
2025,8,11,boom,138.6,Javonte Williams,RB,DAL,6800,16.5,17.9
2025,8,11,boom,138.6,Rachaad White,RB,TB,6400,15.8,8.1
2025,8,11,boom,138.6,Chris Olave,WR,NO,5800,14.7,14.0
2025,8,11,boom,138.6,Rashid Shaheed,WR,NO,4700,10.8,15.5
2025,8,11,boom,138.6,Spencer Rattler,QB,NO,4700,16.1,4.6
2025,8,11,boom,138.6,Tez Johnson,WR,TB,4300,9.9,9.3
2025,8,11,boom,138.6,Dallas Goedert,TE,PHI,4200,13.4,17.8
2025,8,11,boom,138.6,NE DST,DST,NE,3600,10.2,11.0
2025,8,12,lev,138.3,Jonathan Taylor,RB,IND,9500,23.2,40.4
2025,8,12,lev,138.3,Bijan Robinson,RB,ATL,8800,23.4,6.8
2025,8,12,lev,138.3,Ja'Marr Chase,WR,CIN,8100,20.6,21.1
2025,8,12,lev,138.3,Joe Flacco,QB,CIN,5400,18.7,24.3
2025,8,12,lev,138.3,IND DST,DST,IND,3800,10.1,7.0
2025,8,12,lev,138.3,Xavier Hutchinson,WR,HOU,3700,16.5,17.9
2025,8,12,lev,138.3,Mark Andrews,TE,BAL,3600,19.2,6.4
2025,8,12,lev,138.3,Andrei Iosivas,WR,CIN,3600,15.1,0.0
2025,8,12,lev,138.3,Mason Taylor,TE,NYJ,3500,20.4,14.4
2025,8,13,boom,134.8,Josh Jacobs,RB,GB,7500,16.6,13.5
2025,8,13,boom,134.8,Emeka Egbuka,WR,TB,7000,17.0,6.5
2025,8,13,boom,134.8,Jordan Love,QB,GB,5900,19.2,31.3
2025,8,13,boom,134.8,Chris Olave,WR,NO,5800,14.7,14.0
2025,8,13,boom,134.8,Jaylen Warren,RB,PIT,5500,14.6,9.3
2025,8,13,boom,134.8,Tucker Kraft,TE,GB,5400,12.5,36.3
2025,8,13,boom,134.8,Matthew Golden,WR,GB,5000,10.2,3.4
2025,8,13,boom,134.8,Rashid Shaheed,WR,NO,4700,10.8,15.5
2025,8,13,boom,134.8,HOU DST,DST,HOU,3000,9.1,5.0
2025,8,14,lev,134.2,Jonathan Taylor,RB,IND,9500,23.2,40.4
2025,8,14,lev,134.2,Bijan Robinson,RB,ATL,8800,23.4,6.8
2025,8,14,lev,134.2,Ja'Marr Chase,WR,CIN,8100,20.6,21.1
2025,8,14,lev,134.2,C.J. Stroud,QB,HOU,5100,16.8,25.7
2025,8,14,lev,134.2,Xavier Legette,WR,CAR,4000,20.3,3.7
2025,8,14,lev,134.2,IND DST,DST,IND,3800,10.1,7.0
2025,8,14,lev,134.2,Xavier Hutchinson,WR,HOU,3700,16.5,17.9
2025,8,14,lev,134.2,Dalton Schultz,TE,HOU,3300,21.9,4.4
2025,8,14,lev,134.2,Jake Tonges,TE,SF,3000,16.1,7.2
2025,8,15,lev,130.6,Jonathan Taylor,RB,IND,9500,23.2,40.4
2025,8,15,lev,130.6,Bijan Robinson,RB,ATL,8800,23.4,6.8
2025,8,15,lev,130.6,Ja'Marr Chase,WR,CIN,8100,20.6,21.1
2025,8,15,lev,130.6,Joe Flacco,QB,CIN,5400,18.7,24.3
2025,8,15,lev,130.6,Elic Ayomanor,WR,TEN,3900,16.3,9.2
2025,8,15,lev,130.6,KC DST,DST,KC,3700,8.9,10.0
2025,8,15,lev,130.6,Andrei Iosivas,WR,CIN,3600,15.1,0.0
2025,8,15,lev,130.6,Mason Taylor,TE,NYJ,3500,20.4,14.4
2025,8,15,lev,130.6,Dalton Schultz,TE,HOU,3300,21.9,4.4
2025,8,16,lev,129.1,Jonathan Taylor,RB,IND,9500,23.2,40.4
2025,8,16,lev,129.1,Christian McCaffrey,RB,SF,9000,20.7,9.8
2025,8,16,lev,129.1,Ja'Marr Chase,WR,CIN,8100,20.6,21.1
2025,8,16,lev,129.1,Joe Flacco,QB,CIN,5400,18.7,24.3
2025,8,16,lev,129.1,Xavier Legette,WR,CAR,4000,20.3,3.7
2025,8,16,lev,129.1,NE DST,DST,NE,3600,10.2,11.0
2025,8,16,lev,129.1,Andrei Iosivas,WR,CIN,3600,15.1,0.0
2025,8,16,lev,129.1,Mason Taylor,TE,NYJ,3500,20.4,14.4
2025,8,16,lev,129.1,Dalton Schultz,TE,HOU,3300,21.9,4.4
2025,8,17,boom,129.0,Jonathan Taylor,RB,IND,9500,23.2,40.4
2025,8,17,boom,129.0,Jordan Love,QB,GB,5900,19.2,31.3
2025,8,17,boom,129.0,Tyler Warren,TE,IND,5500,14.9,9.3
2025,8,17,boom,129.0,Jaylen Warren,RB,PIT,5500,14.6,9.3
2025,8,17,boom,129.0,Jordan Addison,WR,MIN,5500,13.4,11.6
2025,8,17,boom,129.0,Romeo Doubs,WR,GB,5200,12.7,9.4
2025,8,17,boom,129.0,Matthew Golden,WR,GB,5000,10.2,3.4
2025,8,17,boom,129.0,Dalton Kincaid,TE,BUF,4300,9.8,3.3
2025,8,17,boom,129.0,NE DST,DST,NE,3600,10.2,11.0
2025,8,18,lev,128.8,Jonathan Taylor,RB,IND,9500,23.2,40.4
2025,8,18,lev,128.8,Bijan Robinson,RB,ATL,8800,23.4,6.8
2025,8,18,lev,128.8,Ja'Marr Chase,WR,CIN,8100,20.6,21.1
2025,8,18,lev,128.8,Joe Flacco,QB,CIN,5400,18.7,24.3
2025,8,18,lev,128.8,IND DST,DST,IND,3800,10.1,7.0
2025,8,18,lev,128.8,Calvin Austin III,WR,PIT,3800,18.9,6.8
2025,8,18,lev,128.8,Andrei Iosivas,WR,CIN,3600,15.1,0.0
2025,8,18,lev,128.8,Mason Taylor,TE,NYJ,3500,20.4,14.4
2025,8,18,lev,128.8,Cade Otton,TE,TB,3400,20.5,8.0
2025,8,19,boom,127.5,Josh Jacobs,RB,GB,7500,16.6,13.5
2025,8,19,boom,127.5,Patrick Mahomes,QB,KC,7000,22.8,25.0
2025,8,19,boom,127.5,Rashee Rice,WR,KC,6600,15.7,25.5
2025,8,19,boom,127.5,D'Andre Swift,RB,CHI,5900,12.9,15.1
2025,8,19,boom,127.5,Tyler Warren,TE,IND,5500,14.9,9.3
2025,8,19,boom,127.5,Terry McLaurin,WR,WAS,5500,9.6,14.4
2025,8,19,boom,127.5,Romeo Doubs,WR,GB,5200,12.7,9.4
2025,8,19,boom,127.5,NE DST,DST,NE,3600,10.2,11.0
2025,8,19,boom,127.5,Noah Gray,TE,KC,2700,11.7,4.3
2025,8,20,boom,127.4,Bijan Robinson,RB,ATL,8800,23.4,6.8
2025,8,20,boom,127.4,Emeka Egbuka,WR,TB,7000,17.0,6.5
2025,8,20,boom,127.4,Jordan Love,QB,GB,5900,19.2,31.3
2025,8,20,boom,127.4,Jaylen Warren,RB,PIT,5500,14.6,9.3
2025,8,20,boom,127.4,Terry McLaurin,WR,WAS,5500,9.6,14.4
2025,8,20,boom,127.4,Tucker Kraft,TE,GB,5400,12.5,36.3
2025,8,20,boom,127.4,Matthew Golden,WR,GB,5000,10.2,3.4
2025,8,20,boom,127.4,Mason Taylor,TE,NYJ,3500,20.4,14.4
2025,8,20,boom,127.4,HOU DST,DST,HOU,3000,9.1,5.0
2025,8,21,boom,126.7,Christian McCaffrey,RB,SF,9000,20.7,9.8
2025,8,21,boom,126.7,CeeDee Lamb,WR,DAL,7800,16.4,14.6
2025,8,21,boom,126.7,Javonte Williams,RB,DAL,6800,16.5,17.9
2025,8,21,boom,126.7,D.J. Moore,WR,CHI,5300,10.3,11.6
2025,8,21,boom,126.7,C.J. Stroud,QB,HOU,5100,16.8,25.7
2025,8,21,boom,126.7,Dallas Goedert,TE,PHI,4200,13.4,17.8
2025,8,21,boom,126.7,IND DST,DST,IND,3800,10.1,7.0
2025,8,21,boom,126.7,Xavier Hutchinson,WR,HOU,3700,16.5,17.9
2025,8,21,boom,126.7,Dalton Schultz,TE,HOU,3300,21.9,4.4
2025,8,22,boom,126.3,Jonathan Taylor,RB,IND,9500,23.2,40.4
2025,8,22,boom,126.3,Josh Allen,QB,BUF,7500,23.5,23.2
2025,8,22,boom,126.3,George Pickens,WR,DAL,7100,13.6,14.8
2025,8,22,boom,126.3,D'Andre Swift,RB,CHI,5900,12.9,15.1
2025,8,22,boom,126.3,Keon Coleman,WR,BUF,5000,10.1,6.0
2025,8,22,boom,126.3,Dalton Kincaid,TE,BUF,4300,9.8,3.3
2025,8,22,boom,126.3,Xavier Legette,WR,CAR,4000,20.3,3.7
2025,8,22,boom,126.3,NE DST,DST,NE,3600,10.2,11.0
2025,8,22,boom,126.3,Braxton Berrios,WR,HOU,3000,15.8,8.8
2025,8,23,boom,125.8,Bijan Robinson,RB,ATL,8800,23.4,6.8
2025,8,23,boom,125.8,Ja'Marr Chase,WR,CIN,8100,20.6,21.1
2025,8,23,boom,125.8,Rome Odunze,WR,CHI,6300,13.4,21.4
2025,8,23,boom,125.8,Caleb Williams,QB,CHI,5600,18.4,12.8
2025,8,23,boom,125.8,Chase Brown,RB,CIN,5400,13.4,25.5
2025,8,23,boom,125.8,Zay Flowers,WR,BAL,5400,12.6,14.1
2025,8,23,boom,125.8,Dallas Goedert,TE,PHI,4200,13.4,17.8
2025,8,23,boom,125.8,Olamide Zaccheaus,WR,CHI,3300,14.7,10.3
2025,8,23,boom,125.8,CIN DST,DST,CIN,2700,8.2,-4.0
2025,8,24,boom,124.2,Christian McCaffrey,RB,SF,9000,20.7,9.8
2025,8,24,boom,124.2,Drake Maye,QB,NE,6200,19.4,27.3
2025,8,24,boom,124.2,DeVonta Smith,WR,PHI,5900,15.9,14.4
2025,8,24,boom,124.2,Stefon Diggs,WR,NE,5800,13.1,10.4
2025,8,24,boom,124.2,Tyler Warren,TE,IND,5500,14.9,9.3
2025,8,24,boom,124.2,Chase Brown,RB,CIN,5400,13.4,25.5
2025,8,24,boom,124.2,Kayshon Boutte,WR,NE,4800,8.8,16.5
2025,8,24,boom,124.2,NE DST,DST,NE,3600,10.2,11.0
2025,8,24,boom,124.2,Isaiah Bond,WR,CLE,3200,12.0,0.0
2025,8,25,boom,122.9,Jonathan Taylor,RB,IND,9500,23.2,40.4
2025,8,25,boom,122.9,CeeDee Lamb,WR,DAL,7800,16.4,14.6
2025,8,25,boom,122.9,Dak Prescott,QB,DAL,6500,20.2,8.6
2025,8,25,boom,122.9,Courtland Sutton,WR,DEN,6200,14.8,10.7
2025,8,25,boom,122.9,Tyler Warren,TE,IND,5500,14.9,9.3
2025,8,25,boom,122.9,Jaylen Warren,RB,PIT,5500,14.6,9.3
2025,8,25,boom,122.9,Jaylin Noel,WR,HOU,3500,13.0,11.3
2025,8,25,boom,122.9,Jalen Tolbert,WR,DAL,3100,12.0,12.7
2025,8,25,boom,122.9,NO DST,DST,NO,2300,6.2,6.0
2025,8,26,lev,122.1,Jonathan Taylor,RB,IND,9500,23.2,40.4
2025,8,26,lev,122.1,Bijan Robinson,RB,ATL,8800,23.4,6.8
2025,8,26,lev,122.1,Ja'Marr Chase,WR,CIN,8100,20.6,21.1
2025,8,26,lev,122.1,Joe Flacco,QB,CIN,5400,18.7,24.3
2025,8,26,lev,122.1,Xavier Legette,WR,CAR,4000,20.3,3.7
2025,8,26,lev,122.1,IND DST,DST,IND,3800,10.1,7.0
2025,8,26,lev,122.1,Andrei Iosivas,WR,CIN,3600,15.1,0.0
2025,8,26,lev,122.1,Mason Taylor,TE,NYJ,3500,20.4,14.4
2025,8,26,lev,122.1,Dalton Schultz,TE,HOU,3300,21.9,4.4
2025,8,27,boom,121.3,Saquon Barkley,RB,PHI,7600,17.2,36.4
2025,8,27,boom,121.3,Josh Jacobs,RB,GB,7500,16.6,13.5
2025,8,27,boom,121.3,Emeka Egbuka,WR,TB,7000,17.0,6.5
2025,8,27,boom,121.3,Rome Odunze,WR,CHI,6300,13.4,21.4
2025,8,27,boom,121.3,Chris Olave,WR,NO,5800,14.7,14.0
2025,8,27,boom,121.3,Spencer Rattler,QB,NO,4700,16.1,4.6
2025,8,27,boom,121.3,Rashid Shaheed,WR,NO,4700,10.8,15.5
2025,8,27,boom,121.3,Dalton Schultz,TE,HOU,3300,21.9,4.4
2025,8,27,boom,121.3,HOU DST,DST,HOU,3000,9.1,5.0
2025,8,28,boom,120.3,Bijan Robinson,RB,ATL,8800,23.4,6.8
2025,8,28,boom,120.3,Ja'Marr Chase,WR,CIN,8100,20.6,21.1
2025,8,28,boom,120.3,Javonte Williams,RB,DAL,6800,16.5,17.9
2025,8,28,boom,120.3,Jaylen Waddle,WR,MIA,5700,13.4,20.9
2025,8,28,boom,120.3,Joe Flacco,QB,CIN,5400,18.7,24.3
2025,8,28,boom,120.3,Wan'Dale Robinson,WR,NYG,5200,12.5,7.8
2025,8,28,boom,120.3,NE DST,DST,NE,3600,10.2,11.0
2025,8,28,boom,120.3,Noah Fant,TE,CIN,3200,13.5,7.1
2025,8,28,boom,120.3,Jeremy Ruckert,TE,NYJ,2500,11.3,3.4
2025,8,29,lev,113.9,Christian McCaffrey,RB,SF,9000,20.7,9.8
2025,8,29,lev,113.9,Bijan Robinson,RB,ATL,8800,23.4,6.8
2025,8,29,lev,113.9,Ja'Marr Chase,WR,CIN,8100,20.6,21.1
2025,8,29,lev,113.9,C.J. Stroud,QB,HOU,5100,16.8,25.7
2025,8,29,lev,113.9,Calvin Austin III,WR,PIT,3800,18.9,6.8
2025,8,29,lev,113.9,IND DST,DST,IND,3800,10.1,7.0
2025,8,29,lev,113.9,Xavier Hutchinson,WR,HOU,3700,16.5,17.9
2025,8,29,lev,113.9,Mason Taylor,TE,NYJ,3500,20.4,14.4
2025,8,29,lev,113.9,Dalton Schultz,TE,HOU,3300,21.9,4.4
2025,8,30,lev,108.4,Christian McCaffrey,RB,SF,9000,20.7,9.8
2025,8,30,lev,108.4,Bijan Robinson,RB,ATL,8800,23.4,6.8
2025,8,30,lev,108.4,Ja'Marr Chase,WR,CIN,8100,20.6,21.1
2025,8,30,lev,108.4,C.J. Stroud,QB,HOU,5100,16.8,25.7
2025,8,30,lev,108.4,Xavier Legette,WR,CAR,4000,20.3,3.7
2025,8,30,lev,108.4,Xavier Hutchinson,WR,HOU,3700,16.5,17.9
2025,8,30,lev,108.4,NE DST,DST,NE,3600,10.2,11.0
2025,8,30,lev,108.4,Cade Otton,TE,TB,3400,20.5,8.0
2025,8,30,lev,108.4,Dalton Schultz,TE,HOU,3300,21.9,4.4
2025,8,31,boom,107.2,Bijan Robinson,RB,ATL,8800,23.4,6.8
2025,8,31,boom,107.2,CeeDee Lamb,WR,DAL,7800,16.4,14.6
2025,8,31,boom,107.2,Rachaad White,RB,TB,6400,15.8,8.1
2025,8,31,boom,107.2,Bo Nix,QB,DEN,6000,22.3,24.8
2025,8,31,boom,107.2,Jordan Addison,WR,MIN,5500,13.4,11.6
2025,8,31,boom,107.2,Romeo Doubs,WR,GB,5200,12.7,9.4
2025,8,31,boom,107.2,Troy Franklin,WR,DEN,4200,9.5,26.9
2025,8,31,boom,107.2,HOU DST,DST,HOU,3000,9.1,5.0
2025,8,31,boom,107.2,Nate Adkins,TE,DEN,2600,9.6,0.0
2025,8,32,boom,106.0,Bijan Robinson,RB,ATL,8800,23.4,6.8
2025,8,32,boom,106.0,De'Von Achane,RB,MIA,7300,17.0,20.1
2025,8,32,boom,106.0,Chris Olave,WR,NO,5800,14.7,14.0
2025,8,32,boom,106.0,Jaylen Waddle,WR,MIA,5700,13.4,20.9
2025,8,32,boom,106.0,DK Metcalf,WR,PIT,5300,12.4,16.5
2025,8,32,boom,106.0,Spencer Rattler,QB,NO,4700,16.1,4.6
2025,8,32,boom,106.0,Sterling Shepard,WR,TB,4500,10.3,1.8
2025,8,32,boom,106.0,NE DST,DST,NE,3600,10.2,11.0
2025,8,32,boom,106.0,Juwan Johnson,TE,NO,3300,15.2,10.3
2025,8,33,boom,105.1,Christian McCaffrey,RB,SF,9000,20.7,9.8
2025,8,33,boom,105.1,Josh Allen,QB,BUF,7500,23.5,23.2
2025,8,33,boom,105.1,Courtland Sutton,WR,DEN,6200,14.8,10.7
2025,8,33,boom,105.1,Tetairoa McMillan,WR,CAR,5700,12.9,16.9
2025,8,33,boom,105.1,Alvin Kamara,RB,NO,5700,13.4,6.5
2025,8,33,boom,105.1,Khalil Shakir,WR,BUF,5100,11.3,20.8
2025,8,33,boom,105.1,Xavier Legette,WR,CAR,4000,20.3,3.7
2025,8,33,boom,105.1,NE DST,DST,NE,3600,10.2,11.0
2025,8,33,boom,105.1,Dawson Knox,TE,BUF,2800,11.4,2.5
2025,8,34,boom,104.3,George Pickens,WR,DAL,7100,13.6,14.8
2025,8,34,boom,104.3,Rome Odunze,WR,CHI,6300,13.4,21.4
2025,8,34,boom,104.3,Derrick Henry,RB,BAL,6000,14.7,19.1
2025,8,34,boom,104.3,Jacory Croskey-Merritt,RB,WAS,5600,11.6,2.5
2025,8,34,boom,104.3,Caleb Williams,QB,CHI,5600,18.4,12.8
2025,8,34,boom,104.3,Tyler Warren,TE,IND,5500,14.9,9.3
2025,8,34,boom,104.3,D.J. Moore,WR,CHI,5300,10.3,11.6
2025,8,34,boom,104.3,Wan'Dale Robinson,WR,NYG,5200,12.5,7.8
2025,8,34,boom,104.3,HOU DST,DST,HOU,3000,9.1,5.0
2025,8,35,boom,104.1,Justin Jefferson,WR,MIN,7700,17.2,14.4
2025,8,35,boom,104.1,Rashee Rice,WR,KC,6600,15.7,25.5
2025,8,35,boom,104.1,Daniel Jones,QB,IND,6100,18.9,23.2
2025,8,35,boom,104.1,Chris Olave,WR,NO,5800,14.7,14.0
2025,8,35,boom,104.1,Alvin Kamara,RB,NO,5700,13.4,6.5
2025,8,35,boom,104.1,Tyler Warren,TE,IND,5500,14.9,9.3
2025,8,35,boom,104.1,Tony Pollard,RB,TEN,5200,10.6,6.3
2025,8,35,boom,104.1,Alec Pierce,WR,IND,4600,8.9,8.9
2025,8,35,boom,104.1,CIN DST,DST,CIN,2700,8.2,-4.0
2025,8,36,boom,101.5,Justin Jefferson,WR,MIN,7700,17.2,14.4
2025,8,36,boom,101.5,Quinshon Judkins,RB,CLE,6500,12.6,4.7
2025,8,36,boom,101.5,Rachaad White,RB,TB,6400,15.8,8.1
2025,8,36,boom,101.5,Drake Maye,QB,NE,6200,19.4,27.3
2025,8,36,boom,101.5,Chris Olave,WR,NO,5800,14.7,14.0
2025,8,36,boom,101.5,Kayshon Boutte,WR,NE,4800,8.8,16.5
2025,8,36,boom,101.5,Sterling Shepard,WR,TB,4500,10.3,1.8
2025,8,36,boom,101.5,IND DST,DST,IND,3800,10.1,7.0
2025,8,36,boom,101.5,Hunter Henry,TE,NE,3800,16.4,7.7
2025,8,37,boom,96.5,Christian McCaffrey,RB,SF,9000,20.7,9.8
2025,8,37,boom,96.5,Bijan Robinson,RB,ATL,8800,23.4,6.8
2025,8,37,boom,96.5,Tee Higgins,WR,CIN,5600,13.1,11.4
2025,8,37,boom,96.5,Jaxson Dart,QB,NYG,5500,17.3,19.4
2025,8,37,boom,96.5,Wan'Dale Robinson,WR,NYG,5200,12.5,7.8
2025,8,37,boom,96.5,Romeo Doubs,WR,GB,5200,12.7,9.4
2025,8,37,boom,96.5,Dallas Goedert,TE,PHI,4200,13.4,17.8
2025,8,37,boom,96.5,NE DST,DST,NE,3600,10.2,11.0
2025,8,37,boom,96.5,Daniel Bellinger,TE,NYG,2700,9.7,3.1
2025,8,38,game,91.8,Bijan Robinson,RB,ATL,8800,23.4,6.8
2025,8,38,game,91.8,CeeDee Lamb,WR,DAL,7800,16.4,14.6
2025,8,38,game,91.8,Javonte Williams,RB,DAL,6800,16.5,17.9
2025,8,38,game,91.8,Dak Prescott,QB,DAL,6500,20.2,8.6
2025,8,38,game,91.8,Courtland Sutton,WR,DEN,6200,14.8,10.7
2025,8,38,game,91.8,KC DST,DST,KC,3700,8.9,10.0
2025,8,38,game,91.8,Mason Taylor,TE,NYJ,3500,20.4,14.4
2025,8,38,game,91.8,Cade Otton,TE,TB,3400,20.5,8.0
2025,8,38,game,91.8,KaVontae Turpin,WR,DAL,3300,13.2,0.8
2025,8,39,boom,88.8,Josh Allen,QB,BUF,7500,23.5,23.2
2025,8,39,boom,88.8,George Pickens,WR,DAL,7100,13.6,14.8
2025,8,39,boom,88.8,Emeka Egbuka,WR,TB,7000,17.0,6.5
2025,8,39,boom,88.8,Javonte Williams,RB,DAL,6800,16.5,17.9
2025,8,39,boom,88.8,Tetairoa McMillan,WR,CAR,5700,12.9,16.9
2025,8,39,boom,88.8,Keon Coleman,WR,BUF,5000,10.1,6.0
2025,8,39,boom,88.8,Justice Hill,RB,BAL,4500,6.6,0.2
2025,8,39,boom,88.8,Dalton Kincaid,TE,BUF,4300,9.8,3.3
2025,8,39,boom,88.8,NYG DST,DST,NYG,2100,6.0,0.0
2025,8,40,game,80.2,Bijan Robinson,RB,ATL,8800,23.4,6.8
2025,8,40,game,80.2,CeeDee Lamb,WR,DAL,7800,16.4,14.6
2025,8,40,game,80.2,Javonte Williams,RB,DAL,6800,16.5,17.9
2025,8,40,game,80.2,Dak Prescott,QB,DAL,6500,20.2,8.6
2025,8,40,game,80.2,Courtland Sutton,WR,DEN,6200,14.8,10.7
2025,8,40,game,80.2,Mark Andrews,TE,BAL,3600,19.2,6.4
2025,8,40,game,80.2,ATL DST,DST,ATL,3500,8.6,0.0
2025,8,40,game,80.2,Mason Taylor,TE,NYJ,3500,20.4,14.4
2025,8,40,game,80.2,KaVontae Turpin,WR,DAL,3300,13.2,0.8
2025,9,1,boom,195.1,Christian McCaffrey,RB,SF,8800,24.3,37.3
2025,9,1,boom,195.1,Jaxon Smith-Njigba,WR,SEA,8100,20.1,25.0
2025,9,1,boom,195.1,Chase Brown,RB,CIN,5900,13.7,19.2
2025,9,1,boom,195.1,Caleb Williams,QB,CHI,5700,23.3,38.7
2025,9,1,boom,195.1,D.J. Moore,WR,CHI,5200,13.2,23.0
2025,9,1,boom,195.1,Kendrick Bourne,WR,SF,5000,9.6,5.4
2025,9,1,boom,195.1,Sam LaPorta,TE,DET,4300,12.2,21.7
2025,9,1,boom,195.1,DET DST,DST,DET,3700,9.3,7.0
2025,9,1,boom,195.1,Olamide Zaccheaus,WR,CHI,3300,17.5,17.8
2025,9,2,boom,187.6,Davante Adams,WR,LA,7500,15.3,23.0
2025,9,2,boom,187.6,De'Von Achane,RB,MIA,7400,18.5,16.6
2025,9,2,boom,187.6,Ashton Jeanty,RB,LV,6700,15.2,19.9
2025,9,2,boom,187.6,Brian Thomas Jr.,WR,JAX,6200,14.5,8.5
2025,9,2,boom,187.6,Trevor Lawrence,QB,JAX,5400,19.8,22.2
2025,9,2,boom,187.6,Brock Bowers,TE,LV,5000,12.1,46.3
2025,9,2,boom,187.6,Dalton Kincaid,TE,BUF,4000,17.8,25.1
2025,9,2,boom,187.6,LAR DST,DST,LAR,3900,11.2,9.0
2025,9,2,boom,187.6,Parker Washington,WR,JAX,3700,18.1,17.0
2025,9,3,boom,173.8,Christian McCaffrey,RB,SF,8800,24.3,37.3
2025,9,3,boom,173.8,Derrick Henry,RB,BAL,6500,16.3,16.1
2025,9,3,boom,173.8,Drake Maye,QB,NE,6500,21.0,18.4
2025,9,3,boom,173.8,Drake London,WR,ATL,6400,14.5,41.8
2025,9,3,boom,173.8,Stefon Diggs,WR,NE,5700,12.3,12.8
2025,9,3,boom,173.8,Zay Flowers,WR,BAL,5400,15.4,11.4
2025,9,3,boom,173.8,Dalton Kincaid,TE,BUF,4000,17.8,25.1
2025,9,3,boom,173.8,Mack Hollins,WR,NE,3600,15.3,2.9
2025,9,3,boom,173.8,HOU DST,DST,HOU,2900,9.1,8.0
2025,9,4,boom,172.1,Puka Nacua,WR,LA,8500,21.0,22.8
2025,9,4,boom,172.1,Amon-Ra St. Brown,WR,DET,8300,20.7,18.7
2025,9,4,boom,172.1,Kyren Williams,RB,LA,6800,16.2,20.4
2025,9,4,boom,172.1,Caleb Williams,QB,CHI,5700,23.3,38.7
2025,9,4,boom,172.1,Zay Flowers,WR,BAL,5400,15.4,11.4
2025,9,4,boom,172.1,Samaje Perine,RB,CIN,4400,6.0,0.5
2025,9,4,boom,172.1,LAR DST,DST,LAR,3900,11.2,9.0
2025,9,4,boom,172.1,Olamide Zaccheaus,WR,CHI,3300,17.5,17.8
2025,9,4,boom,172.1,Colston Loveland,TE,CHI,3300,15.6,32.8
2025,9,5,boom,169.3,Ja'Marr Chase,WR,CIN,8400,20.4,20.1
2025,9,5,boom,169.3,Javonte Williams,RB,DAL,7000,17.9,8.3
2025,9,5,boom,169.3,Kyren Williams,RB,LA,6800,16.2,20.4
2025,9,5,boom,169.3,Tetairoa McMillan,WR,CAR,5800,12.3,8.6
2025,9,5,boom,169.3,Jordan Addison,WR,MIN,5800,11.2,8.4
2025,9,5,boom,169.3,Caleb Williams,QB,CHI,5700,23.3,38.7
2025,9,5,boom,169.3,D.J. Moore,WR,CHI,5200,13.2,23.0
2025,9,5,boom,169.3,Colston Loveland,TE,CHI,3300,15.6,32.8
2025,9,5,boom,169.3,CAR DST,DST,CAR,2000,5.0,9.0
2025,9,6,boom,168.0,Christian McCaffrey,RB,SF,8800,24.3,37.3
2025,9,6,boom,168.0,Rome Odunze,WR,CHI,6600,15.1,0.0
2025,9,6,boom,168.0,Trey McBride,TE,ARI,6000,15.7,16.5
2025,9,6,boom,168.0,Chase Brown,RB,CIN,5900,13.7,19.2
2025,9,6,boom,168.0,Caleb Williams,QB,CHI,5700,23.3,38.7
2025,9,6,boom,168.0,D.J. Moore,WR,CHI,5200,13.2,23.0
2025,9,6,boom,168.0,Wan'Dale Robinson,WR,NYG,5100,13.3,13.6
2025,9,6,boom,168.0,Theo Johnson,TE,NYG,3500,18.9,11.7
2025,9,6,boom,168.0,HOU DST,DST,HOU,2900,9.1,8.0
2025,9,7,boom,165.2,Christian McCaffrey,RB,SF,8800,24.3,37.3
2025,9,7,boom,165.2,Lamar Jackson,QB,BAL,6900,23.3,25.6
2025,9,7,boom,165.2,Kyren Williams,RB,LA,6800,16.2,20.4
2025,9,7,boom,165.2,Jaylen Waddle,WR,MIA,5900,14.4,14.2
2025,9,7,boom,165.2,Zay Flowers,WR,BAL,5400,15.4,11.4
2025,9,7,boom,165.2,Jameson Williams,WR,DET,4800,9.9,16.6
2025,9,7,boom,165.2,Jauan Jennings,WR,SF,4300,11.1,14.1
2025,9,7,boom,165.2,LAR DST,DST,LAR,3900,11.2,9.0
2025,9,7,boom,165.2,Mark Andrews,TE,BAL,3100,17.2,16.6
2025,9,8,lev,161.1,Christian McCaffrey,RB,SF,8800,24.3,37.3
2025,9,8,lev,161.1,CeeDee Lamb,WR,DAL,7900,23.0,15.5
2025,9,8,lev,161.1,De'Von Achane,RB,MIA,7400,18.5,16.6
2025,9,8,lev,161.1,Lamar Jackson,QB,BAL,6900,23.3,25.6
2025,9,8,lev,161.1,Dalton Kincaid,TE,BUF,4000,17.8,25.1
2025,9,8,lev,161.1,Rashod Bateman,WR,BAL,4000,16.5,9.3
2025,9,8,lev,161.1,Malik Washington,WR,MIA,3900,17.8,8.1
2025,9,8,lev,161.1,DET DST,DST,DET,3700,9.3,7.0
2025,9,8,lev,161.1,Mark Andrews,TE,BAL,3100,17.2,16.6
2025,9,9,boom,159.1,Christian McCaffrey,RB,SF,8800,24.3,37.3
2025,9,9,boom,159.1,Justin Herbert,QB,LAC,6800,23.2,28.7
2025,9,9,boom,159.1,Ladd McConkey,WR,LAC,6000,14.4,9.6
2025,9,9,boom,159.1,Keenan Allen,WR,LAC,5600,12.0,6.1
2025,9,9,boom,159.1,Zay Flowers,WR,BAL,5400,15.4,11.4
2025,9,9,boom,159.1,Tyjae Spears,RB,TEN,5100,8.8,9.2
2025,9,9,boom,159.1,Brock Bowers,TE,LV,5000,12.1,46.3
2025,9,9,boom,159.1,Darnell Mooney,WR,ATL,4200,8.0,2.5
2025,9,9,boom,159.1,HOU DST,DST,HOU,2900,9.1,8.0
2025,9,10,lev,154.7,Christian McCaffrey,RB,SF,8800,24.3,37.3
2025,9,10,lev,154.7,CeeDee Lamb,WR,DAL,7900,23.0,15.5
2025,9,10,lev,154.7,George Pickens,WR,DAL,6900,18.5,13.9
2025,9,10,lev,154.7,Dak Prescott,QB,DAL,6700,26.4,16.4
2025,9,10,lev,154.7,Kyle Monangai,RB,CHI,4600,13.6,25.8
2025,9,10,lev,154.7,Calvin Austin III,WR,PIT,4000,20.9,10.6
2025,9,10,lev,154.7,Dalton Kincaid,TE,BUF,4000,17.8,25.1
2025,9,10,lev,154.7,NE DST,DST,NE,3600,8.8,1.0
2025,9,10,lev,154.7,Michael Wilson,WR,ARI,3500,19.9,9.1
2025,9,11,boom,152.8,Christian McCaffrey,RB,SF,8800,24.3,37.3
2025,9,11,boom,152.8,Lamar Jackson,QB,BAL,6900,23.3,25.6
2025,9,11,boom,152.8,Derrick Henry,RB,BAL,6500,16.3,16.1
2025,9,11,boom,152.8,Jaylen Waddle,WR,MIA,5900,14.4,14.2
2025,9,11,boom,152.8,Jaylen Warren,RB,PIT,5500,15.2,16.9
2025,9,11,boom,152.8,Christian Watson,WR,GB,4400,8.9,7.8
2025,9,11,boom,152.8,Rashod Bateman,WR,BAL,4000,16.5,9.3
2025,9,11,boom,152.8,LAR DST,DST,LAR,3900,11.2,9.0
2025,9,11,boom,152.8,Mark Andrews,TE,BAL,3100,17.2,16.6
2025,9,12,lev,150.4,Christian McCaffrey,RB,SF,8800,24.3,37.3
2025,9,12,lev,150.4,Amon-Ra St. Brown,WR,DET,8300,20.7,18.7
2025,9,12,lev,150.4,De'Von Achane,RB,MIA,7400,18.5,16.6
2025,9,12,lev,150.4,Lamar Jackson,QB,BAL,6900,23.3,25.6
2025,9,12,lev,150.4,Calvin Austin III,WR,PIT,4000,20.9,10.6
2025,9,12,lev,150.4,Rashod Bateman,WR,BAL,4000,16.5,9.3
2025,9,12,lev,150.4,GB DST,DST,GB,4000,9.6,4.0
2025,9,12,lev,150.4,Theo Johnson,TE,NYG,3500,18.9,11.7
2025,9,12,lev,150.4,Mark Andrews,TE,BAL,3100,17.2,16.6
2025,9,13,boom,150.1,Christian McCaffrey,RB,SF,8800,24.3,37.3
2025,9,13,boom,150.1,Rashee Rice,WR,KC,7600,18.6,18.6
2025,9,13,boom,150.1,Justin Herbert,QB,LAC,6800,23.2,28.7
2025,9,13,boom,150.1,Quentin Johnston,WR,LAC,5400,10.3,15.3
2025,9,13,boom,150.1,Romeo Doubs,WR,GB,5200,13.1,16.1
2025,9,13,boom,150.1,Tyjae Spears,RB,TEN,5100,8.8,9.2
2025,9,13,boom,150.1,LAR DST,DST,LAR,3900,11.2,9.0
2025,9,13,boom,150.1,Tre Harris,WR,LAC,3500,12.4,3.8
2025,9,13,boom,150.1,Juwan Johnson,TE,NO,3200,13.9,12.1
2025,9,14,lev,143.0,Christian McCaffrey,RB,SF,8800,24.3,37.3
2025,9,14,lev,143.0,Bijan Robinson,RB,ATL,8700,18.9,17.6
2025,9,14,lev,143.0,CeeDee Lamb,WR,DAL,7900,23.0,15.5
2025,9,14,lev,143.0,Dak Prescott,QB,DAL,6700,26.4,16.4
2025,9,14,lev,143.0,Dalton Kincaid,TE,BUF,4000,17.8,25.1
2025,9,14,lev,143.0,DET DST,DST,DET,3700,9.3,7.0
2025,9,14,lev,143.0,Theo Johnson,TE,NYG,3500,18.9,11.7
2025,9,14,lev,143.0,Michael Wilson,WR,ARI,3500,19.9,9.1
2025,9,14,lev,143.0,KaVontae Turpin,WR,DAL,3100,14.5,3.3
2025,9,15,lev,142.3,Christian McCaffrey,RB,SF,8800,24.3,37.3
2025,9,15,lev,142.3,CeeDee Lamb,WR,DAL,7900,23.0,15.5
2025,9,15,lev,142.3,De'Von Achane,RB,MIA,7400,18.5,16.6
2025,9,15,lev,142.3,Dak Prescott,QB,DAL,6700,26.4,16.4
2025,9,15,lev,142.3,Dalton Kincaid,TE,BUF,4000,17.8,25.1
2025,9,15,lev,142.3,Malik Washington,WR,MIA,3900,17.8,8.1
2025,9,15,lev,142.3,LAC DST,DST,LAC,3800,9.2,5.0
2025,9,15,lev,142.3,Michael Wilson,WR,ARI,3500,19.9,9.1
2025,9,15,lev,142.3,Ryan Flournoy,WR,DAL,3400,14.2,9.2
2025,9,16,lev,139.6,Christian McCaffrey,RB,SF,8800,24.3,37.3
2025,9,16,lev,139.6,CeeDee Lamb,WR,DAL,7900,23.0,15.5
2025,9,16,lev,139.6,George Pickens,WR,DAL,6900,18.5,13.9
2025,9,16,lev,139.6,Dak Prescott,QB,DAL,6700,26.4,16.4
2025,9,16,lev,139.6,Derrick Henry,RB,BAL,6500,16.3,16.1
2025,9,16,lev,139.6,Calvin Austin III,WR,PIT,4000,20.9,10.6
2025,9,16,lev,139.6,Michael Wilson,WR,ARI,3500,19.9,9.1
2025,9,16,lev,139.6,Theo Johnson,TE,NYG,3500,18.9,11.7
2025,9,16,lev,139.6,CAR DST,DST,CAR,2000,5.0,9.0
2025,9,17,lev,138.5,Christian McCaffrey,RB,SF,8800,24.3,37.3
2025,9,17,lev,138.5,Amon-Ra St. Brown,WR,DET,8300,20.7,18.7
2025,9,17,lev,138.5,Javonte Williams,RB,DAL,7000,17.9,8.3
2025,9,17,lev,138.5,Lamar Jackson,QB,BAL,6900,23.3,25.6
2025,9,17,lev,138.5,Calvin Austin III,WR,PIT,4000,20.9,10.6
2025,9,17,lev,138.5,Rashod Bateman,WR,BAL,4000,16.5,9.3
2025,9,17,lev,138.5,GB DST,DST,GB,4000,9.6,4.0
2025,9,17,lev,138.5,Malik Washington,WR,MIA,3900,17.8,8.1
2025,9,17,lev,138.5,Mark Andrews,TE,BAL,3100,17.2,16.6
2025,9,18,lev,138.2,Christian McCaffrey,RB,SF,8800,24.3,37.3
2025,9,18,lev,138.2,CeeDee Lamb,WR,DAL,7900,23.0,15.5
2025,9,18,lev,138.2,George Pickens,WR,DAL,6900,18.5,13.9
2025,9,18,lev,138.2,Dak Prescott,QB,DAL,6700,26.4,16.4
2025,9,18,lev,138.2,Jaylen Warren,RB,PIT,5500,15.2,16.9
2025,9,18,lev,138.2,Calvin Austin III,WR,PIT,4000,20.9,10.6
2025,9,18,lev,138.2,DET DST,DST,DET,3700,9.3,7.0
2025,9,18,lev,138.2,Michael Wilson,WR,ARI,3500,19.9,9.1
2025,9,18,lev,138.2,AJ Barner,TE,SEA,3000,16.3,11.5
2025,9,19,lev,137.3,Christian McCaffrey,RB,SF,8800,24.3,37.3
2025,9,19,lev,137.3,CeeDee Lamb,WR,DAL,7900,23.0,15.5
2025,9,19,lev,137.3,George Pickens,WR,DAL,6900,18.5,13.9
2025,9,19,lev,137.3,Dak Prescott,QB,DAL,6700,26.4,16.4
2025,9,19,lev,137.3,Jaylen Warren,RB,PIT,5500,15.2,16.9
2025,9,19,lev,137.3,Calvin Austin III,WR,PIT,4000,20.9,10.6
2025,9,19,lev,137.3,NE DST,DST,NE,3600,8.8,1.0
2025,9,19,lev,137.3,Michael Wilson,WR,ARI,3500,19.9,9.1
2025,9,19,lev,137.3,Mark Andrews,TE,BAL,3100,17.2,16.6
2025,9,20,lev,136.4,Christian McCaffrey,RB,SF,8800,24.3,37.3
2025,9,20,lev,136.4,CeeDee Lamb,WR,DAL,7900,23.0,15.5
2025,9,20,lev,136.4,George Pickens,WR,DAL,6900,18.5,13.9
2025,9,20,lev,136.4,Dak Prescott,QB,DAL,6700,26.4,16.4
2025,9,20,lev,136.4,Jaylen Warren,RB,PIT,5500,15.2,16.9
2025,9,20,lev,136.4,Calvin Austin III,WR,PIT,4000,20.9,10.6
2025,9,20,lev,136.4,Michael Wilson,WR,ARI,3500,19.9,9.1
2025,9,20,lev,136.4,Theo Johnson,TE,NYG,3500,18.9,11.7
2025,9,20,lev,136.4,DEN DST,DST,DEN,3200,8.2,5.0
2025,9,21,boom,136.3,Ja'Marr Chase,WR,CIN,8400,20.4,20.1
2025,9,21,boom,136.3,Javonte Williams,RB,DAL,7000,17.9,8.3
2025,9,21,boom,136.3,Rome Odunze,WR,CHI,6600,15.1,0.0
2025,9,21,boom,136.3,Brian Thomas Jr.,WR,JAX,6200,14.5,8.5
2025,9,21,boom,136.3,Chase Brown,RB,CIN,5900,13.7,19.2
2025,9,21,boom,136.3,Caleb Williams,QB,CHI,5700,23.3,38.7
2025,9,21,boom,136.3,Sam LaPorta,TE,DET,4300,12.2,21.7
2025,9,21,boom,136.3,Olamide Zaccheaus,WR,CHI,3300,17.5,17.8
2025,9,21,boom,136.3,LV DST,DST,LV,2500,6.8,2.0
2025,9,22,lev,135.4,Christian McCaffrey,RB,SF,8800,24.3,37.3
2025,9,22,lev,135.4,Rashee Rice,WR,KC,7600,18.6,18.6
2025,9,22,lev,135.4,De'Von Achane,RB,MIA,7400,18.5,16.6
2025,9,22,lev,135.4,Patrick Mahomes,QB,KC,7100,25.1,11.5
2025,9,22,lev,135.4,GB DST,DST,GB,4000,9.6,4.0
2025,9,22,lev,135.4,Dalton Kincaid,TE,BUF,4000,17.8,25.1
2025,9,22,lev,135.4,Calvin Austin III,WR,PIT,4000,20.9,10.6
2025,9,22,lev,135.4,Tyquan Thornton,WR,KC,3600,14.8,0.0
2025,9,22,lev,135.4,Theo Johnson,TE,NYG,3500,18.9,11.7
2025,9,23,lev,133.0,Jonathan Taylor,RB,IND,9800,20.9,7.7
2025,9,23,lev,133.0,Christian McCaffrey,RB,SF,8800,24.3,37.3
2025,9,23,lev,133.0,CeeDee Lamb,WR,DAL,7900,23.0,15.5
2025,9,23,lev,133.0,Dak Prescott,QB,DAL,6700,26.4,16.4
2025,9,23,lev,133.0,Parker Washington,WR,JAX,3700,18.1,17.0
2025,9,23,lev,133.0,Michael Wilson,WR,ARI,3500,19.9,9.1
2025,9,23,lev,133.0,Theo Johnson,TE,NYG,3500,18.9,11.7
2025,9,23,lev,133.0,KaVontae Turpin,WR,DAL,3100,14.5,3.3
2025,9,23,lev,133.0,BAL DST,DST,BAL,3000,6.9,15.0
2025,9,24,lev,128.2,Christian McCaffrey,RB,SF,8800,24.3,37.3
2025,9,24,lev,128.2,CeeDee Lamb,WR,DAL,7900,23.0,15.5
2025,9,24,lev,128.2,George Pickens,WR,DAL,6900,18.5,13.9
2025,9,24,lev,128.2,Dak Prescott,QB,DAL,6700,26.4,16.4
2025,9,24,lev,128.2,Jaylen Warren,RB,PIT,5500,15.2,16.9
2025,9,24,lev,128.2,Calvin Austin III,WR,PIT,4000,20.9,10.6
2025,9,24,lev,128.2,Michael Wilson,WR,ARI,3500,19.9,9.1
2025,9,24,lev,128.2,Jonnu Smith,TE,PIT,3400,15.9,5.5
2025,9,24,lev,128.2,JAX DST,DST,JAX,3300,7.9,3.0
2025,9,25,boom,127.8,Puka Nacua,WR,LA,8500,21.0,22.8
2025,9,25,boom,127.8,Ja'Marr Chase,WR,CIN,8400,20.4,20.1
2025,9,25,boom,127.8,De'Von Achane,RB,MIA,7400,18.5,16.6
2025,9,25,boom,127.8,Lamar Jackson,QB,BAL,6900,23.3,25.6
2025,9,25,boom,127.8,Zay Flowers,WR,BAL,5400,15.4,11.4
2025,9,25,boom,127.8,Justice Hill,RB,BAL,4500,6.2,3.5
2025,9,25,boom,127.8,Noah Fant,TE,CIN,3300,15.3,10.8
2025,9,25,boom,127.8,HOU DST,DST,HOU,2900,9.1,8.0
2025,9,25,boom,127.8,Isaiah Likely,TE,BAL,2600,12.3,9.0
2025,9,26,boom,127.6,CeeDee Lamb,WR,DAL,7900,23.0,15.5
2025,9,26,boom,127.6,Javonte Williams,RB,DAL,7000,17.9,8.3
2025,9,26,boom,127.6,George Pickens,WR,DAL,6900,18.5,13.9
2025,9,26,boom,127.6,Dak Prescott,QB,DAL,6700,26.4,16.4
2025,9,26,boom,127.6,Marvin Harrison Jr.,WR,ARI,5500,11.8,22.6
2025,9,26,boom,127.6,Kendrick Bourne,WR,SF,5000,9.6,5.4
2025,9,26,boom,127.6,Kyle Monangai,RB,CHI,4600,13.6,25.8
2025,9,26,boom,127.6,Theo Johnson,TE,NYG,3500,18.9,11.7
2025,9,26,boom,127.6,HOU DST,DST,HOU,2900,9.1,8.0
2025,9,27,boom,126.3,Bijan Robinson,RB,ATL,8700,18.9,17.6
2025,9,27,boom,126.3,Rashee Rice,WR,KC,7600,18.6,18.6
2025,9,27,boom,126.3,Patrick Mahomes,QB,KC,7100,25.1,11.5
2025,9,27,boom,126.3,Ladd McConkey,WR,LAC,6000,14.4,9.6
2025,9,27,boom,126.3,Jaylen Warren,RB,PIT,5500,15.2,16.9
2025,9,27,boom,126.3,Khalil Shakir,WR,BUF,5300,12.4,11.3
2025,9,27,boom,126.3,Tyquan Thornton,WR,KC,3600,14.8,0.0
2025,9,27,boom,126.3,Colston Loveland,TE,CHI,3300,15.6,32.8
2025,9,27,boom,126.3,HOU DST,DST,HOU,2900,9.1,8.0
2025,9,28,boom,118.7,Ja'Marr Chase,WR,CIN,8400,20.4,20.1
2025,9,28,boom,118.7,Javonte Williams,RB,DAL,7000,17.9,8.3
2025,9,28,boom,118.7,Rome Odunze,WR,CHI,6600,15.1,0.0
2025,9,28,boom,118.7,Trey McBride,TE,ARI,6000,15.7,16.5
2025,9,28,boom,118.7,Caleb Williams,QB,CHI,5700,23.3,38.7
2025,9,28,boom,118.7,Alvin Kamara,RB,NO,5500,10.5,1.7
2025,9,28,boom,118.7,Zay Flowers,WR,BAL,5400,15.4,11.4
2025,9,28,boom,118.7,Cole Kmet,TE,CHI,3100,15.1,2.0
2025,9,28,boom,118.7,TEN DST,DST,TEN,2300,5.4,20.0
2025,9,29,boom,117.8,Javonte Williams,RB,DAL,7000,17.9,8.3
2025,9,29,boom,117.8,George Pickens,WR,DAL,6900,18.5,13.9
2025,9,29,boom,117.8,Dak Prescott,QB,DAL,6700,26.4,16.4
2025,9,29,boom,117.8,Drake London,WR,ATL,6400,14.5,41.8
2025,9,29,boom,117.8,Ladd McConkey,WR,LAC,6000,14.4,9.6
2025,9,29,boom,117.8,Jake Ferguson,TE,DAL,5400,12.0,9.0
2025,9,29,boom,117.8,Brashard Smith,RB,KC,4200,7.5,0.7
2025,9,29,boom,117.8,LAR DST,DST,LAR,3900,11.2,9.0
2025,9,29,boom,117.8,Michael Wilson,WR,ARI,3500,19.9,9.1
2025,9,30,boom,116.9,Christian McCaffrey,RB,SF,8800,24.3,37.3
2025,9,30,boom,116.9,Justin Jefferson,WR,MIN,7800,15.6,16.7
2025,9,30,boom,116.9,Patrick Mahomes,QB,KC,7100,25.1,11.5
2025,9,30,boom,116.9,Xavier Worthy,WR,KC,5600,11.9,6.0
2025,9,30,boom,116.9,Khalil Shakir,WR,BUF,5300,12.4,11.3
2025,9,30,boom,116.9,Wan'Dale Robinson,WR,NYG,5100,13.3,13.6
2025,9,30,boom,116.9,Kareem Hunt,RB,KC,4700,9.0,12.5
2025,9,30,boom,116.9,HOU DST,DST,HOU,2900,9.1,8.0
2025,9,30,boom,116.9,Noah Gray,TE,KC,2600,12.3,0.0
2025,9,31,game,116.5,Jonathan Taylor,RB,IND,9800,20.9,7.7
2025,9,31,game,116.5,Christian McCaffrey,RB,SF,8800,24.3,37.3
2025,9,31,game,116.5,CeeDee Lamb,WR,DAL,7900,23.0,15.5
2025,9,31,game,116.5,Aaron Rodgers,QB,PIT,5800,17.8,12.1
2025,9,31,game,116.5,Calvin Austin III,WR,PIT,4000,20.9,10.6
2025,9,31,game,116.5,DET DST,DST,DET,3700,9.3,7.0
2025,9,31,game,116.5,Michael Wilson,WR,ARI,3500,19.9,9.1
2025,9,31,game,116.5,Jonnu Smith,TE,PIT,3400,15.9,5.5
2025,9,31,game,116.5,Pat Freiermuth,TE,PIT,3100,15.1,11.7
2025,9,32,boom,115.4,Jonathan Taylor,RB,IND,9800,20.9,7.7
2025,9,32,boom,115.4,Drake London,WR,ATL,6400,14.5,41.8
2025,9,32,boom,115.4,Kimani Vidal,RB,LAC,6300,14.7,3.0
2025,9,32,boom,115.4,Aaron Rodgers,QB,PIT,5800,17.8,12.1
2025,9,32,boom,115.4,DK Metcalf,WR,PIT,5500,13.5,2.6
2025,9,32,boom,115.4,Zay Flowers,WR,BAL,5400,15.4,11.4
2025,9,32,boom,115.4,Alec Pierce,WR,IND,4600,9.7,20.5
2025,9,32,boom,115.4,HOU DST,DST,HOU,2900,9.1,8.0
2025,9,32,boom,115.4,Darnell Washington,TE,PIT,2900,13.4,8.3
2025,9,33,lev,113.5,Christian McCaffrey,RB,SF,8800,24.3,37.3
2025,9,33,lev,113.5,CeeDee Lamb,WR,DAL,7900,23.0,15.5
2025,9,33,lev,113.5,Patrick Mahomes,QB,KC,7100,25.1,11.5
2025,9,33,lev,113.5,Javonte Williams,RB,DAL,7000,17.9,8.3
2025,9,33,lev,113.5,Calvin Austin III,WR,PIT,4000,20.9,10.6
2025,9,33,lev,113.5,Dalton Kincaid,TE,BUF,4000,17.8,25.1
2025,9,33,lev,113.5,GB DST,DST,GB,4000,9.6,4.0
2025,9,33,lev,113.5,Tyquan Thornton,WR,KC,3600,14.8,0.0
2025,9,33,lev,113.5,JuJu Smith-Schuster,WR,KC,3400,14.4,1.2
2025,9,34,boom,110.9,CeeDee Lamb,WR,DAL,7900,23.0,15.5
2025,9,34,boom,110.9,George Pickens,WR,DAL,6900,18.5,13.9
2025,9,34,boom,110.9,Dak Prescott,QB,DAL,6700,26.4,16.4
2025,9,34,boom,110.9,Trey McBride,TE,ARI,6000,15.7,16.5
2025,9,34,boom,110.9,Jaylen Warren,RB,PIT,5500,15.2,16.9
2025,9,34,boom,110.9,Zay Flowers,WR,BAL,5400,15.4,11.4
2025,9,34,boom,110.9,Tyjae Spears,RB,TEN,5100,8.8,9.2
2025,9,34,boom,110.9,LAR DST,DST,LAR,3900,11.2,9.0
2025,9,34,boom,110.9,Brock Wright,TE,DET,2500,13.8,2.1
2025,9,35,boom,109.7,Rashee Rice,WR,KC,7600,18.6,18.6
2025,9,35,boom,109.7,Javonte Williams,RB,DAL,7000,17.9,8.3
2025,9,35,boom,109.7,Jordan Love,QB,GB,6100,20.1,10.0
2025,9,35,boom,109.7,Tetairoa McMillan,WR,CAR,5800,12.3,8.6
2025,9,35,boom,109.7,Tucker Kraft,TE,GB,5700,13.6,4.0
2025,9,35,boom,109.7,Romeo Doubs,WR,GB,5200,13.1,16.1
2025,9,35,boom,109.7,Kyle Monangai,RB,CHI,4600,13.6,25.8
2025,9,35,boom,109.7,Rashod Bateman,WR,BAL,4000,16.5,9.3
2025,9,35,boom,109.7,LAR DST,DST,LAR,3900,11.2,9.0
2025,9,36,lev,103.0,Christian McCaffrey,RB,SF,8800,24.3,37.3
2025,9,36,lev,103.0,Jahmyr Gibbs,RB,DET,8000,17.9,5.8
2025,9,36,lev,103.0,CeeDee Lamb,WR,DAL,7900,23.0,15.5
2025,9,36,lev,103.0,Dak Prescott,QB,DAL,6700,26.4,16.4
2025,9,36,lev,103.0,Calvin Austin III,WR,PIT,4000,20.9,10.6
2025,9,36,lev,103.0,Evan Engram,TE,DEN,3900,16.2,0.0
2025,9,36,lev,103.0,LAC DST,DST,LAC,3800,9.2,5.0
2025,9,36,lev,103.0,Michael Wilson,WR,ARI,3500,19.9,9.1
2025,9,36,lev,103.0,KaVontae Turpin,WR,DAL,3100,14.5,3.3
2025,9,37,boom,102.1,Rashee Rice,WR,KC,7600,18.6,18.6
2025,9,37,boom,102.1,Patrick Mahomes,QB,KC,7100,25.1,11.5
2025,9,37,boom,102.1,Javonte Williams,RB,DAL,7000,17.9,8.3
2025,9,37,boom,102.1,Ashton Jeanty,RB,LV,6700,15.2,19.9
2025,9,37,boom,102.1,Zay Flowers,WR,BAL,5400,15.4,11.4
2025,9,37,boom,102.1,Keon Coleman,WR,BUF,4500,9.4,3.7
2025,9,37,boom,102.1,Sam LaPorta,TE,DET,4300,12.2,21.7
2025,9,37,boom,102.1,DET DST,DST,DET,3700,9.3,7.0
2025,9,37,boom,102.1,Tyquan Thornton,WR,KC,3600,14.8,0.0
2025,9,38,boom,101.3,Javonte Williams,RB,DAL,7000,17.9,8.3
2025,9,38,boom,101.3,Justin Herbert,QB,LAC,6800,23.2,28.7
2025,9,38,boom,101.3,Courtland Sutton,WR,DEN,6500,13.1,10.0
2025,9,38,boom,101.3,Keenan Allen,WR,LAC,5600,12.0,6.1
2025,9,38,boom,101.3,Quentin Johnston,WR,LAC,5400,10.3,15.3
2025,9,38,boom,101.3,Tony Pollard,RB,TEN,5300,9.9,7.8
2025,9,38,boom,101.3,Romeo Doubs,WR,GB,5200,13.1,16.1
2025,9,38,boom,101.3,LAR DST,DST,LAR,3900,11.2,9.0
2025,9,38,boom,101.3,Evan Engram,TE,DEN,3900,16.2,0.0
2025,9,39,boom,96.4,Rashee Rice,WR,KC,7600,18.6,18.6
2025,9,39,boom,96.4,Patrick Mahomes,QB,KC,7100,25.1,11.5
2025,9,39,boom,96.4,George Pickens,WR,DAL,6900,18.5,13.9
2025,9,39,boom,96.4,Derrick Henry,RB,BAL,6500,16.3,16.1
2025,9,39,boom,96.4,Jordan Mason,RB,MIN,5700,7.6,4.7
2025,9,39,boom,96.4,Xavier Worthy,WR,KC,5600,11.9,6.0
2025,9,39,boom,96.4,Wan'Dale Robinson,WR,NYG,5100,13.3,13.6
2025,9,39,boom,96.4,HOU DST,DST,HOU,2900,9.1,8.0
2025,9,39,boom,96.4,Dawson Knox,TE,BUF,2500,10.9,4.0
2025,9,40,boom,90.2,Rome Odunze,WR,CHI,6600,15.1,0.0
2025,9,40,boom,90.2,Derrick Henry,RB,BAL,6500,16.3,16.1
2025,9,40,boom,90.2,Jordan Love,QB,GB,6100,20.1,10.0
2025,9,40,boom,90.2,Tetairoa McMillan,WR,CAR,5800,12.3,8.6
2025,9,40,boom,90.2,Tucker Kraft,TE,GB,5700,13.6,4.0
2025,9,40,boom,90.2,D.J. Moore,WR,CHI,5200,13.2,23.0
2025,9,40,boom,90.2,Romeo Doubs,WR,GB,5200,13.1,16.1
2025,9,40,boom,90.2,Nick Chubb,RB,HOU,4900,7.1,3.4
2025,9,40,boom,90.2,LAR DST,DST,LAR,3900,11.2,9.0
2025,10,1,lev,192.5,Jonathan Taylor,RB,IND,9500,23.4,52.6
2025,10,1,lev,192.5,Amon-Ra St. Brown,WR,DET,8400,20.0,16.8
2025,10,1,lev,192.5,De'Von Achane,RB,MIA,7400,18.5,43.5
2025,10,1,lev,192.5,Lamar Jackson,QB,BAL,6800,23.6,16.6
2025,10,1,lev,192.5,Rashod Bateman,WR,BAL,3900,16.3,4.0
2025,10,1,lev,192.5,Cade Otton,TE,TB,3900,25.8,17.2
2025,10,1,lev,192.5,CAR DST,DST,CAR,3500,9.7,5.0
2025,10,1,lev,192.5,Mark Andrews,TE,BAL,3400,16.0,10.4
2025,10,1,lev,192.5,Jalen Nailor,WR,MIN,3100,14.0,26.4
2025,10,2,lev,175.0,Jonathan Taylor,RB,IND,9500,23.4,52.6
2025,10,2,lev,175.0,Christian McCaffrey,RB,SF,9000,23.2,17.6
2025,10,2,lev,175.0,Lamar Jackson,QB,BAL,6800,23.6,16.6
2025,10,2,lev,175.0,Zay Flowers,WR,BAL,5900,15.9,12.1
2025,10,2,lev,175.0,Cade Otton,TE,TB,3900,25.8,17.2
2025,10,2,lev,175.0,Rashod Bateman,WR,BAL,3900,16.3,4.0
2025,10,2,lev,175.0,Theo Johnson,TE,NYG,3800,19.4,14.5
2025,10,2,lev,175.0,DEN DST,DST,DEN,3500,9.7,14.0
2025,10,2,lev,175.0,Jalen Nailor,WR,MIN,3100,14.0,26.4
2025,10,3,lev,173.3,Jonathan Taylor,RB,IND,9500,23.4,52.6
2025,10,3,lev,173.3,Christian McCaffrey,RB,SF,9000,23.2,17.6
2025,10,3,lev,173.3,Emeka Egbuka,WR,TB,7000,16.7,26.5
2025,10,3,lev,173.3,Lamar Jackson,QB,BAL,6800,23.6,16.6
2025,10,3,lev,173.3,Cade Otton,TE,TB,3900,25.8,17.2
2025,10,3,lev,173.3,Rashod Bateman,WR,BAL,3900,16.3,4.0
2025,10,3,lev,173.3,DET DST,DST,DET,3400,8.4,2.0
2025,10,3,lev,173.3,Mark Andrews,TE,BAL,3400,16.0,10.4
2025,10,3,lev,173.3,Jalen Nailor,WR,MIN,3100,14.0,26.4
2025,10,4,boom,169.3,Jonathan Taylor,RB,IND,9500,23.4,52.6
2025,10,4,boom,169.3,Bijan Robinson,RB,ATL,8500,19.5,10.8
2025,10,4,boom,169.3,Davante Adams,WR,LA,7700,15.7,19.7
2025,10,4,boom,169.3,Matthew Stafford,QB,LA,6500,21.1,26.9
2025,10,4,boom,169.3,Alec Pierce,WR,IND,4700,11.5,18.4
2025,10,4,boom,169.3,Jauan Jennings,WR,SF,4600,11.3,18.1
2025,10,4,boom,169.3,CLE DST,DST,CLE,2900,9.5,5.0
2025,10,4,boom,169.3,Isaiah Likely,TE,BAL,2900,12.3,3.7
2025,10,4,boom,169.3,Colby Parkinson,TE,LA,2500,9.8,14.1
2025,10,5,lev,162.3,Jonathan Taylor,RB,IND,9500,23.4,52.6
2025,10,5,lev,162.3,Christian McCaffrey,RB,SF,9000,23.2,17.6
2025,10,5,lev,162.3,Emeka Egbuka,WR,TB,7000,16.7,26.5
2025,10,5,lev,162.3,Lamar Jackson,QB,BAL,6800,23.6,16.6
2025,10,5,lev,162.3,Rashod Bateman,WR,BAL,3900,16.3,4.0
2025,10,5,lev,162.3,Evan Engram,TE,DEN,3700,17.9,3.2
2025,10,5,lev,162.3,CAR DST,DST,CAR,3500,9.7,5.0
2025,10,5,lev,162.3,Mark Andrews,TE,BAL,3400,16.0,10.4
2025,10,5,lev,162.3,Jalen Nailor,WR,MIN,3100,14.0,26.4
2025,10,6,lev,160.9,Jonathan Taylor,RB,IND,9500,23.4,52.6
2025,10,6,lev,160.9,Christian McCaffrey,RB,SF,9000,23.2,17.6
2025,10,6,lev,160.9,Lamar Jackson,QB,BAL,6800,23.6,16.6
2025,10,6,lev,160.9,Zay Flowers,WR,BAL,5900,15.9,12.1
2025,10,6,lev,160.9,Zach Ertz,TE,WAS,4000,16.8,9.4
2025,10,6,lev,160.9,Cade Otton,TE,TB,3900,25.8,17.2
2025,10,6,lev,160.9,Rashod Bateman,WR,BAL,3900,16.3,4.0
2025,10,6,lev,160.9,CAR DST,DST,CAR,3500,9.7,5.0
2025,10,6,lev,160.9,Jalen Nailor,WR,MIN,3100,14.0,26.4
2025,10,7,boom,159.5,Jonathan Taylor,RB,IND,9500,23.4,52.6
2025,10,7,boom,159.5,Davante Adams,WR,LA,7700,15.7,19.7
2025,10,7,boom,159.5,Matthew Stafford,QB,LA,6500,21.1,26.9
2025,10,7,boom,159.5,Zay Flowers,WR,BAL,5900,15.9,12.1
2025,10,7,boom,159.5,Kimani Vidal,RB,LAC,5900,12.0,17.8
2025,10,7,boom,159.5,Jauan Jennings,WR,SF,4600,11.3,18.1
2025,10,7,boom,159.5,Xavier Legette,WR,CAR,3800,16.4,0.0
2025,10,7,boom,159.5,LAR DST,DST,LAR,3200,11.0,6.0
2025,10,7,boom,159.5,Tyler Higbee,TE,LA,2900,14.3,6.3
2025,10,8,boom,156.2,Jonathan Taylor,RB,IND,9500,23.4,52.6
2025,10,8,boom,156.2,Rome Odunze,WR,CHI,6000,13.0,20.6
2025,10,8,boom,156.2,Zay Flowers,WR,BAL,5900,15.9,12.1
2025,10,8,boom,156.2,Jaxson Dart,QB,NYG,5700,19.2,27.3
2025,10,8,boom,156.2,J.K. Dobbins,RB,DEN,5700,13.6,9.4
2025,10,8,boom,156.2,Wan'Dale Robinson,WR,NYG,5300,13.0,12.2
2025,10,8,boom,156.2,Romeo Doubs,WR,GB,4900,13.5,1.5
2025,10,8,boom,156.2,Theo Johnson,TE,NYG,3800,19.4,14.5
2025,10,8,boom,156.2,LAR DST,DST,LAR,3200,11.0,6.0
2025,10,9,boom,153.2,Josh Jacobs,RB,GB,7600,16.5,20.7
2025,10,9,boom,153.2,De'Von Achane,RB,MIA,7400,18.5,43.5
2025,10,9,boom,153.2,Rome Odunze,WR,CHI,6000,13.0,20.6
2025,10,9,boom,153.2,Jaxson Dart,QB,NYG,5700,19.2,27.3
2025,10,9,boom,153.2,J.K. Dobbins,RB,DEN,5700,13.6,9.4
2025,10,9,boom,153.2,D.J. Moore,WR,CHI,5500,11.5,0.0
2025,10,9,boom,153.2,Wan'Dale Robinson,WR,NYG,5300,13.0,12.2
2025,10,9,boom,153.2,Theo Johnson,TE,NYG,3800,19.4,14.5
2025,10,9,boom,153.2,CLE DST,DST,CLE,2900,9.5,5.0
2025,10,10,boom,148.1,Jonathan Taylor,RB,IND,9500,23.4,52.6
2025,10,10,boom,148.1,Christian McCaffrey,RB,SF,9000,23.2,17.6
2025,10,10,boom,148.1,Drake London,WR,ATL,6900,15.5,27.4
2025,10,10,boom,148.1,Wan'Dale Robinson,WR,NYG,5300,13.0,12.2
2025,10,10,boom,148.1,Quentin Johnston,WR,LAC,5300,11.3,9.2
2025,10,10,boom,148.1,Michael Penix Jr.,QB,ATL,4800,17.3,12.0
2025,10,10,boom,148.1,Darnell Mooney,WR,ATL,4000,15.0,2.7
2025,10,10,boom,148.1,Mason Taylor,TE,NYJ,3200,16.1,1.4
2025,10,10,boom,148.1,MIA DST,DST,MIA,2000,4.2,13.0
2025,10,11,boom,146.7,Jonathan Taylor,RB,IND,9500,23.4,52.6
2025,10,11,boom,146.7,Christian McCaffrey,RB,SF,9000,23.2,17.6
2025,10,11,boom,146.7,Drake London,WR,ATL,6900,15.5,27.4
2025,10,11,boom,146.7,Wan'Dale Robinson,WR,NYG,5300,13.0,12.2
2025,10,11,boom,146.7,Michael Penix Jr.,QB,ATL,4800,17.3,12.0
2025,10,11,boom,146.7,Darnell Mooney,WR,ATL,4000,15.0,2.7
2025,10,11,boom,146.7,Cade Otton,TE,TB,3900,25.8,17.2
2025,10,11,boom,146.7,Dyami Brown,WR,JAX,3700,15.1,0.0
2025,10,11,boom,146.7,CLE DST,DST,CLE,2900,9.5,5.0
2025,10,12,boom,145.6,Jonathan Taylor,RB,IND,9500,23.4,52.6
2025,10,12,boom,145.6,Christian McCaffrey,RB,SF,9000,23.2,17.6
2025,10,12,boom,145.6,A.J. Brown,WR,PHI,6100,16.0,3.3
2025,10,12,boom,145.6,Marvin Harrison Jr.,WR,ARI,5300,11.0,14.3
2025,10,12,boom,145.6,Kenneth Walker III,RB,SEA,5300,10.2,8.0
2025,10,12,boom,145.6,Jacoby Brissett,QB,ARI,4600,15.5,21.4
2025,10,12,boom,145.6,Cade Otton,TE,TB,3900,25.8,17.2
2025,10,12,boom,145.6,Greg Dortch,WR,ARI,3100,10.1,6.2
2025,10,12,boom,145.6,CLE DST,DST,CLE,2900,9.5,5.0
2025,10,13,lev,140.7,Jonathan Taylor,RB,IND,9500,23.4,52.6
2025,10,13,lev,140.7,Christian McCaffrey,RB,SF,9000,23.2,17.6
2025,10,13,lev,140.7,Lamar Jackson,QB,BAL,6800,23.6,16.6
2025,10,13,lev,140.7,Zay Flowers,WR,BAL,5900,15.9,12.1
2025,10,13,lev,140.7,Romeo Doubs,WR,GB,4900,13.5,1.5
2025,10,13,lev,140.7,Rashod Bateman,WR,BAL,3900,16.3,4.0
2025,10,13,lev,140.7,Theo Johnson,TE,NYG,3800,19.4,14.5
2025,10,13,lev,140.7,T.J. Hockenson,TE,MIN,3300,16.1,2.8
2025,10,13,lev,140.7,NYJ DST,DST,NYJ,2800,8.0,19.0
2025,10,14,boom,139.6,De'Von Achane,RB,MIA,7400,18.5,43.5
2025,10,14,boom,139.6,Ashton Jeanty,RB,LV,6500,13.1,15.3
2025,10,14,boom,139.6,Jaylen Waddle,WR,MIA,6400,15.1,19.4
2025,10,14,boom,139.6,Bo Nix,QB,DEN,6200,21.8,7.8
2025,10,14,boom,139.6,Tetairoa McMillan,WR,CAR,5700,12.5,11.0
2025,10,14,boom,139.6,Troy Franklin,WR,DEN,5200,12.6,15.0
2025,10,14,boom,139.6,Alec Pierce,WR,IND,4700,11.5,18.4
2025,10,14,boom,139.6,Evan Engram,TE,DEN,3700,17.9,3.2
2025,10,14,boom,139.6,LAR DST,DST,LAR,3200,11.0,6.0
2025,10,15,boom,138.8,Jonathan Taylor,RB,IND,9500,23.4,52.6
2025,10,15,boom,138.8,Bijan Robinson,RB,ATL,8500,19.5,10.8
2025,10,15,boom,138.8,Jaylen Waddle,WR,MIA,6400,15.1,19.4
2025,10,15,boom,138.8,Daniel Jones,QB,IND,6100,18.2,17.5
2025,10,15,boom,138.8,Romeo Doubs,WR,GB,4900,13.5,1.5
2025,10,15,boom,138.8,Alec Pierce,WR,IND,4700,11.5,18.4
2025,10,15,boom,138.8,Josh Downs,WR,IND,4400,9.7,1.3
2025,10,15,boom,138.8,Tyler Higbee,TE,LA,2900,14.3,6.3
2025,10,15,boom,138.8,JAX DST,DST,JAX,2600,8.7,11.0
2025,10,16,lev,138.4,Jonathan Taylor,RB,IND,9500,23.4,52.6
2025,10,16,lev,138.4,Christian McCaffrey,RB,SF,9000,23.2,17.6
2025,10,16,lev,138.4,Lamar Jackson,QB,BAL,6800,23.6,16.6
2025,10,16,lev,138.4,Zay Flowers,WR,BAL,5900,15.9,12.1
2025,10,16,lev,138.4,Cade Otton,TE,TB,3900,25.8,17.2
2025,10,16,lev,138.4,Rashod Bateman,WR,BAL,3900,16.3,4.0
2025,10,16,lev,138.4,Olamide Zaccheaus,WR,CHI,3600,17.0,1.5
2025,10,16,lev,138.4,DEN DST,DST,DEN,3500,9.7,14.0
2025,10,16,lev,138.4,T.J. Hockenson,TE,MIN,3300,16.1,2.8
2025,10,17,lev,133.7,Jonathan Taylor,RB,IND,9500,23.4,52.6
2025,10,17,lev,133.7,Christian McCaffrey,RB,SF,9000,23.2,17.6
2025,10,17,lev,133.7,Jaxon Smith-Njigba,WR,SEA,8600,19.4,20.3
2025,10,17,lev,133.7,Sam Darnold,QB,SEA,5800,20.6,7.9
2025,10,17,lev,133.7,Theo Johnson,TE,NYG,3800,19.4,14.5
2025,10,17,lev,133.7,Zay Jones,WR,ARI,3700,14.6,0.0
2025,10,17,lev,133.7,Olamide Zaccheaus,WR,CHI,3600,17.0,1.5
2025,10,17,lev,133.7,AJ Barner,TE,SEA,3100,16.0,0.3
2025,10,17,lev,133.7,NYJ DST,DST,NYJ,2800,8.0,19.0
2025,10,18,game,130.3,Jonathan Taylor,RB,IND,9500,23.4,52.6
2025,10,18,game,130.3,Christian McCaffrey,RB,SF,9000,23.2,17.6
2025,10,18,game,130.3,Jaxon Smith-Njigba,WR,SEA,8600,19.4,20.3
2025,10,18,game,130.3,Sam Darnold,QB,SEA,5800,20.6,7.9
2025,10,18,game,130.3,Cade Otton,TE,TB,3900,25.8,17.2
2025,10,18,game,130.3,Zay Jones,WR,ARI,3700,14.6,0.0
2025,10,18,game,130.3,Michael Wilson,WR,ARI,3300,13.2,7.4
2025,10,18,game,130.3,AJ Barner,TE,SEA,3100,16.0,0.3
2025,10,18,game,130.3,CHI DST,DST,CHI,3000,8.2,7.0
2025,10,19,boom,130.0,Bijan Robinson,RB,ATL,8500,19.5,10.8
2025,10,19,boom,130.0,Jahmyr Gibbs,RB,DET,8000,16.9,41.2
2025,10,19,boom,130.0,Daniel Jones,QB,IND,6100,18.2,17.5
2025,10,19,boom,130.0,Zay Flowers,WR,BAL,5900,15.9,12.1
2025,10,19,boom,130.0,Tre Tucker,WR,LV,5000,11.0,5.5
2025,10,19,boom,130.0,Alec Pierce,WR,IND,4700,11.5,18.4
2025,10,19,boom,130.0,Josh Downs,WR,IND,4400,9.7,1.3
2025,10,19,boom,130.0,Cade Otton,TE,TB,3900,25.8,17.2
2025,10,19,boom,130.0,LAR DST,DST,LAR,3200,11.0,6.0
2025,10,20,boom,129.0,Jahmyr Gibbs,RB,DET,8000,16.9,41.2
2025,10,20,boom,129.0,Justin Jefferson,WR,MIN,7900,17.1,7.7
2025,10,20,boom,129.0,Lamar Jackson,QB,BAL,6800,23.6,16.6
2025,10,20,boom,129.0,D'Andre Swift,RB,CHI,6100,10.6,14.8
2025,10,20,boom,129.0,Zay Flowers,WR,BAL,5900,15.9,12.1
2025,10,20,boom,129.0,Tez Johnson,WR,TB,4500,9.9,20.2
2025,10,20,boom,129.0,Xavier Legette,WR,CAR,3800,16.4,0.0
2025,10,20,boom,129.0,Mark Andrews,TE,BAL,3400,16.0,10.4
2025,10,20,boom,129.0,LAR DST,DST,LAR,3200,11.0,6.0
2025,10,21,boom,128.5,Christian McCaffrey,RB,SF,9000,23.2,17.6
2025,10,21,boom,128.5,Davante Adams,WR,LA,7700,15.7,19.7
2025,10,21,boom,128.5,Matthew Stafford,QB,LA,6500,21.1,26.9
2025,10,21,boom,128.5,Rachaad White,RB,TB,6400,14.8,10.4
2025,10,21,boom,128.5,Ladd McConkey,WR,LAC,6300,14.7,23.7
2025,10,21,boom,128.5,Sam LaPorta,TE,DET,4400,12.4,10.3
2025,10,21,boom,128.5,Sterling Shepard,WR,TB,4200,8.6,6.1
2025,10,21,boom,128.5,CLE DST,DST,CLE,2900,9.5,5.0
2025,10,21,boom,128.5,Davis Allen,TE,LA,2500,11.4,8.8
2025,10,22,lev,128.1,Jonathan Taylor,RB,IND,9500,23.4,52.6
2025,10,22,lev,128.1,Christian McCaffrey,RB,SF,9000,23.2,17.6
2025,10,22,lev,128.1,Justin Jefferson,WR,MIN,7900,17.1,7.7
2025,10,22,lev,128.1,Lamar Jackson,QB,BAL,6800,23.6,16.6
2025,10,22,lev,128.1,Rashod Bateman,WR,BAL,3900,16.3,4.0
2025,10,22,lev,128.1,Theo Johnson,TE,NYG,3800,19.4,14.5
2025,10,22,lev,128.1,Mark Andrews,TE,BAL,3400,16.0,10.4
2025,10,22,lev,128.1,Robbie Chosen,WR,WAS,3000,14.1,2.7
2025,10,22,lev,128.1,TB DST,DST,TB,2700,7.7,2.0
2025,10,23,lev,127.9,Jonathan Taylor,RB,IND,9500,23.4,52.6
2025,10,23,lev,127.9,Christian McCaffrey,RB,SF,9000,23.2,17.6
2025,10,23,lev,127.9,Lamar Jackson,QB,BAL,6800,23.6,16.6
2025,10,23,lev,127.9,Zay Flowers,WR,BAL,5900,15.9,12.1
2025,10,23,lev,127.9,Rashod Bateman,WR,BAL,3900,16.3,4.0
2025,10,23,lev,127.9,Cade Otton,TE,TB,3900,25.8,17.2
2025,10,23,lev,127.9,Xavier Legette,WR,CAR,3800,16.4,0.0
2025,10,23,lev,127.9,CAR DST,DST,CAR,3500,9.7,5.0
2025,10,23,lev,127.9,T.J. Hockenson,TE,MIN,3300,16.1,2.8
2025,10,24,boom,127.8,Amon-Ra St. Brown,WR,DET,8400,20.0,16.8
2025,10,24,boom,127.8,Justin Herbert,QB,LAC,6600,20.0,14.7
2025,10,24,boom,127.8,Ladd McConkey,WR,LAC,6300,14.7,23.7
2025,10,24,boom,127.8,D'Andre Swift,RB,CHI,6100,10.6,14.8
2025,10,24,boom,127.8,Jaylen Warren,RB,PIT,5800,13.3,11.1
2025,10,24,boom,127.8,Marvin Harrison Jr.,WR,ARI,5300,11.0,14.3
2025,10,24,boom,127.8,Quentin Johnston,WR,LAC,5300,11.3,9.2
2025,10,24,boom,127.8,Cade Otton,TE,TB,3900,25.8,17.2
2025,10,24,boom,127.8,ARI DST,DST,ARI,2200,6.0,6.0
2025,10,25,lev,125.5,Jonathan Taylor,RB,IND,9500,23.4,52.6
2025,10,25,lev,125.5,Christian McCaffrey,RB,SF,9000,23.2,17.6
2025,10,25,lev,125.5,Amon-Ra St. Brown,WR,DET,8400,20.0,16.8
2025,10,25,lev,125.5,Lamar Jackson,QB,BAL,6800,23.6,16.6
2025,10,25,lev,125.5,Rashod Bateman,WR,BAL,3900,16.3,4.0
2025,10,25,lev,125.5,Mark Andrews,TE,BAL,3400,16.0,10.4
2025,10,25,lev,125.5,T.J. Hockenson,TE,MIN,3300,16.1,2.8
2025,10,25,lev,125.5,Robbie Chosen,WR,WAS,3000,14.1,2.7
2025,10,25,lev,125.5,TB DST,DST,TB,2700,7.7,2.0
2025,10,26,boom,121.5,Justin Jefferson,WR,MIN,7900,17.1,7.7
2025,10,26,boom,121.5,Davante Adams,WR,LA,7700,15.7,19.7
2025,10,26,boom,121.5,Matthew Stafford,QB,LA,6500,21.1,26.9
2025,10,26,boom,121.5,Chris Olave,WR,NO,6200,12.8,24.4
2025,10,26,boom,121.5,J.K. Dobbins,RB,DEN,5700,13.6,9.4
2025,10,26,boom,121.5,Jacory Croskey-Merritt,RB,WAS,5200,7.5,3.0
2025,10,26,boom,121.5,Jauan Jennings,WR,SF,4600,11.3,18.1
2025,10,26,boom,121.5,LAR DST,DST,LAR,3200,11.0,6.0
2025,10,26,boom,121.5,Tyler Higbee,TE,LA,2900,14.3,6.3
2025,10,27,boom,119.4,Davante Adams,WR,LA,7700,15.7,19.7
2025,10,27,boom,119.4,Emeka Egbuka,WR,TB,7000,16.7,26.5
2025,10,27,boom,119.4,Lamar Jackson,QB,BAL,6800,23.6,16.6
2025,10,27,boom,119.4,Rico Dowdle,RB,CAR,6300,15.7,15.3
2025,10,27,boom,119.4,Zay Flowers,WR,BAL,5900,15.9,12.1
2025,10,27,boom,119.4,Jordan Addison,WR,MIN,5400,11.7,6.5
2025,10,27,boom,119.4,Kenneth Walker III,RB,SEA,5300,10.2,8.0
2025,10,27,boom,119.4,Isaiah Likely,TE,BAL,2900,12.3,3.7
2025,10,27,boom,119.4,JAX DST,DST,JAX,2600,8.7,11.0
2025,10,28,game,119.2,Jonathan Taylor,RB,IND,9500,23.4,52.6
2025,10,28,game,119.2,Christian McCaffrey,RB,SF,9000,23.2,17.6
2025,10,28,game,119.2,Bo Nix,QB,DEN,6200,21.8,7.8
2025,10,28,game,119.2,Brock Bowers,TE,LV,5900,16.3,3.7
2025,10,28,game,119.2,Troy Franklin,WR,DEN,5200,12.6,15.0
2025,10,28,game,119.2,Xavier Legette,WR,CAR,3800,16.4,0.0
2025,10,28,game,119.2,Evan Engram,TE,DEN,3700,17.9,3.2
2025,10,28,game,119.2,DEN DST,DST,DEN,3500,9.7,14.0
2025,10,28,game,119.2,Pat Bryant,WR,DEN,3200,13.5,5.3
2025,10,29,lev,118.4,Jonathan Taylor,RB,IND,9500,23.4,52.6
2025,10,29,lev,118.4,Bijan Robinson,RB,ATL,8500,19.5,10.8
2025,10,29,lev,118.4,Lamar Jackson,QB,BAL,6800,23.6,16.6
2025,10,29,lev,118.4,Zay Flowers,WR,BAL,5900,15.9,12.1
2025,10,29,lev,118.4,Rashod Bateman,WR,BAL,3900,16.3,4.0
2025,10,29,lev,118.4,Theo Johnson,TE,NYG,3800,19.4,14.5
2025,10,29,lev,118.4,Xavier Legette,WR,CAR,3800,16.4,0.0
2025,10,29,lev,118.4,CAR DST,DST,CAR,3500,9.7,5.0
2025,10,29,lev,118.4,T.J. Hockenson,TE,MIN,3300,16.1,2.8
2025,10,30,boom,114.4,Davante Adams,WR,LA,7700,15.7,19.7
2025,10,30,boom,114.4,Justin Herbert,QB,LAC,6600,20.0,14.7
2025,10,30,boom,114.4,Ladd McConkey,WR,LAC,6300,14.7,23.7
2025,10,30,boom,114.4,Kimani Vidal,RB,LAC,5900,12.0,17.8
2025,10,30,boom,114.4,Jaylen Warren,RB,PIT,5800,13.3,11.1
2025,10,30,boom,114.4,J.K. Dobbins,RB,DEN,5700,13.6,9.4
2025,10,30,boom,114.4,Quentin Johnston,WR,LAC,5300,11.3,9.2
2025,10,30,boom,114.4,T.J. Hockenson,TE,MIN,3300,16.1,2.8
2025,10,30,boom,114.4,LAR DST,DST,LAR,3200,11.0,6.0
2025,10,31,game,111.7,Jonathan Taylor,RB,IND,9500,23.4,52.6
2025,10,31,game,111.7,Christian McCaffrey,RB,SF,9000,23.2,17.6
2025,10,31,game,111.7,Bo Nix,QB,DEN,6200,21.8,7.8
2025,10,31,game,111.7,Brock Bowers,TE,LV,5900,16.3,3.7
2025,10,31,game,111.7,Troy Franklin,WR,DEN,5200,12.6,15.0
2025,10,31,game,111.7,Evan Engram,TE,DEN,3700,17.9,3.2
2025,10,31,game,111.7,Olamide Zaccheaus,WR,CHI,3600,17.0,1.5
2025,10,31,game,111.7,CAR DST,DST,CAR,3500,9.7,5.0
2025,10,31,game,111.7,Pat Bryant,WR,DEN,3200,13.5,5.3
2025,10,32,boom,110.5,Jaxon Smith-Njigba,WR,SEA,8600,19.4,20.3
2025,10,32,boom,110.5,Emeka Egbuka,WR,TB,7000,16.7,26.5
2025,10,32,boom,110.5,Kyren Williams,RB,LA,6600,15.3,22.4
2025,10,32,boom,110.5,Sam Darnold,QB,SEA,5800,20.6,7.9
2025,10,32,boom,110.5,J.K. Dobbins,RB,DEN,5700,13.6,9.4
2025,10,32,boom,110.5,Rashid Shaheed,WR,SEA,5200,10.4,3.3
2025,10,32,boom,110.5,Dallas Goedert,TE,PHI,4700,12.0,8.3
2025,10,32,boom,110.5,Michael Wilson,WR,ARI,3300,13.2,7.4
2025,10,32,boom,110.5,CLE DST,DST,CLE,2900,9.5,5.0
2025,10,33,boom,105.3,Bijan Robinson,RB,ATL,8500,19.5,10.8
2025,10,33,boom,105.3,Lamar Jackson,QB,BAL,6800,23.6,16.6
2025,10,33,boom,105.3,Kyren Williams,RB,LA,6600,15.3,22.4
2025,10,33,boom,105.3,A.J. Brown,WR,PHI,6100,16.0,3.3
2025,10,33,boom,105.3,Zay Flowers,WR,BAL,5900,15.9,12.1
2025,10,33,boom,105.3,Brock Bowers,TE,LV,5900,16.3,3.7
2025,10,33,boom,105.3,Rashod Bateman,WR,BAL,3900,16.3,4.0
2025,10,33,boom,105.3,LAR DST,DST,LAR,3200,11.0,6.0
2025,10,33,boom,105.3,Jalen Nailor,WR,MIN,3100,14.0,26.4
2025,10,34,boom,100.5,Christian McCaffrey,RB,SF,9000,23.2,17.6
2025,10,34,boom,100.5,Kyren Williams,RB,LA,6600,15.3,22.4
2025,10,34,boom,100.5,A.J. Brown,WR,PHI,6100,16.0,3.3
2025,10,34,boom,100.5,Jordan Love,QB,GB,5800,18.1,8.8
2025,10,34,boom,100.5,Romeo Doubs,WR,GB,4900,13.5,1.5
2025,10,34,boom,100.5,Dallas Goedert,TE,PHI,4700,12.0,8.3
2025,10,34,boom,100.5,Jauan Jennings,WR,SF,4600,11.3,18.1
2025,10,34,boom,100.5,Christian Watson,WR,GB,4200,8.4,6.5
2025,10,34,boom,100.5,DEN DST,DST,DEN,3500,9.7,14.0
2025,10,35,boom,98.2,Christian McCaffrey,RB,SF,9000,23.2,17.6
2025,10,35,boom,98.2,Bijan Robinson,RB,ATL,8500,19.5,10.8
2025,10,35,boom,98.2,Garrett Wilson,WR,NYJ,6100,13.3,0.0
2025,10,35,boom,98.2,Jaxson Dart,QB,NYG,5700,19.2,27.3
2025,10,35,boom,98.2,Wan'Dale Robinson,WR,NYG,5300,13.0,12.2
2025,10,35,boom,98.2,Rashid Shaheed,WR,SEA,5200,10.4,3.3
2025,10,35,boom,98.2,Theo Johnson,TE,NYG,3800,19.4,14.5
2025,10,35,boom,98.2,Olamide Zaccheaus,WR,CHI,3600,17.0,1.5
2025,10,35,boom,98.2,JAX DST,DST,JAX,2600,8.7,11.0
2025,10,36,boom,94.9,Justin Jefferson,WR,MIN,7900,17.1,7.7
2025,10,36,boom,94.9,Quinshon Judkins,RB,CLE,6500,13.6,10.5
2025,10,36,boom,94.9,A.J. Brown,WR,PHI,6100,16.0,3.3
2025,10,36,boom,94.9,Trey McBride,TE,ARI,6000,14.6,30.7
2025,10,36,boom,94.9,Sam Darnold,QB,SEA,5800,20.6,7.9
2025,10,36,boom,94.9,Jaylen Warren,RB,PIT,5800,13.3,11.1
2025,10,36,boom,94.9,Rashid Shaheed,WR,SEA,5200,10.4,3.3
2025,10,36,boom,94.9,Cooper Kupp,WR,SEA,4100,8.1,9.4
2025,10,36,boom,94.9,JAX DST,DST,JAX,2600,8.7,11.0
2025,10,37,boom,83.9,Justin Jefferson,WR,MIN,7900,17.1,7.7
2025,10,37,boom,83.9,Lamar Jackson,QB,BAL,6800,23.6,16.6
2025,10,37,boom,83.9,Derrick Henry,RB,BAL,6800,13.8,11.4
2025,10,37,boom,83.9,Rachaad White,RB,TB,6400,14.8,10.4
2025,10,37,boom,83.9,Zay Flowers,WR,BAL,5900,15.9,12.1
2025,10,37,boom,83.9,D.J. Moore,WR,CHI,5500,11.5,0.0
2025,10,37,boom,83.9,Sam LaPorta,TE,DET,4400,12.4,10.3
2025,10,37,boom,83.9,Mark Andrews,TE,BAL,3400,16.0,10.4
2025,10,37,boom,83.9,CLE DST,DST,CLE,2900,9.5,5.0
2025,10,38,boom,82.9,Saquon Barkley,RB,PHI,7800,14.9,13.1
2025,10,38,boom,82.9,Josh Jacobs,RB,GB,7600,16.5,20.7
2025,10,38,boom,82.9,Garrett Wilson,WR,NYJ,6100,13.3,0.0
2025,10,38,boom,82.9,DeVonta Smith,WR,PHI,6000,14.6,16.9
2025,10,38,boom,82.9,Jordan Love,QB,GB,5800,18.1,8.8
2025,10,38,boom,82.9,Romeo Doubs,WR,GB,4900,13.5,1.5
2025,10,38,boom,82.9,Christian Watson,WR,GB,4200,8.4,6.5
2025,10,38,boom,82.9,Zach Ertz,TE,WAS,4000,16.8,9.4
2025,10,38,boom,82.9,LAR DST,DST,LAR,3200,11.0,6.0
2025,10,39,boom,82.9,Bijan Robinson,RB,ATL,8500,19.5,10.8
2025,10,39,boom,82.9,Saquon Barkley,RB,PHI,7800,14.9,13.1
2025,10,39,boom,82.9,Bo Nix,QB,DEN,6200,21.8,7.8
2025,10,39,boom,82.9,Courtland Sutton,WR,DEN,6200,13.7,5.4
2025,10,39,boom,82.9,Troy Franklin,WR,DEN,5200,12.6,15.0
2025,10,39,boom,82.9,Sam LaPorta,TE,DET,4400,12.4,10.3
2025,10,39,boom,82.9,Josh Downs,WR,IND,4400,9.7,1.3
2025,10,39,boom,82.9,DEN DST,DST,DEN,3500,9.7,14.0
2025,10,39,boom,82.9,Michael Mayer,TE,LV,2900,13.2,5.2
2025,10,40,boom,71.6,Bijan Robinson,RB,ATL,8500,19.5,10.8
2025,10,40,boom,71.6,Bo Nix,QB,DEN,6200,21.8,7.8
2025,10,40,boom,71.6,Courtland Sutton,WR,DEN,6200,13.7,5.4
2025,10,40,boom,71.6,Brock Bowers,TE,LV,5900,16.3,3.7
2025,10,40,boom,71.6,DK Metcalf,WR,PIT,5400,11.5,6.5
2025,10,40,boom,71.6,Troy Franklin,WR,DEN,5200,12.6,15.0
2025,10,40,boom,71.6,Sean Tucker,RB,TB,4900,4.7,6.1
2025,10,40,boom,71.6,Sam LaPorta,TE,DET,4400,12.4,10.3
2025,10,40,boom,71.6,LAR DST,DST,LAR,3200,11.0,6.0
2025,11,1,boom,188.6,Christian McCaffrey,RB,SF,9000,25.5,35.1
2025,11,1,boom,188.6,Bijan Robinson,RB,ATL,8300,20.0,33.3
2025,11,1,boom,188.6,Trey McBride,TE,ARI,6300,17.3,30.5
2025,11,1,boom,188.6,Rome Odunze,WR,CHI,6200,13.6,6.1
2025,11,1,boom,188.6,Jacoby Brissett,QB,ARI,4900,18.3,26.9
2025,11,1,boom,188.6,Cade Otton,TE,TB,4200,11.3,4.8
2025,11,1,boom,188.6,Michael Wilson,WR,ARI,3800,18.6,36.5
2025,11,1,boom,188.6,Darnell Mooney,WR,ATL,3700,17.7,6.4
2025,11,1,boom,188.6,LAR DST,DST,LAR,2900,12.2,9.0
2025,11,2,boom,182.9,Christian McCaffrey,RB,SF,9000,25.5,35.1
2025,11,2,boom,182.9,De'Von Achane,RB,MIA,8100,22.6,24.5
2025,11,2,boom,182.9,Jaylen Waddle,WR,MIA,6600,15.9,8.2
2025,11,2,boom,182.9,Trey McBride,TE,ARI,6300,17.3,30.5
2025,11,2,boom,182.9,Jacoby Brissett,QB,ARI,4900,18.3,26.9
2025,11,2,boom,182.9,Malik Washington,WR,MIA,4100,8.4,7.2
2025,11,2,boom,182.9,Michael Wilson,WR,ARI,3800,18.6,36.5
2025,11,2,boom,182.9,Andrei Iosivas,WR,CIN,3600,14.7,5.0
2025,11,2,boom,182.9,LAR DST,DST,LAR,2900,12.2,9.0
2025,11,3,boom,180.1,Christian McCaffrey,RB,SF,9000,25.5,35.1
2025,11,3,boom,180.1,CeeDee Lamb,WR,DAL,8000,19.9,17.6
2025,11,3,boom,180.1,George Pickens,WR,DAL,7000,17.7,32.4
2025,11,3,boom,180.1,DeVonta Smith,WR,PHI,5900,14.7,1.8
2025,11,3,boom,180.1,Chase Brown,RB,CIN,5700,15.8,18.7
2025,11,3,boom,180.1,Jacoby Brissett,QB,ARI,4900,18.3,26.9
2025,11,3,boom,180.1,Michael Wilson,WR,ARI,3800,18.6,36.5
2025,11,3,boom,180.1,LAR DST,DST,LAR,2900,12.2,9.0
2025,11,3,boom,180.1,Elijah Higgins,TE,ARI,2500,9.9,2.1
2025,11,4,game,175.4,Christian McCaffrey,RB,SF,9000,25.5,35.1
2025,11,4,game,175.4,De'Von Achane,RB,MIA,8100,22.6,24.5
2025,11,4,game,175.4,Trey McBride,TE,ARI,6300,17.3,30.5
2025,11,4,game,175.4,Ricky Pearsall,WR,SF,5400,11.2,1.0
2025,11,4,game,175.4,Jacoby Brissett,QB,ARI,4900,18.3,26.9
2025,11,4,game,175.4,Calvin Austin III,WR,PIT,4000,19.2,1.5
2025,11,4,game,175.4,Mack Hollins,WR,NE,3900,22.3,10.4
2025,11,4,game,175.4,BAL DST,DST,BAL,3800,10.5,9.0
2025,11,4,game,175.4,Michael Wilson,WR,ARI,3800,18.6,36.5
2025,11,5,game,170.7,Christian McCaffrey,RB,SF,9000,25.5,35.1
2025,11,5,game,170.7,CeeDee Lamb,WR,DAL,8000,19.9,17.6
2025,11,5,game,170.7,George Pickens,WR,DAL,7000,17.7,32.4
2025,11,5,game,170.7,Javonte Williams,RB,DAL,6700,18.0,10.3
2025,11,5,game,170.7,Dak Prescott,QB,DAL,6500,23.0,25.3
2025,11,5,game,170.7,Mack Hollins,WR,NE,3900,22.3,10.4
2025,11,5,game,170.7,Xavier Legette,WR,CAR,3600,18.1,18.3
2025,11,5,game,170.7,Michael Mayer,TE,LV,2900,16.7,4.3
2025,11,5,game,170.7,CLE DST,DST,CLE,2400,7.7,17.0
2025,11,6,lev,169.9,Christian McCaffrey,RB,SF,9000,25.5,35.1
2025,11,6,lev,169.9,De'Von Achane,RB,MIA,8100,22.6,24.5
2025,11,6,lev,169.9,CeeDee Lamb,WR,DAL,8000,19.9,17.6
2025,11,6,lev,169.9,Dak Prescott,QB,DAL,6500,23.0,25.3
2025,11,6,lev,169.9,Mack Hollins,WR,NE,3900,22.3,10.4
2025,11,6,lev,169.9,Michael Wilson,WR,ARI,3800,18.6,36.5
2025,11,6,lev,169.9,HOU DST,DST,HOU,3700,10.4,9.0
2025,11,6,lev,169.9,Ryan Flournoy,WR,DAL,3500,14.3,7.2
2025,11,6,lev,169.9,Michael Mayer,TE,LV,2900,16.7,4.3
2025,11,7,game,165.8,Christian McCaffrey,RB,SF,9000,25.5,35.1
2025,11,7,game,165.8,Bijan Robinson,RB,ATL,8300,20.0,33.3
2025,11,7,game,165.8,Drake London,WR,ATL,7400,16.7,21.9
2025,11,7,game,165.8,Trey McBride,TE,ARI,6300,17.3,30.5
2025,11,7,game,165.8,Michael Penix Jr.,QB,ATL,4700,16.6,7.9
2025,11,7,game,165.8,Mack Hollins,WR,NE,3900,22.3,10.4
2025,11,7,game,165.8,Darnell Mooney,WR,ATL,3700,17.7,6.4
2025,11,7,game,165.8,Xavier Legette,WR,CAR,3600,18.1,18.3
2025,11,7,game,165.8,KC DST,DST,KC,3100,8.1,2.0
2025,11,8,game,162.2,Bijan Robinson,RB,ATL,8300,20.0,33.3
2025,11,8,game,162.2,De'Von Achane,RB,MIA,8100,22.6,24.5
2025,11,8,game,162.2,Drake London,WR,ATL,7400,16.7,21.9
2025,11,8,game,162.2,Trey McBride,TE,ARI,6300,17.3,30.5
2025,11,8,game,162.2,Michael Penix Jr.,QB,ATL,4700,16.6,7.9
2025,11,8,game,162.2,Mack Hollins,WR,NE,3900,22.3,10.4
2025,11,8,game,162.2,BAL DST,DST,BAL,3800,10.5,9.0
2025,11,8,game,162.2,Darnell Mooney,WR,ATL,3700,17.7,6.4
2025,11,8,game,162.2,Xavier Legette,WR,CAR,3600,18.1,18.3
2025,11,9,boom,153.3,Amon-Ra St. Brown,WR,DET,8400,19.1,6.2
2025,11,9,boom,153.3,De'Von Achane,RB,MIA,8100,22.6,24.5
2025,11,9,boom,153.3,Javonte Williams,RB,DAL,6700,18.0,10.3
2025,11,9,boom,153.3,Trey McBride,TE,ARI,6300,17.3,30.5
2025,11,9,boom,153.3,Jauan Jennings,WR,SF,5100,12.0,9.4
2025,11,9,boom,153.3,Jacoby Brissett,QB,ARI,4900,18.3,26.9
2025,11,9,boom,153.3,Michael Wilson,WR,ARI,3800,18.6,36.5
2025,11,9,boom,153.3,Jalen Tolbert,WR,DAL,3300,13.4,0.0
2025,11,9,boom,153.3,LAR DST,DST,LAR,2900,12.2,9.0
2025,11,10,lev,150.6,Christian McCaffrey,RB,SF,9000,25.5,35.1
2025,11,10,lev,150.6,Amon-Ra St. Brown,WR,DET,8400,19.1,6.2
2025,11,10,lev,150.6,De'Von Achane,RB,MIA,8100,22.6,24.5
2025,11,10,lev,150.6,Drake Maye,QB,NE,6500,21.8,15.4
2025,11,10,lev,150.6,Mack Hollins,WR,NE,3900,22.3,10.4
2025,11,10,lev,150.6,Michael Wilson,WR,ARI,3800,18.6,36.5
2025,11,10,lev,150.6,Hunter Henry,TE,NE,3700,19.5,8.5
2025,11,10,lev,150.6,GB DST,DST,GB,3600,9.5,7.0
2025,11,10,lev,150.6,Mason Taylor,TE,NYJ,3000,13.9,7.0
2025,11,11,game,148.9,Christian McCaffrey,RB,SF,9000,25.5,35.1
2025,11,11,game,148.9,CeeDee Lamb,WR,DAL,8000,19.9,17.6
2025,11,11,game,148.9,George Pickens,WR,DAL,7000,17.7,32.4
2025,11,11,game,148.9,Javonte Williams,RB,DAL,6700,18.0,10.3
2025,11,11,game,148.9,Dak Prescott,QB,DAL,6500,23.0,25.3
2025,11,11,game,148.9,Mack Hollins,WR,NE,3900,22.3,10.4
2025,11,11,game,148.9,Hunter Henry,TE,NE,3700,19.5,8.5
2025,11,11,game,148.9,Michael Mayer,TE,LV,2900,16.7,4.3
2025,11,11,game,148.9,TEN DST,DST,TEN,2300,7.9,5.0
2025,11,12,lev,140.3,Christian McCaffrey,RB,SF,9000,25.5,35.1
2025,11,12,lev,140.3,Ja'Marr Chase,WR,CIN,8500,21.5,6.0
2025,11,12,lev,140.3,De'Von Achane,RB,MIA,8100,22.6,24.5
2025,11,12,lev,140.3,Aaron Rodgers,QB,PIT,5400,18.2,9.4
2025,11,12,lev,140.3,Calvin Austin III,WR,PIT,4000,19.2,1.5
2025,11,12,lev,140.3,Michael Wilson,WR,ARI,3800,18.6,36.5
2025,11,12,lev,140.3,HOU DST,DST,HOU,3700,10.4,9.0
2025,11,12,lev,140.3,Xavier Legette,WR,CAR,3600,18.1,18.3
2025,11,12,lev,140.3,Jonnu Smith,TE,PIT,2900,15.7,0.0
2025,11,13,lev,136.7,Christian McCaffrey,RB,SF,9000,25.5,35.1
2025,11,13,lev,136.7,Ja'Marr Chase,WR,CIN,8500,21.5,6.0
2025,11,13,lev,136.7,De'Von Achane,RB,MIA,8100,22.6,24.5
2025,11,13,lev,136.7,Joe Flacco,QB,CIN,5500,18.7,10.9
2025,11,13,lev,136.7,Calvin Austin III,WR,PIT,4000,19.2,1.5
2025,11,13,lev,136.7,Zach Ertz,TE,WAS,3800,16.8,8.2
2025,11,13,lev,136.7,Michael Wilson,WR,ARI,3800,18.6,36.5
2025,11,13,lev,136.7,HOU DST,DST,HOU,3700,10.4,9.0
2025,11,13,lev,136.7,Andrei Iosivas,WR,CIN,3600,14.7,5.0
2025,11,14,boom,136.6,De'Von Achane,RB,MIA,8100,22.6,24.5
2025,11,14,boom,136.6,George Pickens,WR,DAL,7000,17.7,32.4
2025,11,14,boom,136.6,Dak Prescott,QB,DAL,6500,23.0,25.3
2025,11,14,boom,136.6,Jaylen Warren,RB,PIT,6100,17.1,8.7
2025,11,14,boom,136.6,Jake Ferguson,TE,DAL,5300,11.1,11.6
2025,11,14,boom,136.6,Tre Tucker,WR,LV,5100,13.8,14.7
2025,11,14,boom,136.6,Quentin Johnston,WR,LAC,5000,10.9,0.0
2025,11,14,boom,136.6,Mack Hollins,WR,NE,3900,22.3,10.4
2025,11,14,boom,136.6,LAR DST,DST,LAR,2900,12.2,9.0
2025,11,15,lev,134.4,Christian McCaffrey,RB,SF,9000,25.5,35.1
2025,11,15,lev,134.4,Amon-Ra St. Brown,WR,DET,8400,19.1,6.2
2025,11,15,lev,134.4,De'Von Achane,RB,MIA,8100,22.6,24.5
2025,11,15,lev,134.4,Drake Maye,QB,NE,6500,21.8,15.4
2025,11,15,lev,134.4,Mack Hollins,WR,NE,3900,22.3,10.4
2025,11,15,lev,134.4,BAL DST,DST,BAL,3800,10.5,9.0
2025,11,15,lev,134.4,Hunter Henry,TE,NE,3700,19.5,8.5
2025,11,15,lev,134.4,Xavier Legette,WR,CAR,3600,18.1,18.3
2025,11,15,lev,134.4,Mason Taylor,TE,NYJ,3000,13.9,7.0
2025,11,16,boom,132.9,Christian McCaffrey,RB,SF,9000,25.5,35.1
2025,11,16,boom,132.9,CeeDee Lamb,WR,DAL,8000,19.9,17.6
2025,11,16,boom,132.9,Brock Bowers,TE,LV,6000,14.6,14.2
2025,11,16,boom,132.9,Chase Brown,RB,CIN,5700,15.8,18.7
2025,11,16,boom,132.9,Aaron Rodgers,QB,PIT,5400,18.2,9.4
2025,11,16,boom,132.9,George Kittle,TE,SF,5000,11.8,24.7
2025,11,16,boom,132.9,Calvin Austin III,WR,PIT,4000,19.2,1.5
2025,11,16,boom,132.9,Roman Wilson,WR,PIT,3200,13.2,2.7
2025,11,16,boom,132.9,LAR DST,DST,LAR,2900,12.2,9.0
2025,11,17,boom,132.0,CeeDee Lamb,WR,DAL,8000,19.9,17.6
2025,11,17,boom,132.0,Saquon Barkley,RB,PHI,7600,16.0,10.0
2025,11,17,boom,132.0,George Pickens,WR,DAL,7000,17.7,32.4
2025,11,17,boom,132.0,Dak Prescott,QB,DAL,6500,23.0,25.3
2025,11,17,boom,132.0,Tre Tucker,WR,LV,5100,13.8,14.7
2025,11,17,boom,132.0,Blake Corum,RB,LA,4400,6.6,1.5
2025,11,17,boom,132.0,Dalton Schultz,TE,HOU,3900,18.2,11.1
2025,11,17,boom,132.0,Mack Hollins,WR,NE,3900,22.3,10.4
2025,11,17,boom,132.0,LAR DST,DST,LAR,2900,12.2,9.0
2025,11,18,boom,131.4,Justin Jefferson,WR,MIN,7500,17.2,11.1
2025,11,18,boom,131.4,George Pickens,WR,DAL,7000,17.7,32.4
2025,11,18,boom,131.4,Javonte Williams,RB,DAL,6700,18.0,10.3
2025,11,18,boom,131.4,Derrick Henry,RB,BAL,6600,14.2,23.2
2025,11,18,boom,131.4,Brock Bowers,TE,LV,6000,14.6,14.2
2025,11,18,boom,131.4,Tre Tucker,WR,LV,5100,13.8,14.7
2025,11,18,boom,131.4,Geno Smith,QB,LV,4700,18.8,13.9
2025,11,18,boom,131.4,Jalen Nailor,WR,MIN,3500,16.0,2.6
2025,11,18,boom,131.4,LAR DST,DST,LAR,2900,12.2,9.0
2025,11,19,lev,129.0,Christian McCaffrey,RB,SF,9000,25.5,35.1
2025,11,19,lev,129.0,De'Von Achane,RB,MIA,8100,22.6,24.5
2025,11,19,lev,129.0,CeeDee Lamb,WR,DAL,8000,19.9,17.6
2025,11,19,lev,129.0,Drake Maye,QB,NE,6500,21.8,15.4
2025,11,19,lev,129.0,Calvin Austin III,WR,PIT,4000,19.2,1.5
2025,11,19,lev,129.0,Mack Hollins,WR,NE,3900,22.3,10.4
2025,11,19,lev,129.0,BAL DST,DST,BAL,3800,10.5,9.0
2025,11,19,lev,129.0,Hunter Henry,TE,NE,3700,19.5,8.5
2025,11,19,lev,129.0,Mason Taylor,TE,NYJ,3000,13.9,7.0
2025,11,20,boom,127.1,Jaxon Smith-Njigba,WR,SEA,8900,19.3,23.6
2025,11,20,boom,127.1,De'Von Achane,RB,MIA,8100,22.6,24.5
2025,11,20,boom,127.1,Drake Maye,QB,NE,6500,21.8,15.4
2025,11,20,boom,127.1,Ashton Jeanty,RB,LV,6500,16.3,9.4
2025,11,20,boom,127.1,Stefon Diggs,WR,NE,6300,13.7,22.5
2025,11,20,boom,127.1,Malik Washington,WR,MIA,4100,8.4,7.2
2025,11,20,boom,127.1,Hunter Henry,TE,NE,3700,19.5,8.5
2025,11,20,boom,127.1,Mason Taylor,TE,NYJ,3000,13.9,7.0
2025,11,20,boom,127.1,LAR DST,DST,LAR,2900,12.2,9.0
2025,11,21,boom,126.2,De'Von Achane,RB,MIA,8100,22.6,24.5
2025,11,21,boom,126.2,CeeDee Lamb,WR,DAL,8000,19.9,17.6
2025,11,21,boom,126.2,Dak Prescott,QB,DAL,6500,23.0,25.3
2025,11,21,boom,126.2,Tony Pollard,RB,TEN,5300,9.6,5.6
2025,11,21,boom,126.2,Jake Ferguson,TE,DAL,5300,11.1,11.6
2025,11,21,boom,126.2,Tre Tucker,WR,LV,5100,13.8,14.7
2025,11,21,boom,126.2,Jauan Jennings,WR,SF,5100,12.0,9.4
2025,11,21,boom,126.2,Hunter Henry,TE,NE,3700,19.5,8.5
2025,11,21,boom,126.2,LAR DST,DST,LAR,2900,12.2,9.0
2025,11,22,boom,125.8,Christian McCaffrey,RB,SF,9000,25.5,35.1
2025,11,22,boom,125.8,Amon-Ra St. Brown,WR,DET,8400,19.1,6.2
2025,11,22,boom,125.8,Bijan Robinson,RB,ATL,8300,20.0,33.3
2025,11,22,boom,125.8,Keenan Allen,WR,LAC,5300,10.5,9.3
2025,11,22,boom,125.8,Tre Tucker,WR,LV,5100,13.8,14.7
2025,11,22,boom,125.8,Geno Smith,QB,LV,4700,18.8,13.9
2025,11,22,boom,125.8,Jalen Tolbert,WR,DAL,3300,13.4,0.0
2025,11,22,boom,125.8,Michael Mayer,TE,LV,2900,16.7,4.3
2025,11,22,boom,125.8,LAR DST,DST,LAR,2900,12.2,9.0
2025,11,23,game,124.4,CeeDee Lamb,WR,DAL,8000,19.9,17.6
2025,11,23,game,124.4,George Pickens,WR,DAL,7000,17.7,32.4
2025,11,23,game,124.4,Javonte Williams,RB,DAL,6700,18.0,10.3
2025,11,23,game,124.4,Dak Prescott,QB,DAL,6500,23.0,25.3
2025,11,23,game,124.4,Ashton Jeanty,RB,LV,6500,16.3,9.4
2025,11,23,game,124.4,Calvin Austin III,WR,PIT,4000,19.2,1.5
2025,11,23,game,124.4,Mack Hollins,WR,NE,3900,22.3,10.4
2025,11,23,game,124.4,Hunter Henry,TE,NE,3700,19.5,8.5
2025,11,23,game,124.4,HOU DST,DST,HOU,3700,10.4,9.0
2025,11,24,boom,120.6,Jahmyr Gibbs,RB,DET,8200,17.7,22.6
2025,11,24,boom,120.6,CeeDee Lamb,WR,DAL,8000,19.9,17.6
2025,11,24,boom,120.6,George Pickens,WR,DAL,7000,17.7,32.4
2025,11,24,boom,120.6,Chase Brown,RB,CIN,5700,15.8,18.7
2025,11,24,boom,120.6,Aaron Rodgers,QB,PIT,5400,18.2,9.4
2025,11,24,boom,120.6,Jauan Jennings,WR,SF,5100,12.0,9.4
2025,11,24,boom,120.6,Calvin Austin III,WR,PIT,4000,19.2,1.5
2025,11,24,boom,120.6,Jonnu Smith,TE,PIT,2900,15.7,0.0
2025,11,24,boom,120.6,LAR DST,DST,LAR,2900,12.2,9.0
2025,11,25,boom,120.2,Christian McCaffrey,RB,SF,9000,25.5,35.1
2025,11,25,boom,120.2,CeeDee Lamb,WR,DAL,8000,19.9,17.6
2025,11,25,boom,120.2,Brock Bowers,TE,LV,6000,14.6,14.2
2025,11,25,boom,120.2,Jordan Addison,WR,MIN,5500,12.1,10.0
2025,11,25,boom,120.2,David Montgomery,RB,DET,5200,10.2,4.7
2025,11,25,boom,120.2,Geno Smith,QB,LV,4700,18.8,13.9
2025,11,25,boom,120.2,Jakobi Meyers,WR,JAX,4600,10.3,11.4
2025,11,25,boom,120.2,BAL DST,DST,BAL,3800,10.5,9.0
2025,11,25,boom,120.2,Michael Mayer,TE,LV,2900,16.7,4.3
2025,11,26,lev,119.2,Christian McCaffrey,RB,SF,9000,25.5,35.1
2025,11,26,lev,119.2,Ja'Marr Chase,WR,CIN,8500,21.5,6.0
2025,11,26,lev,119.2,Bijan Robinson,RB,ATL,8300,20.0,33.3
2025,11,26,lev,119.2,Drake Maye,QB,NE,6500,21.8,15.4
2025,11,26,lev,119.2,Calvin Austin III,WR,PIT,4000,19.2,1.5
2025,11,26,lev,119.2,Mack Hollins,WR,NE,3900,22.3,10.4
2025,11,26,lev,119.2,Hunter Henry,TE,NE,3700,19.5,8.5
2025,11,26,lev,119.2,KC DST,DST,KC,3100,8.1,2.0
2025,11,26,lev,119.2,Mason Taylor,TE,NYJ,3000,13.9,7.0
2025,11,27,boom,116.3,Christian McCaffrey,RB,SF,9000,25.5,35.1
2025,11,27,boom,116.3,Ja'Marr Chase,WR,CIN,8500,21.5,6.0
2025,11,27,boom,116.3,Javonte Williams,RB,DAL,6700,18.0,10.3
2025,11,27,boom,116.3,Brock Bowers,TE,LV,6000,14.6,14.2
2025,11,27,boom,116.3,Geno Smith,QB,LV,4700,18.8,13.9
2025,11,27,boom,116.3,Jakobi Meyers,WR,JAX,4600,10.3,11.4
2025,11,27,boom,116.3,Sterling Shepard,WR,TB,4200,7.6,10.1
2025,11,27,boom,116.3,Tyler Lockett,WR,LV,3400,11.7,6.3
2025,11,27,boom,116.3,LAR DST,DST,LAR,2900,12.2,9.0
2025,11,28,boom,114.1,Christian McCaffrey,RB,SF,9000,25.5,35.1
2025,11,28,boom,114.1,Justin Jefferson,WR,MIN,7500,17.2,11.1
2025,11,28,boom,114.1,Javonte Williams,RB,DAL,6700,18.0,10.3
2025,11,28,boom,114.1,Zay Flowers,WR,BAL,6400,13.6,11.3
2025,11,28,boom,114.1,Tre Tucker,WR,LV,5100,13.8,14.7
2025,11,28,boom,114.1,Geno Smith,QB,LV,4700,18.8,13.9
2025,11,28,boom,114.1,Dallas Goedert,TE,PHI,4500,11.1,4.4
2025,11,28,boom,114.1,Michael Mayer,TE,LV,2900,16.7,4.3
2025,11,28,boom,114.1,LAR DST,DST,LAR,2900,12.2,9.0
2025,11,29,boom,109.8,Christian McCaffrey,RB,SF,9000,25.5,35.1
2025,11,29,boom,109.8,Saquon Barkley,RB,PHI,7600,16.0,10.0
2025,11,29,boom,109.8,Trey McBride,TE,ARI,6300,17.3,30.5
2025,11,29,boom,109.8,Ricky Pearsall,WR,SF,5400,11.2,1.0
2025,11,29,boom,109.8,Jake Ferguson,TE,DAL,5300,11.1,11.6
2025,11,29,boom,109.8,Mac Jones,QB,SF,5300,14.5,-0.3
2025,11,29,boom,109.8,Jauan Jennings,WR,SF,5100,12.0,9.4
2025,11,29,boom,109.8,Xavier Weaver,WR,ARI,3000,11.3,3.5
2025,11,29,boom,109.8,LAR DST,DST,LAR,2900,12.2,9.0
2025,11,30,lev,109.5,Christian McCaffrey,RB,SF,9000,25.5,35.1
2025,11,30,lev,109.5,Ja'Marr Chase,WR,CIN,8500,21.5,6.0
2025,11,30,lev,109.5,De'Von Achane,RB,MIA,8100,22.6,24.5
2025,11,30,lev,109.5,Joe Flacco,QB,CIN,5500,18.7,10.9
2025,11,30,lev,109.5,Calvin Austin III,WR,PIT,4000,19.2,1.5
2025,11,30,lev,109.5,Dalton Schultz,TE,HOU,3900,18.2,11.1
2025,11,30,lev,109.5,Darnell Mooney,WR,ATL,3700,17.7,6.4
2025,11,30,lev,109.5,HOU DST,DST,HOU,3700,10.4,9.0
2025,11,30,lev,109.5,Andrei Iosivas,WR,CIN,3600,14.7,5.0
2025,11,31,boom,107.5,Ja'Marr Chase,WR,CIN,8500,21.5,6.0
2025,11,31,boom,107.5,George Pickens,WR,DAL,7000,17.7,32.4
2025,11,31,boom,107.5,Dak Prescott,QB,DAL,6500,23.0,25.3
2025,11,31,boom,107.5,Jaylen Warren,RB,PIT,6100,17.1,8.7
2025,11,31,boom,107.5,DeVonta Smith,WR,PHI,5900,14.7,1.8
2025,11,31,boom,107.5,Jake Ferguson,TE,DAL,5300,11.1,11.6
2025,11,31,boom,107.5,Tyjae Spears,RB,TEN,4900,9.4,8.4
2025,11,31,boom,107.5,LAR DST,DST,LAR,2900,12.2,9.0
2025,11,31,boom,107.5,Michael Mayer,TE,LV,2900,16.7,4.3
2025,11,32,boom,102.9,Ja'Marr Chase,WR,CIN,8500,21.5,6.0
2025,11,32,boom,102.9,Jahmyr Gibbs,RB,DET,8200,17.7,22.6
2025,11,32,boom,102.9,De'Von Achane,RB,MIA,8100,22.6,24.5
2025,11,32,boom,102.9,Baker Mayfield,QB,TB,6400,16.5,18.8
2025,11,32,boom,102.9,Cade Otton,TE,TB,4200,11.3,4.8
2025,11,32,boom,102.9,Sterling Shepard,WR,TB,4200,7.6,10.1
2025,11,32,boom,102.9,Matthew Golden,WR,GB,4200,4.6,3.4
2025,11,32,boom,102.9,Joshua Palmer,WR,BUF,3300,14.0,3.7
2025,11,32,boom,102.9,LAR DST,DST,LAR,2900,12.2,9.0
2025,11,33,lev,100.4,Christian McCaffrey,RB,SF,9000,25.5,35.1
2025,11,33,lev,100.4,Ja'Marr Chase,WR,CIN,8500,21.5,6.0
2025,11,33,lev,100.4,De'Von Achane,RB,MIA,8100,22.6,24.5
2025,11,33,lev,100.4,Aaron Rodgers,QB,PIT,5400,18.2,9.4
2025,11,33,lev,100.4,Calvin Austin III,WR,PIT,4000,19.2,1.5
2025,11,33,lev,100.4,NE DST,DST,NE,3900,10.2,5.0
2025,11,33,lev,100.4,Mack Hollins,WR,NE,3900,22.3,10.4
2025,11,33,lev,100.4,Hunter Henry,TE,NE,3700,19.5,8.5
2025,11,33,lev,100.4,Jonnu Smith,TE,PIT,2900,15.7,0.0
2025,11,34,boom,93.1,Ja'Marr Chase,WR,CIN,8500,21.5,6.0
2025,11,34,boom,93.1,De'Von Achane,RB,MIA,8100,22.6,24.5
2025,11,34,boom,93.1,Rome Odunze,WR,CHI,6200,13.6,6.1
2025,11,34,boom,93.1,Chase Brown,RB,CIN,5700,15.8,18.7
2025,11,34,boom,93.1,Jordan Addison,WR,MIN,5500,12.1,10.0
2025,11,34,boom,93.1,Joe Flacco,QB,CIN,5500,18.7,10.9
2025,11,34,boom,93.1,Andrei Iosivas,WR,CIN,3600,14.7,5.0
2025,11,34,boom,93.1,Pat Freiermuth,TE,PIT,3200,15.0,2.9
2025,11,34,boom,93.1,LAR DST,DST,LAR,2900,12.2,9.0
2025,11,35,boom,92.5,De'Von Achane,RB,MIA,8100,22.6,24.5
2025,11,35,boom,92.5,Saquon Barkley,RB,PHI,7600,16.0,10.0
2025,11,35,boom,92.5,Javonte Williams,RB,DAL,6700,18.0,10.3
2025,11,35,boom,92.5,Brock Bowers,TE,LV,6000,14.6,14.2
2025,11,35,boom,92.5,DeVonta Smith,WR,PHI,5900,14.7,1.8
2025,11,35,boom,92.5,DK Metcalf,WR,PIT,5700,12.6,9.9
2025,11,35,boom,92.5,Geno Smith,QB,LV,4700,18.8,13.9
2025,11,35,boom,92.5,Jack Bech,WR,LV,3000,10.3,2.9
2025,11,35,boom,92.5,TEN DST,DST,TEN,2300,7.9,5.0
2025,11,36,boom,92.1,Ja'Marr Chase,WR,CIN,8500,21.5,6.0
2025,11,36,boom,92.1,De'Von Achane,RB,MIA,8100,22.6,24.5
2025,11,36,boom,92.1,CeeDee Lamb,WR,DAL,8000,19.9,17.6
2025,11,36,boom,92.1,A.J. Brown,WR,PHI,6000,13.9,11.9
2025,11,36,boom,92.1,Aaron Rodgers,QB,PIT,5400,18.2,9.4
2025,11,36,boom,92.1,Blake Corum,RB,LA,4400,6.6,1.5
2025,11,36,boom,92.1,Calvin Austin III,WR,PIT,4000,19.2,1.5
2025,11,36,boom,92.1,LAR DST,DST,LAR,2900,12.2,9.0
2025,11,36,boom,92.1,Darnell Washington,TE,PIT,2700,14.2,10.7
2025,11,37,boom,79.6,Jahmyr Gibbs,RB,DET,8200,17.7,22.6
2025,11,37,boom,79.6,De'Von Achane,RB,MIA,8100,22.6,24.5
2025,11,37,boom,79.6,Ladd McConkey,WR,LAC,6500,14.3,4.3
2025,11,37,boom,79.6,Justin Herbert,QB,LAC,6300,21.0,4.3
2025,11,37,boom,79.6,Parker Washington,WR,JAX,5100,11.0,4.0
2025,11,37,boom,79.6,Quentin Johnston,WR,LAC,5000,10.9,0.0
2025,11,37,boom,79.6,Cade Otton,TE,TB,4200,11.3,4.8
2025,11,37,boom,79.6,Sterling Shepard,WR,TB,4200,7.6,10.1
2025,11,37,boom,79.6,TEN DST,DST,TEN,2300,7.9,5.0
2025,11,38,boom,79.2,Ja'Marr Chase,WR,CIN,8500,21.5,6.0
2025,11,38,boom,79.2,Javonte Williams,RB,DAL,6700,18.0,10.3
2025,11,38,boom,79.2,Drake Maye,QB,NE,6500,21.8,15.4
2025,11,38,boom,79.2,Breece Hall,RB,NYJ,6200,12.4,8.4
2025,11,38,boom,79.2,DeVonta Smith,WR,PHI,5900,14.7,1.8
2025,11,38,boom,79.2,Jauan Jennings,WR,SF,5100,12.0,9.4
2025,11,38,boom,79.2,Mack Hollins,WR,NE,3900,22.3,10.4
2025,11,38,boom,79.2,Hunter Henry,TE,NE,3700,19.5,8.5
2025,11,38,boom,79.2,LAR DST,DST,LAR,2900,12.2,9.0
2025,11,39,boom,77.2,De'Von Achane,RB,MIA,8100,22.6,24.5
2025,11,39,boom,77.2,Justin Jefferson,WR,MIN,7500,17.2,11.1
2025,11,39,boom,77.2,Rome Odunze,WR,CHI,6200,13.6,6.1
2025,11,39,boom,77.2,Caleb Williams,QB,CHI,5900,20.0,10.3
2025,11,39,boom,77.2,Jacory Croskey-Merritt,RB,WAS,5000,7.1,4.3
2025,11,39,boom,77.2,Quentin Johnston,WR,LAC,5000,10.9,0.0
2025,11,39,boom,77.2,Rashid Shaheed,WR,SEA,4900,9.3,4.9
2025,11,39,boom,77.2,Colston Loveland,TE,CHI,3600,16.2,7.0
2025,11,39,boom,77.2,LAR DST,DST,LAR,2900,12.2,9.0
2025,11,40,boom,76.5,Ja'Marr Chase,WR,CIN,8500,21.5,6.0
2025,11,40,boom,76.5,Davante Adams,WR,LA,7700,15.7,7.1
2025,11,40,boom,76.5,Jaylen Warren,RB,PIT,6100,17.1,8.7
2025,11,40,boom,76.5,Sam Darnold,QB,SEA,5700,18.1,8.3
2025,11,40,boom,76.5,Chase Brown,RB,CIN,5700,15.8,18.7
2025,11,40,boom,76.5,Rashid Shaheed,WR,SEA,4900,9.3,4.9
2025,11,40,boom,76.5,Cooper Kupp,WR,SEA,4100,8.2,5.3
2025,11,40,boom,76.5,Hunter Henry,TE,NE,3700,19.5,8.5
2025,11,40,boom,76.5,LAR DST,DST,LAR,2900,12.2,9.0
2025,12,1,boom,196.1,Christian McCaffrey,RB,SF,9500,30.9,27.2
2025,12,1,boom,196.1,Jahmyr Gibbs,RB,DET,8300,21.7,58.4
2025,12,1,boom,196.1,Brock Purdy,QB,SF,5900,20.9,10.3
2025,12,1,boom,196.1,Wan'Dale Robinson,WR,NYG,5500,13.0,33.6
2025,12,1,boom,196.1,Parker Washington,WR,JAX,5200,10.6,18.1
2025,12,1,boom,196.1,George Kittle,TE,SF,5200,11.6,13.8
2025,12,1,boom,196.1,Jauan Jennings,WR,SF,4900,11.6,15.1
2025,12,1,boom,196.1,LAR DST,DST,LAR,2800,10.2,18.0
2025,12,1,boom,196.1,Ja'Tavion Sanders,TE,CAR,2700,11.3,1.6
2025,12,2,lev,180.9,Christian McCaffrey,RB,SF,9500,30.9,27.2
2025,12,2,lev,180.9,Jahmyr Gibbs,RB,DET,8300,21.7,58.4
2025,12,2,lev,180.9,Amon-Ra St. Brown,WR,DET,8000,20.9,32.9
2025,12,2,lev,180.9,Caleb Williams,QB,CHI,5700,18.6,22.7
2025,12,2,lev,180.9,Juwan Johnson,TE,NO,4000,18.0,10.6
2025,12,2,lev,180.9,Calvin Austin III,WR,PIT,3700,15.9,7.6
2025,12,2,lev,180.9,Colston Loveland,TE,CHI,3500,15.8,14.9
2025,12,2,lev,180.9,LV DST,DST,LV,3500,9.5,5.0
2025,12,2,lev,180.9,Olamide Zaccheaus,WR,CHI,3100,13.3,1.6
2025,12,3,boom,178.8,Christian McCaffrey,RB,SF,9500,30.9,27.2
2025,12,3,boom,178.8,Jahmyr Gibbs,RB,DET,8300,21.7,58.4
2025,12,3,boom,178.8,Davante Adams,WR,LA,7000,16.9,23.2
2025,12,3,boom,178.8,Zay Flowers,WR,BAL,6300,15.5,11.9
2025,12,3,boom,178.8,Trevor Lawrence,QB,JAX,5100,16.8,21.1
2025,12,3,boom,178.8,Greg Dortch,WR,ARI,4300,8.7,16.8
2025,12,3,boom,178.8,Tim Patrick,WR,JAX,3200,12.5,0.0
2025,12,3,boom,178.8,LAR DST,DST,LAR,2800,10.2,18.0
2025,12,3,boom,178.8,Johnny Mundt,TE,JAX,2600,10.0,2.2
2025,12,4,boom,178.7,Christian McCaffrey,RB,SF,9500,30.9,27.2
2025,12,4,boom,178.7,Trey McBride,TE,ARI,6800,18.2,16.9
2025,12,4,boom,178.7,Chris Olave,WR,NO,6400,14.6,16.0
2025,12,4,boom,178.7,Ashton Jeanty,RB,LV,6300,13.6,24.8
2025,12,4,boom,178.7,Jacoby Brissett,QB,ARI,5300,19.7,21.7
2025,12,4,boom,178.7,Michael Wilson,WR,ARI,4800,12.9,24.8
2025,12,4,boom,178.7,Jakobi Meyers,WR,JAX,4700,11.8,15.0
2025,12,4,boom,178.7,Brenton Strange,TE,JAX,3400,16.9,14.3
2025,12,4,boom,178.7,LAR DST,DST,LAR,2800,10.2,18.0
2025,12,5,boom,177.0,Jahmyr Gibbs,RB,DET,8300,21.7,58.4
2025,12,5,boom,177.0,CeeDee Lamb,WR,DAL,7900,18.6,11.5
2025,12,5,boom,177.0,Dak Prescott,QB,DAL,6400,18.8,31.1
2025,12,5,boom,177.0,Zay Flowers,WR,BAL,6300,15.5,11.9
2025,12,5,boom,177.0,A.J. Brown,WR,PHI,5900,14.1,28.0
2025,12,5,boom,177.0,Kareem Hunt,RB,KC,5100,12.3,24.0
2025,12,5,boom,177.0,Cade Otton,TE,TB,4400,10.2,6.1
2025,12,5,boom,177.0,Ryan Flournoy,WR,DAL,3300,12.4,0.0
2025,12,5,boom,177.0,TEN DST,DST,TEN,2300,5.7,6.0
2025,12,6,boom,167.8,Jahmyr Gibbs,RB,DET,8300,21.7,58.4
2025,12,6,boom,167.8,Drake Maye,QB,NE,6900,22.3,17.0
2025,12,6,boom,167.8,Stefon Diggs,WR,NE,6500,13.7,4.0
2025,12,6,boom,167.8,Chase Brown,RB,CIN,6200,16.9,18.0
2025,12,6,boom,167.8,D'Andre Swift,RB,CHI,5600,13.3,2.9
2025,12,6,boom,167.8,DK Metcalf,WR,PIT,5300,11.9,14.4
2025,12,6,boom,167.8,Hunter Henry,TE,NE,3900,17.3,27.5
2025,12,6,boom,167.8,Calvin Austin III,WR,PIT,3700,15.9,7.6
2025,12,6,boom,167.8,LAR DST,DST,LAR,2800,10.2,18.0
2025,12,7,lev,158.9,Christian McCaffrey,RB,SF,9500,30.9,27.2
2025,12,7,lev,158.9,Jahmyr Gibbs,RB,DET,8300,21.7,58.4
2025,12,7,lev,158.9,Amon-Ra St. Brown,WR,DET,8000,20.9,32.9
2025,12,7,lev,158.9,Josh Allen,QB,BUF,7400,21.2,10.1
2025,12,7,lev,158.9,Dalton Schultz,TE,HOU,4000,18.3,1.8
2025,12,7,lev,158.9,Jayden Higgins,WR,HOU,3700,18.1,13.8
2025,12,7,lev,158.9,Joshua Palmer,WR,BUF,3600,14.9,4.1
2025,12,7,lev,158.9,BUF DST,DST,BUF,2900,8.9,6.0
2025,12,7,lev,158.9,Jackson Hawes,TE,BUF,2500,11.1,4.6
2025,12,8,boom,158.1,Christian McCaffrey,RB,SF,9500,30.9,27.2
2025,12,8,boom,158.1,Drake Maye,QB,NE,6900,22.3,17.0
2025,12,8,boom,158.1,Zay Flowers,WR,BAL,6300,15.5,11.9
2025,12,8,boom,158.1,Chase Brown,RB,CIN,6200,16.9,18.0
2025,12,8,boom,158.1,A.J. Brown,WR,PHI,5900,14.1,28.0
2025,12,8,boom,158.1,Alec Pierce,WR,IND,5000,11.3,3.6
2025,12,8,boom,158.1,Hunter Henry,TE,NE,3900,17.3,27.5
2025,12,8,boom,158.1,LAR DST,DST,LAR,2800,10.2,18.0
2025,12,8,boom,158.1,Austin Hooper,TE,NE,2500,9.7,6.9
2025,12,9,lev,157.0,Christian McCaffrey,RB,SF,9500,30.9,27.2
2025,12,9,lev,157.0,Jahmyr Gibbs,RB,DET,8300,21.7,58.4
2025,12,9,lev,157.0,CeeDee Lamb,WR,DAL,7900,18.6,11.5
2025,12,9,lev,157.0,Caleb Williams,QB,CHI,5700,18.6,22.7
2025,12,9,lev,157.0,BAL DST,DST,BAL,3900,10.6,11.0
2025,12,9,lev,157.0,Mark Andrews,TE,BAL,3800,19.8,2.1
2025,12,9,lev,157.0,Calvin Austin III,WR,PIT,3700,15.9,7.6
2025,12,9,lev,157.0,Colston Loveland,TE,CHI,3500,15.8,14.9
2025,12,9,lev,157.0,Olamide Zaccheaus,WR,CHI,3100,13.3,1.6
2025,12,10,lev,156.5,Christian McCaffrey,RB,SF,9500,30.9,27.2
2025,12,10,lev,156.5,Jahmyr Gibbs,RB,DET,8300,21.7,58.4
2025,12,10,lev,156.5,Amon-Ra St. Brown,WR,DET,8000,20.9,32.9
2025,12,10,lev,156.5,Lamar Jackson,QB,BAL,6700,23.1,7.2
2025,12,10,lev,156.5,BAL DST,DST,BAL,3900,10.6,11.0
2025,12,10,lev,156.5,Mark Andrews,TE,BAL,3800,19.8,2.1
2025,12,10,lev,156.5,Jayden Higgins,WR,HOU,3700,18.1,13.8
2025,12,10,lev,156.5,Allen Lazard,WR,NYJ,3000,8.8,1.9
2025,12,10,lev,156.5,Isaiah Likely,TE,BAL,2800,13.4,2.0
2025,12,11,lev,155.3,Christian McCaffrey,RB,SF,9500,30.9,27.2
2025,12,11,lev,155.3,Amon-Ra St. Brown,WR,DET,8000,20.9,32.9
2025,12,11,lev,155.3,Drake Maye,QB,NE,6900,22.3,17.0
2025,12,11,lev,155.3,Chase Brown,RB,CIN,6200,16.9,18.0
2025,12,11,lev,155.3,Dalton Schultz,TE,HOU,4000,18.3,1.8
2025,12,11,lev,155.3,BAL DST,DST,BAL,3900,10.6,11.0
2025,12,11,lev,155.3,Hunter Henry,TE,NE,3900,17.3,27.5
2025,12,11,lev,155.3,Demario Douglas,WR,NE,3800,11.7,6.1
2025,12,11,lev,155.3,Jayden Higgins,WR,HOU,3700,18.1,13.8
2025,12,12,lev,153.4,Christian McCaffrey,RB,SF,9500,30.9,27.2
2025,12,12,lev,153.4,Jahmyr Gibbs,RB,DET,8300,21.7,58.4
2025,12,12,lev,153.4,Amon-Ra St. Brown,WR,DET,8000,20.9,32.9
2025,12,12,lev,153.4,Lamar Jackson,QB,BAL,6700,23.1,7.2
2025,12,12,lev,153.4,Mark Andrews,TE,BAL,3800,19.8,2.1
2025,12,12,lev,153.4,LV DST,DST,LV,3500,9.5,5.0
2025,12,12,lev,153.4,Mason Taylor,TE,NYJ,3400,13.0,5.1
2025,12,12,lev,153.4,Isaiah Hodgins,WR,NYG,3300,16.1,12.2
2025,12,12,lev,153.4,DeAndre Hopkins,WR,BAL,3300,12.2,3.3
2025,12,13,boom,152.4,CeeDee Lamb,WR,DAL,7900,18.6,11.5
2025,12,13,boom,152.4,Saquon Barkley,RB,PHI,7500,15.8,13.4
2025,12,13,boom,152.4,George Pickens,WR,DAL,6900,15.8,32.6
2025,12,13,boom,152.4,Dak Prescott,QB,DAL,6400,18.8,31.1
2025,12,13,boom,152.4,A.J. Brown,WR,PHI,5900,14.1,28.0
2025,12,13,boom,152.4,Rachaad White,RB,TB,5700,10.2,5.2
2025,12,13,boom,152.4,Hunter Henry,TE,NE,3900,17.3,27.5
2025,12,13,boom,152.4,Mark Andrews,TE,BAL,3800,19.8,2.1
2025,12,13,boom,152.4,NYJ DST,DST,NYJ,2000,4.7,1.0
2025,12,14,boom,147.1,Justin Jefferson,WR,MIN,7400,15.3,8.8
2025,12,14,boom,147.1,Trey McBride,TE,ARI,6800,18.2,16.9
2025,12,14,boom,147.1,Stefon Diggs,WR,NE,6500,13.7,4.0
2025,12,14,boom,147.1,Ashton Jeanty,RB,LV,6300,13.6,24.8
2025,12,14,boom,147.1,Kenneth Walker III,RB,SEA,5400,12.5,13.1
2025,12,14,boom,147.1,Jacoby Brissett,QB,ARI,5300,19.7,21.7
2025,12,14,boom,147.1,Michael Wilson,WR,ARI,4800,12.9,24.8
2025,12,14,boom,147.1,Jakobi Meyers,WR,JAX,4700,11.8,15.0
2025,12,14,boom,147.1,LAR DST,DST,LAR,2800,10.2,18.0
2025,12,15,lev,146.0,Christian McCaffrey,RB,SF,9500,30.9,27.2
2025,12,15,lev,146.0,Jahmyr Gibbs,RB,DET,8300,21.7,58.4
2025,12,15,lev,146.0,Amon-Ra St. Brown,WR,DET,8000,20.9,32.9
2025,12,15,lev,146.0,Lamar Jackson,QB,BAL,6700,23.1,7.2
2025,12,15,lev,146.0,Cooper Kupp,WR,SEA,4000,16.4,4.4
2025,12,15,lev,146.0,BAL DST,DST,BAL,3900,10.6,11.0
2025,12,15,lev,146.0,Mark Andrews,TE,BAL,3800,19.8,2.1
2025,12,15,lev,146.0,Arian Smith,WR,NYJ,3000,9.0,0.8
2025,12,15,lev,146.0,Isaiah Likely,TE,BAL,2800,13.4,2.0
2025,12,16,lev,145.9,Christian McCaffrey,RB,SF,9500,30.9,27.2
2025,12,16,lev,145.9,Jahmyr Gibbs,RB,DET,8300,21.7,58.4
2025,12,16,lev,145.9,Amon-Ra St. Brown,WR,DET,8000,20.9,32.9
2025,12,16,lev,145.9,Lamar Jackson,QB,BAL,6700,23.1,7.2
2025,12,16,lev,145.9,SEA DST,DST,SEA,4000,10.9,4.0
2025,12,16,lev,145.9,Mark Andrews,TE,BAL,3800,19.8,2.1
2025,12,16,lev,145.9,Mason Taylor,TE,NYJ,3400,13.0,5.1
2025,12,16,lev,145.9,DeAndre Hopkins,WR,BAL,3300,12.2,3.3
2025,12,16,lev,145.9,Kalif Raymond,WR,DET,3000,13.9,5.7
2025,12,17,boom,143.0,Christian McCaffrey,RB,SF,9500,30.9,27.2
2025,12,17,boom,143.0,CeeDee Lamb,WR,DAL,7900,18.6,11.5
2025,12,17,boom,143.0,Saquon Barkley,RB,PHI,7500,15.8,13.4
2025,12,17,boom,143.0,Dak Prescott,QB,DAL,6400,18.8,31.1
2025,12,17,boom,143.0,Tetairoa McMillan,WR,CAR,5900,15.0,11.5
2025,12,17,boom,143.0,D.J. Moore,WR,CHI,4900,9.4,23.4
2025,12,17,boom,143.0,LAR DST,DST,LAR,2800,10.2,18.0
2025,12,17,boom,143.0,Luke Schoonmaker,TE,DAL,2500,8.6,0.0
2025,12,17,boom,143.0,Austin Hooper,TE,NE,2500,9.7,6.9
2025,12,18,boom,143.0,Jonathan Taylor,RB,IND,10000,20.4,8.6
2025,12,18,boom,143.0,George Pickens,WR,DAL,6900,15.8,32.6
2025,12,18,boom,143.0,Drake Maye,QB,NE,6900,22.3,17.0
2025,12,18,boom,143.0,Chase Brown,RB,CIN,6200,16.9,18.0
2025,12,18,boom,143.0,Tyler Warren,TE,IND,5500,12.7,9.5
2025,12,18,boom,143.0,Mack Hollins,WR,NE,4200,7.5,5.0
2025,12,18,boom,143.0,Hunter Henry,TE,NE,3900,17.3,27.5
2025,12,18,boom,143.0,Jayden Higgins,WR,HOU,3700,18.1,13.8
2025,12,18,boom,143.0,NO DST,DST,NO,2500,8.3,11.0
2025,12,19,boom,142.7,George Pickens,WR,DAL,6900,15.8,32.6
2025,12,19,boom,142.7,Dak Prescott,QB,DAL,6400,18.8,31.1
2025,12,19,boom,142.7,Zay Flowers,WR,BAL,6300,15.5,11.9
2025,12,19,boom,142.7,Chase Brown,RB,CIN,6200,16.9,18.0
2025,12,19,boom,142.7,Tetairoa McMillan,WR,CAR,5900,15.0,11.5
2025,12,19,boom,142.7,A.J. Brown,WR,PHI,5900,14.1,28.0
2025,12,19,boom,142.7,Sean Tucker,RB,TB,5500,10.9,5.6
2025,12,19,boom,142.7,SEA DST,DST,SEA,4000,10.9,4.0
2025,12,19,boom,142.7,Luke Schoonmaker,TE,DAL,2500,8.6,0.0
2025,12,20,lev,142.5,Christian McCaffrey,RB,SF,9500,30.9,27.2
2025,12,20,lev,142.5,Jahmyr Gibbs,RB,DET,8300,21.7,58.4
2025,12,20,lev,142.5,Josh Allen,QB,BUF,7400,21.2,10.1
2025,12,20,lev,142.5,Khalil Shakir,WR,BUF,5000,11.3,21.0
2025,12,20,lev,142.5,SEA DST,DST,SEA,4000,10.9,4.0
2025,12,20,lev,142.5,Dalton Schultz,TE,HOU,4000,18.3,1.8
2025,12,20,lev,142.5,Mark Andrews,TE,BAL,3800,19.8,2.1
2025,12,20,lev,142.5,Jayden Higgins,WR,HOU,3700,18.1,13.8
2025,12,20,lev,142.5,Joshua Palmer,WR,BUF,3600,14.9,4.1
2025,12,21,boom,141.6,Christian McCaffrey,RB,SF,9500,30.9,27.2
2025,12,21,boom,141.6,George Pickens,WR,DAL,6900,15.8,32.6
2025,12,21,boom,141.6,Dak Prescott,QB,DAL,6400,18.8,31.1
2025,12,21,boom,141.6,A.J. Brown,WR,PHI,5900,14.1,28.0
2025,12,21,boom,141.6,D'Andre Swift,RB,CHI,5600,13.3,2.9
2025,12,21,boom,141.6,Jordan Addison,WR,MIN,5400,10.9,0.0
2025,12,21,boom,141.6,Dalton Schultz,TE,HOU,4000,18.3,1.8
2025,12,21,boom,141.6,Ryan Flournoy,WR,DAL,3300,12.4,0.0
2025,12,21,boom,141.6,LAR DST,DST,LAR,2800,10.2,18.0
2025,12,22,boom,141.3,Jahmyr Gibbs,RB,DET,8300,21.7,58.4
2025,12,22,boom,141.3,CeeDee Lamb,WR,DAL,7900,18.6,11.5
2025,12,22,boom,141.3,Josh Allen,QB,BUF,7400,21.2,10.1
2025,12,22,boom,141.3,Zay Flowers,WR,BAL,6300,15.5,11.9
2025,12,22,boom,141.3,Woody Marks,RB,HOU,5600,12.0,7.9
2025,12,22,boom,141.3,Khalil Shakir,WR,BUF,5000,11.3,21.0
2025,12,22,boom,141.3,Xavier Worthy,WR,KC,4700,10.3,9.9
2025,12,22,boom,141.3,Jackson Hawes,TE,BUF,2500,11.1,4.6
2025,12,22,boom,141.3,TEN DST,DST,TEN,2300,5.7,6.0
2025,12,23,boom,139.5,Christian McCaffrey,RB,SF,9500,30.9,27.2
2025,12,23,boom,139.5,Justin Jefferson,WR,MIN,7400,15.3,8.8
2025,12,23,boom,139.5,Jaylen Warren,RB,PIT,6600,14.0,12.8
2025,12,23,boom,139.5,Caleb Williams,QB,CHI,5700,18.6,22.7
2025,12,23,boom,139.5,DK Metcalf,WR,PIT,5300,11.9,14.4
2025,12,23,boom,139.5,D.J. Moore,WR,CHI,4900,9.4,23.4
2025,12,23,boom,139.5,Juwan Johnson,TE,NO,4000,18.0,10.6
2025,12,23,boom,139.5,Olamide Zaccheaus,WR,CHI,3100,13.3,1.6
2025,12,23,boom,139.5,LAR DST,DST,LAR,2800,10.2,18.0
2025,12,24,boom,138.8,Christian McCaffrey,RB,SF,9500,30.9,27.2
2025,12,24,boom,138.8,CeeDee Lamb,WR,DAL,7900,18.6,11.5
2025,12,24,boom,138.8,Trey McBride,TE,ARI,6800,18.2,16.9
2025,12,24,boom,138.8,Jacoby Brissett,QB,ARI,5300,19.7,21.7
2025,12,24,boom,138.8,Tony Pollard,RB,TEN,5000,8.8,8.1
2025,12,24,boom,138.8,Romeo Doubs,WR,GB,4900,12.0,4.3
2025,12,24,boom,138.8,Greg Dortch,WR,ARI,4300,8.7,16.8
2025,12,24,boom,138.8,Brenton Strange,TE,JAX,3400,16.9,14.3
2025,12,24,boom,138.8,LAR DST,DST,LAR,2800,10.2,18.0
2025,12,25,lev,134.1,Christian McCaffrey,RB,SF,9500,30.9,27.2
2025,12,25,lev,134.1,Jahmyr Gibbs,RB,DET,8300,21.7,58.4
2025,12,25,lev,134.1,Lamar Jackson,QB,BAL,6700,23.1,7.2
2025,12,25,lev,134.1,Zay Flowers,WR,BAL,6300,15.5,11.9
2025,12,25,lev,134.1,Cooper Kupp,WR,SEA,4000,16.4,4.4
2025,12,25,lev,134.1,SEA DST,DST,SEA,4000,10.9,4.0
2025,12,25,lev,134.1,Mark Andrews,TE,BAL,3800,19.8,2.1
2025,12,25,lev,134.1,Jayden Higgins,WR,HOU,3700,18.1,13.8
2025,12,25,lev,134.1,Mason Taylor,TE,NYJ,3400,13.0,5.1
2025,12,26,lev,128.7,Christian McCaffrey,RB,SF,9500,30.9,27.2
2025,12,26,lev,128.7,Jahmyr Gibbs,RB,DET,8300,21.7,58.4
2025,12,26,lev,128.7,Lamar Jackson,QB,BAL,6700,23.1,7.2
2025,12,26,lev,128.7,Zay Flowers,WR,BAL,6300,15.5,11.9
2025,12,26,lev,128.7,SEA DST,DST,SEA,4000,10.9,4.0
2025,12,26,lev,128.7,Xavier Legette,WR,CAR,3900,14.8,5.2
2025,12,26,lev,128.7,Mark Andrews,TE,BAL,3800,19.8,2.1
2025,12,26,lev,128.7,Calvin Austin III,WR,PIT,3700,15.9,7.6
2025,12,26,lev,128.7,Mason Taylor,TE,NYJ,3400,13.0,5.1
2025,12,27,boom,126.1,Bijan Robinson,RB,ATL,8500,20.3,14.7
2025,12,27,boom,126.1,CeeDee Lamb,WR,DAL,7900,18.6,11.5
2025,12,27,boom,126.1,Jalen Hurts,QB,PHI,6600,20.5,30.9
2025,12,27,boom,126.1,A.J. Brown,WR,PHI,5900,14.1,28.0
2025,12,27,boom,126.1,Jordan Addison,WR,MIN,5400,10.9,0.0
2025,12,27,boom,126.1,Kenneth Walker III,RB,SEA,5400,12.5,13.1
2025,12,27,boom,126.1,Dallas Goedert,TE,PHI,4200,10.5,4.0
2025,12,27,boom,126.1,T.J. Hockenson,TE,MIN,3300,15.2,5.9
2025,12,27,boom,126.1,LAR DST,DST,LAR,2800,10.2,18.0
2025,12,28,boom,123.3,Christian McCaffrey,RB,SF,9500,30.9,27.2
2025,12,28,boom,123.3,Amon-Ra St. Brown,WR,DET,8000,20.9,32.9
2025,12,28,boom,123.3,Tetairoa McMillan,WR,CAR,5900,15.0,11.5
2025,12,28,boom,123.3,Brock Purdy,QB,SF,5900,20.9,10.3
2025,12,28,boom,123.3,David Montgomery,RB,DET,5300,12.1,6.7
2025,12,28,boom,123.3,Ricky Pearsall,WR,SF,5100,11.1,2.8
2025,12,28,boom,123.3,Jauan Jennings,WR,SF,4900,11.6,15.1
2025,12,28,boom,123.3,Jonnu Smith,TE,PIT,2900,12.0,5.8
2025,12,28,boom,123.3,NO DST,DST,NO,2500,8.3,11.0
2025,12,29,boom,122.3,CeeDee Lamb,WR,DAL,7900,18.6,11.5
2025,12,29,boom,122.3,George Pickens,WR,DAL,6900,15.8,32.6
2025,12,29,boom,122.3,Javonte Williams,RB,DAL,6500,13.8,12.1
2025,12,29,boom,122.3,Dak Prescott,QB,DAL,6400,18.8,31.1
2025,12,29,boom,122.3,DeVonta Smith,WR,PHI,5600,13.8,14.9
2025,12,29,boom,122.3,Sean Tucker,RB,TB,5500,10.9,5.6
2025,12,29,boom,122.3,Zach Charbonnet,RB,SEA,4900,8.4,9.5
2025,12,29,boom,122.3,Dallas Goedert,TE,PHI,4200,10.5,4.0
2025,12,29,boom,122.3,NYJ DST,DST,NYJ,2000,4.7,1.0
2025,12,30,boom,122.1,Christian McCaffrey,RB,SF,9500,30.9,27.2
2025,12,30,boom,122.1,Amon-Ra St. Brown,WR,DET,8000,20.9,32.9
2025,12,30,boom,122.1,Lamar Jackson,QB,BAL,6700,23.1,7.2
2025,12,30,boom,122.1,Zay Flowers,WR,BAL,6300,15.5,11.9
2025,12,30,boom,122.1,D'Andre Swift,RB,CHI,5600,13.3,2.9
2025,12,30,boom,122.1,Parker Washington,WR,JAX,5200,10.6,18.1
2025,12,30,boom,122.1,Allen Lazard,WR,NYJ,3000,8.8,1.9
2025,12,30,boom,122.1,LAR DST,DST,LAR,2800,10.2,18.0
2025,12,30,boom,122.1,Isaiah Likely,TE,BAL,2800,13.4,2.0
2025,12,31,boom,120.4,CeeDee Lamb,WR,DAL,7900,18.6,11.5
2025,12,31,boom,120.4,George Pickens,WR,DAL,6900,15.8,32.6
2025,12,31,boom,120.4,Javonte Williams,RB,DAL,6500,13.8,12.1
2025,12,31,boom,120.4,Dak Prescott,QB,DAL,6400,18.8,31.1
2025,12,31,boom,120.4,Alvin Kamara,RB,NO,5500,12.1,3.5
2025,12,31,boom,120.4,Tre Tucker,WR,LV,5100,9.6,5.8
2025,12,31,boom,120.4,Dallas Goedert,TE,PHI,4200,10.5,4.0
2025,12,31,boom,120.4,Dalton Schultz,TE,HOU,4000,18.3,1.8
2025,12,31,boom,120.4,LAR DST,DST,LAR,2800,10.2,18.0
2025,12,32,lev,117.8,Christian McCaffrey,RB,SF,9500,30.9,27.2
2025,12,32,lev,117.8,CeeDee Lamb,WR,DAL,7900,18.6,11.5
2025,12,32,lev,117.8,Drake Maye,QB,NE,6900,22.3,17.0
2025,12,32,lev,117.8,Chase Brown,RB,CIN,6200,16.9,18.0
2025,12,32,lev,117.8,SEA DST,DST,SEA,4000,10.9,4.0
2025,12,32,lev,117.8,Cooper Kupp,WR,SEA,4000,16.4,4.4
2025,12,32,lev,117.8,Hunter Henry,TE,NE,3900,17.3,27.5
2025,12,32,lev,117.8,Demario Douglas,WR,NE,3800,11.7,6.1
2025,12,32,lev,117.8,Mark Andrews,TE,BAL,3800,19.8,2.1
2025,12,33,boom,114.5,Christian McCaffrey,RB,SF,9500,30.9,27.2
2025,12,33,boom,114.5,Saquon Barkley,RB,PHI,7500,15.8,13.4
2025,12,33,boom,114.5,Brock Purdy,QB,SF,5900,20.9,10.3
2025,12,33,boom,114.5,Tetairoa McMillan,WR,CAR,5900,15.0,11.5
2025,12,33,boom,114.5,George Kittle,TE,SF,5200,11.6,13.8
2025,12,33,boom,114.5,Jauan Jennings,WR,SF,4900,11.6,15.1
2025,12,33,boom,114.5,Rashid Shaheed,WR,SEA,4600,8.0,0.5
2025,12,33,boom,114.5,Jordan Whittington,WR,LA,3000,11.4,4.7
2025,12,33,boom,114.5,LAR DST,DST,LAR,2800,10.2,18.0
2025,12,34,game,112.2,Jonathan Taylor,RB,IND,10000,20.4,8.6
2025,12,34,game,112.2,Christian McCaffrey,RB,SF,9500,30.9,27.2
2025,12,34,game,112.2,Rashee Rice,WR,KC,7700,16.8,27.1
2025,12,34,game,112.2,Patrick Mahomes,QB,KC,6800,21.5,21.1
2025,12,34,game,112.2,Mark Andrews,TE,BAL,3800,19.8,2.1
2025,12,34,game,112.2,Jayden Higgins,WR,HOU,3700,18.1,13.8
2025,12,34,game,112.2,JuJu Smith-Schuster,WR,KC,3000,12.0,1.8
2025,12,34,game,112.2,PHI DST,DST,PHI,3000,7.8,5.0
2025,12,34,game,112.2,Noah Gray,TE,KC,2500,11.2,5.5
2025,12,35,boom,111.6,CeeDee Lamb,WR,DAL,7900,18.6,11.5
2025,12,35,boom,111.6,Jalen Hurts,QB,PHI,6600,20.5,30.9
2025,12,35,boom,111.6,Javonte Williams,RB,DAL,6500,13.8,12.1
2025,12,35,boom,111.6,DeVonta Smith,WR,PHI,5600,13.8,14.9
2025,12,35,boom,111.6,Kenneth Walker III,RB,SEA,5400,12.5,13.1
2025,12,35,boom,111.6,Kayshon Boutte,WR,NE,5000,7.5,3.5
2025,12,35,boom,111.6,Alec Pierce,WR,IND,5000,11.3,3.6
2025,12,35,boom,111.6,Dallas Goedert,TE,PHI,4200,10.5,4.0
2025,12,35,boom,111.6,LAR DST,DST,LAR,2800,10.2,18.0
2025,12,36,boom,104.4,Christian McCaffrey,RB,SF,9500,30.9,27.2
2025,12,36,boom,104.4,Rashee Rice,WR,KC,7700,16.8,27.1
2025,12,36,boom,104.4,Lamar Jackson,QB,BAL,6700,23.1,7.2
2025,12,36,boom,104.4,Zay Flowers,WR,BAL,6300,15.5,11.9
2025,12,36,boom,104.4,D'Andre Swift,RB,CHI,5600,13.3,2.9
2025,12,36,boom,104.4,Cade Otton,TE,TB,4400,10.2,6.1
2025,12,36,boom,104.4,Mark Andrews,TE,BAL,3800,19.8,2.1
2025,12,36,boom,104.4,Allen Lazard,WR,NYJ,3000,8.8,1.9
2025,12,36,boom,104.4,LAR DST,DST,LAR,2800,10.2,18.0
2025,12,37,game,91.1,Christian McCaffrey,RB,SF,9500,30.9,27.2
2025,12,37,game,91.1,CeeDee Lamb,WR,DAL,7900,18.6,11.5
2025,12,37,game,91.1,Saquon Barkley,RB,PHI,7500,15.8,13.4
2025,12,37,game,91.1,Dak Prescott,QB,DAL,6400,18.8,31.1
2025,12,37,game,91.1,SEA DST,DST,SEA,4000,10.9,4.0
2025,12,37,game,91.1,Dalton Schultz,TE,HOU,4000,18.3,1.8
2025,12,37,game,91.1,Mark Andrews,TE,BAL,3800,19.8,2.1
2025,12,37,game,91.1,Jahan Dotson,WR,PHI,3400,12.2,0.0
2025,12,37,game,91.1,Ryan Flournoy,WR,DAL,3300,12.4,0.0
2025,12,38,boom,90.7,Christian McCaffrey,RB,SF,9500,30.9,27.2
2025,12,38,boom,90.7,Kyren Williams,RB,LA,6800,14.3,5.8
2025,12,38,boom,90.7,Emeka Egbuka,WR,TB,6700,15.6,6.2
2025,12,38,boom,90.7,Baker Mayfield,QB,TB,6100,17.7,5.5
2025,12,38,boom,90.7,Sean Tucker,RB,TB,5500,10.9,5.6
2025,12,38,boom,90.7,Jakobi Meyers,WR,JAX,4700,11.8,15.0
2025,12,38,boom,90.7,Cade Otton,TE,TB,4400,10.2,6.1
2025,12,38,boom,90.7,DeAndre Hopkins,WR,BAL,3300,12.2,3.3
2025,12,38,boom,90.7,CLE DST,DST,CLE,2900,9.5,16.0
2025,12,39,boom,78.5,Trey McBride,TE,ARI,6800,18.2,16.9
2025,12,39,boom,78.5,Lamar Jackson,QB,BAL,6700,23.1,7.2
2025,12,39,boom,78.5,Zay Flowers,WR,BAL,6300,15.5,11.9
2025,12,39,boom,78.5,Breece Hall,RB,NYJ,6100,12.7,14.9
2025,12,39,boom,78.5,D'Andre Swift,RB,CHI,5600,13.3,2.9
2025,12,39,boom,78.5,Alec Pierce,WR,IND,5000,11.3,3.6
2025,12,39,boom,78.5,Jakobi Meyers,WR,JAX,4700,11.8,15.0
2025,12,39,boom,78.5,SEA DST,DST,SEA,4000,10.9,4.0
2025,12,39,boom,78.5,Mark Andrews,TE,BAL,3800,19.8,2.1
2025,12,40,boom,75.3,Christian McCaffrey,RB,SF,9500,30.9,27.2
2025,12,40,boom,75.3,Justin Jefferson,WR,MIN,7400,15.3,8.8
2025,12,40,boom,75.3,Tetairoa McMillan,WR,CAR,5900,15.0,11.5
2025,12,40,boom,75.3,Woody Marks,RB,HOU,5600,12.0,7.9
2025,12,40,boom,75.3,Jordan Addison,WR,MIN,5400,10.9,0.0
2025,12,40,boom,75.3,J.J. McCarthy,QB,MIN,5000,13.9,2.5
2025,12,40,boom,75.3,Romeo Doubs,WR,GB,4900,12.0,4.3
2025,12,40,boom,75.3,Mark Andrews,TE,BAL,3800,19.8,2.1
2025,12,40,boom,75.3,NO DST,DST,NO,2500,8.3,11.0
2025,13,1,boom,148.4,Nico Collins,WR,HOU,6700,15.3,21.5
2025,13,1,boom,148.4,Emeka Egbuka,WR,TB,6500,15.7,8.2
2025,13,1,boom,148.4,Ladd McConkey,WR,LAC,6300,12.8,13.9
2025,13,1,boom,148.4,Baker Mayfield,QB,TB,5900,18.7,14.5
2025,13,1,boom,148.4,Brock Bowers,TE,LV,5800,14.1,22.3
2025,13,1,boom,148.4,Kimani Vidal,RB,LAC,5700,14.5,23.7
2025,13,1,boom,148.4,Michael Carter,RB,ARI,4200,5.5,11.4
2025,13,1,boom,148.4,Cade Otton,TE,TB,4100,9.9,2.9
2025,13,1,boom,148.4,SEA DST,DST,SEA,3900,10.7,30.0
2025,13,2,boom,146.6,Bijan Robinson,RB,ATL,8500,18.4,33.3
2025,13,2,boom,146.6,Drake Maye,QB,NE,6800,24.6,20.5
2025,13,2,boom,146.6,Emeka Egbuka,WR,TB,6500,15.7,8.2
2025,13,2,boom,146.6,Wan'Dale Robinson,WR,NYG,6000,15.2,10.4
2025,13,2,boom,146.6,D'Andre Swift,RB,CHI,5700,12.0,23.8
2025,13,2,boom,146.6,Terry McLaurin,WR,WAS,5200,8.6,22.6
2025,13,2,boom,146.6,Kayshon Boutte,WR,NE,4700,8.7,13.5
2025,13,2,boom,146.6,Hunter Henry,TE,NE,4400,11.5,11.3
2025,13,2,boom,146.6,TEN DST,DST,TEN,2200,5.9,3.0
2025,13,3,boom,145.8,Saquon Barkley,RB,PHI,7200,17.7,5.6
2025,13,3,boom,145.8,Bucky Irving,RB,TB,7000,12.9,16.1
2025,13,3,boom,145.8,A.J. Brown,WR,PHI,6100,14.2,38.2
2025,13,3,boom,145.8,Marvin Harrison Jr.,WR,ARI,6000,11.5,12.9
2025,13,3,boom,145.8,Jacoby Brissett,QB,ARI,5800,19.7,23.6
2025,13,3,boom,145.8,Troy Franklin,WR,DEN,5300,12.4,4.1
2025,13,3,boom,145.8,Greg Dortch,WR,ARI,4600,6.8,3.4
2025,13,3,boom,145.8,SEA DST,DST,SEA,3900,10.7,30.0
2025,13,3,boom,145.8,T.J. Hockenson,TE,MIN,3500,14.5,11.9
2025,13,4,boom,139.3,Puka Nacua,WR,LA,9000,19.0,13.2
2025,13,4,boom,139.3,Matthew Stafford,QB,LA,7000,21.7,14.6
2025,13,4,boom,139.3,Rico Dowdle,RB,CAR,6900,14.5,9.9
2025,13,4,boom,139.3,A.J. Brown,WR,PHI,6100,14.2,38.2
2025,13,4,boom,139.3,Kimani Vidal,RB,LAC,5700,14.5,23.7
2025,13,4,boom,139.3,Tyler Warren,TE,IND,5200,12.2,11.2
2025,13,4,boom,139.3,Alec Pierce,WR,IND,4800,10.0,17.8
2025,13,4,boom,139.3,Colby Parkinson,TE,LA,2800,12.2,6.7
2025,13,4,boom,139.3,NYJ DST,DST,NYJ,2400,7.9,4.0
2025,13,5,boom,130.0,Puka Nacua,WR,LA,9000,19.0,13.2
2025,13,5,boom,130.0,Justin Herbert,QB,LAC,6500,21.2,13.8
2025,13,5,boom,130.0,Ashton Jeanty,RB,LV,6400,14.6,12.1
2025,13,5,boom,130.0,Kimani Vidal,RB,LAC,5700,14.5,23.7
2025,13,5,boom,130.0,Tyler Warren,TE,IND,5200,12.2,11.2
2025,13,5,boom,130.0,Keenan Allen,WR,LAC,5000,9.8,7.0
2025,13,5,boom,130.0,Quentin Johnston,WR,LAC,4900,10.1,11.3
2025,13,5,boom,130.0,SEA DST,DST,SEA,3900,10.7,30.0
2025,13,5,boom,130.0,AJ Barner,TE,SEA,3200,17.0,7.7
2025,13,6,boom,128.7,Bucky Irving,RB,TB,7000,12.9,16.1
2025,13,6,boom,128.7,Emeka Egbuka,WR,TB,6500,15.7,8.2
2025,13,6,boom,128.7,Marvin Harrison Jr.,WR,ARI,6000,11.5,12.9
2025,13,6,boom,128.7,Michael Wilson,WR,ARI,5900,11.8,6.6
2025,13,6,boom,128.7,Jacoby Brissett,QB,ARI,5800,19.7,23.6
2025,13,6,boom,128.7,Brock Bowers,TE,LV,5800,14.1,22.3
2025,13,6,boom,128.7,Kimani Vidal,RB,LAC,5700,14.5,23.7
2025,13,6,boom,128.7,Quentin Johnston,WR,LAC,4900,10.1,11.3
2025,13,6,boom,128.7,NYJ DST,DST,NYJ,2400,7.9,4.0
2025,13,7,boom,126.4,Trey McBride,TE,ARI,7800,15.4,22.2
2025,13,7,boom,126.4,Rico Dowdle,RB,CAR,6900,14.5,9.9
2025,13,7,boom,126.4,A.J. Brown,WR,PHI,6100,14.2,38.2
2025,13,7,boom,126.4,Rome Odunze,WR,CHI,5900,15.8,2.8
2025,13,7,boom,126.4,Jacoby Brissett,QB,ARI,5800,19.7,23.6
2025,13,7,boom,126.4,D'Andre Swift,RB,CHI,5700,12.0,23.8
2025,13,7,boom,126.4,Greg Dortch,WR,ARI,4600,6.8,3.4
2025,13,7,boom,126.4,Tez Johnson,WR,TB,4200,7.9,1.5
2025,13,7,boom,126.4,CLE DST,DST,CLE,3000,8.7,1.0
2025,13,8,boom,124.1,De'Von Achane,RB,MIA,8300,21.7,22.4
2025,13,8,boom,124.1,Justin Jefferson,WR,MIN,7100,13.3,2.4
2025,13,8,boom,124.1,Emeka Egbuka,WR,TB,6500,15.7,8.2
2025,13,8,boom,124.1,Chris Olave,WR,NO,6400,14.2,14.7
2025,13,8,boom,124.1,Kenneth Walker III,RB,SEA,5300,13.9,10.4
2025,13,8,boom,124.1,Tyler Shough,QB,NO,4400,13.8,19.4
2025,13,8,boom,124.1,Juwan Johnson,TE,NO,4200,9.3,8.9
2025,13,8,boom,124.1,SEA DST,DST,SEA,3900,10.7,30.0
2025,13,8,boom,124.1,AJ Barner,TE,SEA,3200,17.0,7.7
2025,13,9,lev,123.6,Jonathan Taylor,RB,IND,9800,19.6,15.1
2025,13,9,lev,123.6,De'Von Achane,RB,MIA,8300,21.7,22.4
2025,13,9,lev,123.6,Nico Collins,WR,HOU,6700,15.3,21.5
2025,13,9,lev,123.6,C.J. Stroud,QB,HOU,5000,16.1,10.0
2025,13,9,lev,123.6,Cooper Kupp,WR,SEA,4000,17.5,5.4
2025,13,9,lev,123.6,SEA DST,DST,SEA,3900,10.7,30.0
2025,13,9,lev,123.6,Darren Waller,TE,MIA,3900,16.4,6.7
2025,13,9,lev,123.6,Dalton Schultz,TE,HOU,3800,17.6,12.5
2025,13,9,lev,123.6,Calvin Austin III,WR,PIT,3700,18.0,0.0
2025,13,10,boom,121.3,De'Von Achane,RB,MIA,8300,21.7,22.4
2025,13,10,boom,121.3,Bucky Irving,RB,TB,7000,12.9,16.1
2025,13,10,boom,121.3,Nico Collins,WR,HOU,6700,15.3,21.5
2025,13,10,boom,121.3,Daniel Jones,QB,IND,6300,16.3,16.1
2025,13,10,boom,121.3,Rome Odunze,WR,CHI,5900,15.8,2.8
2025,13,10,boom,121.3,Tyler Warren,TE,IND,5200,12.2,11.2
2025,13,10,boom,121.3,Alec Pierce,WR,IND,4800,10.0,17.8
2025,13,10,boom,121.3,MIA DST,DST,MIA,3300,9.2,9.0
2025,13,10,boom,121.3,Greg Dulcich,TE,MIA,2500,12.1,4.4
2025,13,11,boom,121.0,Christian McCaffrey,RB,SF,9300,19.3,17.4
2025,13,11,boom,121.0,Justin Herbert,QB,LAC,6500,21.2,13.8
2025,13,11,boom,121.0,Ashton Jeanty,RB,LV,6400,14.6,12.1
2025,13,11,boom,121.0,Ladd McConkey,WR,LAC,6300,12.8,13.9
2025,13,11,boom,121.0,Keenan Allen,WR,LAC,5000,9.8,7.0
2025,13,11,boom,121.0,D.J. Moore,WR,CHI,4900,10.8,4.7
2025,13,11,boom,121.0,Dallas Goedert,TE,PHI,4100,10.4,4.7
2025,13,11,boom,121.0,SEA DST,DST,SEA,3900,10.7,30.0
2025,13,11,boom,121.0,Jalen Coker,WR,CAR,3400,13.9,17.4
2025,13,12,boom,119.9,Christian McCaffrey,RB,SF,9300,19.3,17.4
2025,13,12,boom,119.9,A.J. Brown,WR,PHI,6100,14.2,38.2
2025,13,12,boom,119.9,Michael Wilson,WR,ARI,5900,11.8,6.6
2025,13,12,boom,119.9,Baker Mayfield,QB,TB,5900,18.7,14.5
2025,13,12,boom,119.9,Kimani Vidal,RB,LAC,5700,14.5,23.7
2025,13,12,boom,119.9,Troy Franklin,WR,DEN,5300,12.4,4.1
2025,13,12,boom,119.9,Sterling Shepard,WR,TB,4100,5.8,1.5
2025,13,12,boom,119.9,Cade Otton,TE,TB,4100,9.9,2.9
2025,13,12,boom,119.9,SF DST,DST,SF,3600,10.0,11.0
2025,13,13,lev,119.2,Jonathan Taylor,RB,IND,9800,19.6,15.1
2025,13,13,lev,119.2,De'Von Achane,RB,MIA,8300,21.7,22.4
2025,13,13,lev,119.2,Drake Maye,QB,NE,6800,24.6,20.5
2025,13,13,lev,119.2,Stefon Diggs,WR,NE,6200,12.8,5.6
2025,13,13,lev,119.2,Cooper Kupp,WR,SEA,4000,17.5,5.4
2025,13,13,lev,119.2,SEA DST,DST,SEA,3900,10.7,30.0
2025,13,13,lev,119.2,Dalton Schultz,TE,HOU,3800,17.6,12.5
2025,13,13,lev,119.2,Demario Douglas,WR,NE,3700,11.7,6.3
2025,13,13,lev,119.2,Isaiah Hodgins,WR,NYG,3500,16.3,1.4
2025,13,14,boom,117.8,Jonathan Taylor,RB,IND,9800,19.6,15.1
2025,13,14,boom,117.8,Justin Herbert,QB,LAC,6500,21.2,13.8
2025,13,14,boom,117.8,Ladd McConkey,WR,LAC,6300,12.8,13.9
2025,13,14,boom,117.8,Kimani Vidal,RB,LAC,5700,14.5,23.7
2025,13,14,boom,117.8,Keenan Allen,WR,LAC,5000,9.8,7.0
2025,13,14,boom,117.8,Tre Tucker,WR,LV,4800,9.6,5.0
2025,13,14,boom,117.8,Alec Pierce,WR,IND,4800,10.0,17.8
2025,13,14,boom,117.8,Dalton Schultz,TE,HOU,3800,17.6,12.5
2025,13,14,boom,117.8,MIA DST,DST,MIA,3300,9.2,9.0
2025,13,15,boom,117.4,Drake Maye,QB,NE,6800,24.6,20.5
2025,13,15,boom,117.4,Emeka Egbuka,WR,TB,6500,15.7,8.2
2025,13,15,boom,117.4,Chris Olave,WR,NO,6400,14.2,14.7
2025,13,15,boom,117.4,Stefon Diggs,WR,NE,6200,12.8,5.6
2025,13,15,boom,117.4,TreVeyon Henderson,RB,NE,6100,13.5,11.6
2025,13,15,boom,117.4,Breece Hall,RB,NYJ,6000,14.3,15.6
2025,13,15,boom,117.4,Mack Hollins,WR,NE,4200,9.0,5.3
2025,13,15,boom,117.4,SEA DST,DST,SEA,3900,10.7,30.0
2025,13,15,boom,117.4,Theo Johnson,TE,NYG,3800,16.7,5.9
2025,13,16,lev,115.0,Puka Nacua,WR,LA,9000,19.0,13.2
2025,13,16,lev,115.0,De'Von Achane,RB,MIA,8300,21.7,22.4
2025,13,16,lev,115.0,Saquon Barkley,RB,PHI,7200,17.7,5.6
2025,13,16,lev,115.0,Matthew Stafford,QB,LA,7000,21.7,14.6
2025,13,16,lev,115.0,SEA DST,DST,SEA,3900,10.7,30.0
2025,13,16,lev,115.0,Xavier Legette,WR,CAR,3900,13.8,1.1
2025,13,16,lev,115.0,Dalton Schultz,TE,HOU,3800,17.6,12.5
2025,13,16,lev,115.0,Keon Coleman,WR,BUF,3500,16.8,8.9
2025,13,16,lev,115.0,Colby Parkinson,TE,LA,2800,12.2,6.7
2025,13,17,game,114.2,De'Von Achane,RB,MIA,8300,21.7,22.4
2025,13,17,game,114.2,Saquon Barkley,RB,PHI,7200,17.7,5.6
2025,13,17,game,114.2,Jalen Hurts,QB,PHI,6600,20.1,18.3
2025,13,17,game,114.2,A.J. Brown,WR,PHI,6100,14.2,38.2
2025,13,17,game,114.2,DeVonta Smith,WR,PHI,5600,13.5,9.8
2025,13,17,game,114.2,Cooper Kupp,WR,SEA,4000,17.5,5.4
2025,13,17,game,114.2,Darren Waller,TE,MIA,3900,16.4,6.7
2025,13,17,game,114.2,LAR DST,DST,LAR,3800,10.0,2.0
2025,13,17,game,114.2,Colston Loveland,TE,CHI,3500,15.6,5.8
2025,13,18,boom,110.9,Bucky Irving,RB,TB,7000,12.9,16.1
2025,13,18,boom,110.9,Emeka Egbuka,WR,TB,6500,15.7,8.2
2025,13,18,boom,110.9,Marvin Harrison Jr.,WR,ARI,6000,11.5,12.9
2025,13,18,boom,110.9,Michael Wilson,WR,ARI,5900,11.8,6.6
2025,13,18,boom,110.9,Jacoby Brissett,QB,ARI,5800,19.7,23.6
2025,13,18,boom,110.9,Kimani Vidal,RB,LAC,5700,14.5,23.7
2025,13,18,boom,110.9,Troy Franklin,WR,DEN,5300,12.4,4.1
2025,13,18,boom,110.9,Dallas Goedert,TE,PHI,4100,10.4,4.7
2025,13,18,boom,110.9,SF DST,DST,SF,3600,10.0,11.0
2025,13,19,boom,110.1,Jonathan Taylor,RB,IND,9800,19.6,15.1
2025,13,19,boom,110.1,De'Von Achane,RB,MIA,8300,21.7,22.4
2025,13,19,boom,110.1,Chris Olave,WR,NO,6400,14.2,14.7
2025,13,19,boom,110.1,Trevor Lawrence,QB,JAX,5400,16.7,21.7
2025,13,19,boom,110.1,Parker Washington,WR,JAX,5400,9.8,3.6
2025,13,19,boom,110.1,Alec Pierce,WR,IND,4800,10.0,17.8
2025,13,19,boom,110.1,Tyjae Spears,RB,TEN,4700,8.8,8.4
2025,13,19,boom,110.1,Quintin Morris,TE,JAX,2500,11.4,2.4
2025,13,19,boom,110.1,NYJ DST,DST,NYJ,2400,7.9,4.0
2025,13,20,lev,108.1,Puka Nacua,WR,LA,9000,19.0,13.2
2025,13,20,lev,108.1,De'Von Achane,RB,MIA,8300,21.7,22.4
2025,13,20,lev,108.1,Matthew Stafford,QB,LA,7000,21.7,14.6
2025,13,20,lev,108.1,Rico Dowdle,RB,CAR,6900,14.5,9.9
2025,13,20,lev,108.1,Cooper Kupp,WR,SEA,4000,17.5,5.4
2025,13,20,lev,108.1,SEA DST,DST,SEA,3900,10.7,30.0
2025,13,20,lev,108.1,Theo Johnson,TE,NYG,3800,16.7,5.9
2025,13,20,lev,108.1,Calvin Austin III,WR,PIT,3700,18.0,0.0
2025,13,20,lev,108.1,Colby Parkinson,TE,LA,2800,12.2,6.7
2025,13,21,boom,108.0,Rico Dowdle,RB,CAR,6900,14.5,9.9
2025,13,21,boom,108.0,Justin Herbert,QB,LAC,6500,21.2,13.8
2025,13,21,boom,108.0,Brian Thomas Jr.,WR,JAX,6200,11.4,4.8
2025,13,21,boom,108.0,Brock Bowers,TE,LV,5800,14.1,22.3
2025,13,21,boom,108.0,Kimani Vidal,RB,LAC,5700,14.5,23.7
2025,13,21,boom,108.0,DK Metcalf,WR,PIT,5600,12.1,6.2
2025,13,21,boom,108.0,Keenan Allen,WR,LAC,5000,9.8,7.0
2025,13,21,boom,108.0,Quentin Johnston,WR,LAC,4900,10.1,11.3
2025,13,21,boom,108.0,MIA DST,DST,MIA,3300,9.2,9.0
2025,13,22,boom,107.1,De'Von Achane,RB,MIA,8300,21.7,22.4
2025,13,22,boom,107.1,Jalen Hurts,QB,PHI,6600,20.1,18.3
2025,13,22,boom,107.1,Rome Odunze,WR,CHI,5900,15.8,2.8
2025,13,22,boom,107.1,Courtland Sutton,WR,DEN,5800,11.3,17.2
2025,13,22,boom,107.1,D'Andre Swift,RB,CHI,5700,12.0,23.8
2025,13,22,boom,107.1,DeVonta Smith,WR,PHI,5600,13.5,9.8
2025,13,22,boom,107.1,Troy Franklin,WR,DEN,5300,12.4,4.1
2025,13,22,boom,107.1,Dallas Goedert,TE,PHI,4100,10.4,4.7
2025,13,22,boom,107.1,NYJ DST,DST,NYJ,2400,7.9,4.0
2025,13,23,lev,104.7,Jonathan Taylor,RB,IND,9800,19.6,15.1
2025,13,23,lev,104.7,De'Von Achane,RB,MIA,8300,21.7,22.4
2025,13,23,lev,104.7,Drake Maye,QB,NE,6800,24.6,20.5
2025,13,23,lev,104.7,Stefon Diggs,WR,NE,6200,12.8,5.6
2025,13,23,lev,104.7,Cooper Kupp,WR,SEA,4000,17.5,5.4
2025,13,23,lev,104.7,Theo Johnson,TE,NYG,3800,16.7,5.9
2025,13,23,lev,104.7,Dalton Schultz,TE,HOU,3800,17.6,12.5
2025,13,23,lev,104.7,Demario Douglas,WR,NE,3700,11.7,6.3
2025,13,23,lev,104.7,SF DST,DST,SF,3600,10.0,11.0
2025,13,24,boom,102.1,Saquon Barkley,RB,PHI,7200,17.7,5.6
2025,13,24,boom,102.1,Justin Herbert,QB,LAC,6500,21.2,13.8
2025,13,24,boom,102.1,Emeka Egbuka,WR,TB,6500,15.7,8.2
2025,13,24,boom,102.1,Ashton Jeanty,RB,LV,6400,14.6,12.1
2025,13,24,boom,102.1,Ladd McConkey,WR,LAC,6300,12.8,13.9
2025,13,24,boom,102.1,Brock Bowers,TE,LV,5800,14.1,22.3
2025,13,24,boom,102.1,Quentin Johnston,WR,LAC,4900,10.1,11.3
2025,13,24,boom,102.1,MIA DST,DST,MIA,3300,9.2,9.0
2025,13,24,boom,102.1,Xavier Hutchinson,WR,HOU,3000,13.7,5.9
2025,13,25,boom,98.3,Jonathan Taylor,RB,IND,9800,19.6,15.1
2025,13,25,boom,98.3,Saquon Barkley,RB,PHI,7200,17.7,5.6
2025,13,25,boom,98.3,Emeka Egbuka,WR,TB,6500,15.7,8.2
2025,13,25,boom,98.3,Michael Wilson,WR,ARI,5900,11.8,6.6
2025,13,25,boom,98.3,Jacoby Brissett,QB,ARI,5800,19.7,23.6
2025,13,25,boom,98.3,Alec Pierce,WR,IND,4800,10.0,17.8
2025,13,25,boom,98.3,Darren Waller,TE,MIA,3900,16.4,6.7
2025,13,25,boom,98.3,SF DST,DST,SF,3600,10.0,11.0
2025,13,25,boom,98.3,Elijah Higgins,TE,ARI,2500,9.8,3.7
2025,13,26,lev,98.2,Jonathan Taylor,RB,IND,9800,19.6,15.1
2025,13,26,lev,98.2,Puka Nacua,WR,LA,9000,19.0,13.2
2025,13,26,lev,98.2,De'Von Achane,RB,MIA,8300,21.7,22.4
2025,13,26,lev,98.2,C.J. Stroud,QB,HOU,5000,16.1,10.0
2025,13,26,lev,98.2,Cooper Kupp,WR,SEA,4000,17.5,5.4
2025,13,26,lev,98.2,Darren Waller,TE,MIA,3900,16.4,6.7
2025,13,26,lev,98.2,Dalton Schultz,TE,HOU,3800,17.6,12.5
2025,13,26,lev,98.2,TB DST,DST,TB,3200,8.4,7.0
2025,13,26,lev,98.2,Xavier Hutchinson,WR,HOU,3000,13.7,5.9
2025,13,27,boom,96.5,Puka Nacua,WR,LA,9000,19.0,13.2
2025,13,27,boom,96.5,Davante Adams,WR,LA,7500,15.2,21.8
2025,13,27,boom,96.5,Matthew Stafford,QB,LA,7000,21.7,14.6
2025,13,27,boom,96.5,Emeka Egbuka,WR,TB,6500,15.7,8.2
2025,13,27,boom,96.5,Kenneth Walker III,RB,SEA,5300,13.9,10.4
2025,13,27,boom,96.5,Jaleel McLaughlin,RB,DEN,4400,6.0,4.0
2025,13,27,boom,96.5,Cade Otton,TE,TB,4100,9.9,2.9
2025,13,27,boom,96.5,Jalen Coker,WR,CAR,3400,13.9,17.4
2025,13,27,boom,96.5,NYJ DST,DST,NYJ,2400,7.9,4.0
2025,13,28,game,95.9,Christian McCaffrey,RB,SF,9300,19.3,17.4
2025,13,28,game,95.9,Puka Nacua,WR,LA,9000,19.0,13.2
2025,13,28,game,95.9,De'Von Achane,RB,MIA,8300,21.7,22.4
2025,13,28,game,95.9,Josh Allen,QB,BUF,7500,20.0,17.7
2025,13,28,game,95.9,Calvin Austin III,WR,PIT,3700,18.0,0.0
2025,13,28,game,95.9,Keon Coleman,WR,BUF,3500,16.8,8.9
2025,13,28,game,95.9,Dawson Knox,TE,BUF,3000,12.0,5.8
2025,13,28,game,95.9,PHI DST,DST,PHI,3000,8.2,4.0
2025,13,28,game,95.9,Darnell Washington,TE,PIT,2700,14.1,6.5
2025,13,29,boom,95.4,Trey McBride,TE,ARI,7800,15.4,22.2
2025,13,29,boom,95.4,Rico Dowdle,RB,CAR,6900,14.5,9.9
2025,13,29,boom,95.4,Emeka Egbuka,WR,TB,6500,15.7,8.2
2025,13,29,boom,95.4,TreVeyon Henderson,RB,NE,6100,13.5,11.6
2025,13,29,boom,95.4,Michael Wilson,WR,ARI,5900,11.8,6.6
2025,13,29,boom,95.4,Jacoby Brissett,QB,ARI,5800,19.7,23.6
2025,13,29,boom,95.4,Cade Otton,TE,TB,4100,9.9,2.9
2025,13,29,boom,95.4,Isaiah Hodgins,WR,NYG,3500,16.3,1.4
2025,13,29,boom,95.4,MIA DST,DST,MIA,3300,9.2,9.0
2025,13,30,boom,94.0,De'Von Achane,RB,MIA,8300,21.7,22.4
2025,13,30,boom,94.0,Bucky Irving,RB,TB,7000,12.9,16.1
2025,13,30,boom,94.0,Emeka Egbuka,WR,TB,6500,15.7,8.2
2025,13,30,boom,94.0,Wan'Dale Robinson,WR,NYG,6000,15.2,10.4
2025,13,30,boom,94.0,Baker Mayfield,QB,TB,5900,18.7,14.5
2025,13,30,boom,94.0,Troy Franklin,WR,DEN,5300,12.4,4.1
2025,13,30,boom,94.0,Michael Carter,RB,ARI,4200,5.5,11.4
2025,13,30,boom,94.0,Cade Otton,TE,TB,4100,9.9,2.9
2025,13,30,boom,94.0,NYJ DST,DST,NYJ,2400,7.9,4.0
2025,13,31,lev,90.5,Christian McCaffrey,RB,SF,9300,19.3,17.4
2025,13,31,lev,90.5,De'Von Achane,RB,MIA,8300,21.7,22.4
2025,13,31,lev,90.5,Drake Maye,QB,NE,6800,24.6,20.5
2025,13,31,lev,90.5,Stefon Diggs,WR,NE,6200,12.8,5.6
2025,13,31,lev,90.5,Hunter Henry,TE,NE,4400,11.5,11.3
2025,13,31,lev,90.5,Cooper Kupp,WR,SEA,4000,17.5,5.4
2025,13,31,lev,90.5,Theo Johnson,TE,NYG,3800,16.7,5.9
2025,13,31,lev,90.5,Calvin Austin III,WR,PIT,3700,18.0,0.0
2025,13,31,lev,90.5,ATL DST,DST,ATL,3500,9.7,2.0
2025,13,32,boom,90.0,Drake Maye,QB,NE,6800,24.6,20.5
2025,13,32,boom,90.0,Jaylen Waddle,WR,MIA,6800,14.7,7.0
2025,13,32,boom,90.0,Kyren Williams,RB,LA,6600,13.4,13.2
2025,13,32,boom,90.0,TreVeyon Henderson,RB,NE,6100,13.5,11.6
2025,13,32,boom,90.0,Wan'Dale Robinson,WR,NYG,6000,15.2,10.4
2025,13,32,boom,90.0,Khalil Shakir,WR,BUF,5500,12.2,1.5
2025,13,32,boom,90.0,Kayshon Boutte,WR,NE,4700,8.7,13.5
2025,13,32,boom,90.0,Hunter Henry,TE,NE,4400,11.5,11.3
2025,13,32,boom,90.0,CLE DST,DST,CLE,3000,8.7,1.0
2025,13,33,boom,89.7,Jaxon Smith-Njigba,WR,SEA,9500,18.9,4.3
2025,13,33,boom,89.7,De'Von Achane,RB,MIA,8300,21.7,22.4
2025,13,33,boom,89.7,Caleb Williams,QB,CHI,5700,15.5,10.5
2025,13,33,boom,89.7,DeVonta Smith,WR,PHI,5600,13.5,9.8
2025,13,33,boom,89.7,Kenneth Walker III,RB,SEA,5300,13.9,10.4
2025,13,33,boom,89.7,D.J. Moore,WR,CHI,4900,10.8,4.7
2025,13,33,boom,89.7,Alec Pierce,WR,IND,4800,10.0,17.8
2025,13,33,boom,89.7,Colston Loveland,TE,CHI,3500,15.6,5.8
2025,13,33,boom,89.7,NYJ DST,DST,NYJ,2400,7.9,4.0
2025,13,34,boom,87.8,Saquon Barkley,RB,PHI,7200,17.7,5.6
2025,13,34,boom,87.8,Bucky Irving,RB,TB,7000,12.9,16.1
2025,13,34,boom,87.8,Rome Odunze,WR,CHI,5900,15.8,2.8
2025,13,34,boom,87.8,Caleb Williams,QB,CHI,5700,15.5,10.5
2025,13,34,boom,87.8,D'Andre Swift,RB,CHI,5700,12.0,23.8
2025,13,34,boom,87.8,George Kittle,TE,SF,5300,9.9,10.7
2025,13,34,boom,87.8,D.J. Moore,WR,CHI,4900,10.8,4.7
2025,13,34,boom,87.8,Rashid Shaheed,WR,SEA,4500,6.8,2.6
2025,13,34,boom,87.8,SF DST,DST,SF,3600,10.0,11.0
2025,13,35,boom,86.8,Bijan Robinson,RB,ATL,8500,18.4,33.3
2025,13,35,boom,86.8,Rico Dowdle,RB,CAR,6900,14.5,9.9
2025,13,35,boom,86.8,Emeka Egbuka,WR,TB,6500,15.7,8.2
2025,13,35,boom,86.8,Marvin Harrison Jr.,WR,ARI,6000,11.5,12.9
2025,13,35,boom,86.8,Baker Mayfield,QB,TB,5900,18.7,14.5
2025,13,35,boom,86.8,Troy Franklin,WR,DEN,5300,12.4,4.1
2025,13,35,boom,86.8,Cade Otton,TE,TB,4100,9.9,2.9
2025,13,35,boom,86.8,Calvin Austin III,WR,PIT,3700,18.0,0.0
2025,13,35,boom,86.8,CLE DST,DST,CLE,3000,8.7,1.0
2025,13,36,boom,86.1,Jonathan Taylor,RB,IND,9800,19.6,15.1
2025,13,36,boom,86.1,Jalen Hurts,QB,PHI,6600,20.1,18.3
2025,13,36,boom,86.1,Jaylen Warren,RB,PIT,6300,12.5,12.4
2025,13,36,boom,86.1,DeVonta Smith,WR,PHI,5600,13.5,9.8
2025,13,36,boom,86.1,DK Metcalf,WR,PIT,5600,12.1,6.2
2025,13,36,boom,86.1,D.J. Moore,WR,CHI,4900,10.8,4.7
2025,13,36,boom,86.1,Dallas Goedert,TE,PHI,4100,10.4,4.7
2025,13,36,boom,86.1,Theo Johnson,TE,NYG,3800,16.7,5.9
2025,13,36,boom,86.1,MIA DST,DST,MIA,3300,9.2,9.0
2025,13,37,boom,85.2,Saquon Barkley,RB,PHI,7200,17.7,5.6
2025,13,37,boom,85.2,Kyren Williams,RB,LA,6600,13.4,13.2
2025,13,37,boom,85.2,Emeka Egbuka,WR,TB,6500,15.7,8.2
2025,13,37,boom,85.2,Michael Wilson,WR,ARI,5900,11.8,6.6
2025,13,37,boom,85.2,Rome Odunze,WR,CHI,5900,15.8,2.8
2025,13,37,boom,85.2,Baker Mayfield,QB,TB,5900,18.7,14.5
2025,13,37,boom,85.2,Cade Otton,TE,TB,4100,9.9,2.9
2025,13,37,boom,85.2,SEA DST,DST,SEA,3900,10.7,30.0
2025,13,37,boom,85.2,Isaiah Hodgins,WR,NYG,3500,16.3,1.4
2025,13,38,boom,84.8,Saquon Barkley,RB,PHI,7200,17.7,5.6
2025,13,38,boom,84.8,Rico Dowdle,RB,CAR,6900,14.5,9.9
2025,13,38,boom,84.8,Drake Maye,QB,NE,6800,24.6,20.5
2025,13,38,boom,84.8,Stefon Diggs,WR,NE,6200,12.8,5.6
2025,13,38,boom,84.8,Wan'Dale Robinson,WR,NYG,6000,15.2,10.4
2025,13,38,boom,84.8,Rome Odunze,WR,CHI,5900,15.8,2.8
2025,13,38,boom,84.8,Kayshon Boutte,WR,NE,4700,8.7,13.5
2025,13,38,boom,84.8,Dalton Schultz,TE,HOU,3800,17.6,12.5
2025,13,38,boom,84.8,NYJ DST,DST,NYJ,2400,7.9,4.0
2025,13,39,boom,84.8,Christian McCaffrey,RB,SF,9300,19.3,17.4
2025,13,39,boom,84.8,Bucky Irving,RB,TB,7000,12.9,16.1
2025,13,39,boom,84.8,Emeka Egbuka,WR,TB,6500,15.7,8.2
2025,13,39,boom,84.8,Rome Odunze,WR,CHI,5900,15.8,2.8
2025,13,39,boom,84.8,Baker Mayfield,QB,TB,5900,18.7,14.5
2025,13,39,boom,84.8,Juwan Johnson,TE,NO,4200,9.3,8.9
2025,13,39,boom,84.8,Michael Carter,RB,ARI,4200,5.5,11.4
2025,13,39,boom,84.8,Sterling Shepard,WR,TB,4100,5.8,1.5
2025,13,39,boom,84.8,NYJ DST,DST,NYJ,2400,7.9,4.0
2025,13,40,boom,66.9,Jonathan Taylor,RB,IND,9800,19.6,15.1
2025,13,40,boom,66.9,Chris Olave,WR,NO,6400,14.2,14.7
2025,13,40,boom,66.9,Jaylen Warren,RB,PIT,6300,12.5,12.4
2025,13,40,boom,66.9,Rome Odunze,WR,CHI,5900,15.8,2.8
2025,13,40,boom,66.9,DK Metcalf,WR,PIT,5600,12.1,6.2
2025,13,40,boom,66.9,Khalil Shakir,WR,BUF,5500,12.2,1.5
2025,13,40,boom,66.9,Aaron Rodgers,QB,PIT,5100,14.7,3.7
2025,13,40,boom,66.9,Darnell Washington,TE,PIT,2700,14.1,6.5
2025,13,40,boom,66.9,NYJ DST,DST,NYJ,2400,7.9,4.0
2025,14,1,boom,153.6,Jahmyr Gibbs,RB,DET,8600,23.7,37.0
2025,14,1,boom,153.6,Davante Adams,WR,LA,7700,16.2,6.9
2025,14,1,boom,153.6,George Pickens,WR,DAL,7400,17.6,8.7
2025,14,1,boom,153.6,Josh Jacobs,RB,GB,6800,16.2,17.2
2025,14,1,boom,153.6,Dak Prescott,QB,DAL,6300,23.6,23.4
2025,14,1,boom,153.6,DK Metcalf,WR,PIT,5400,11.8,24.8
2025,14,1,boom,153.6,Ryan Flournoy,WR,DAL,3300,12.0,29.5
2025,14,1,boom,153.6,Josh Whyle,TE,GB,2500,8.9,3.1
2025,14,1,boom,153.6,LV DST,DST,LV,2000,5.5,3.0
2025,14,2,lev,153.0,De'Von Achane,RB,MIA,8800,20.4,17.5
2025,14,2,lev,153.0,Jahmyr Gibbs,RB,DET,8600,23.7,37.0
2025,14,2,lev,153.0,Ja'Marr Chase,WR,CIN,8200,21.3,10.2
2025,14,2,lev,153.0,Josh Allen,QB,BUF,7700,25.1,37.8
2025,14,2,lev,153.0,Keon Coleman,WR,BUF,4000,18.6,3.6
2025,14,2,lev,153.0,Sterling Shepard,WR,TB,3600,17.7,1.5
2025,14,2,lev,153.0,Mason Taylor,TE,NYJ,3300,15.8,10.1
2025,14,2,lev,153.0,MIN DST,DST,MIN,3000,7.0,18.0
2025,14,2,lev,153.0,Dawson Knox,TE,BUF,2800,16.1,17.3
2025,14,3,lev,152.3,Jahmyr Gibbs,RB,DET,8600,23.7,37.0
2025,14,3,lev,152.3,Ja'Marr Chase,WR,CIN,8200,21.3,10.2
2025,14,3,lev,152.3,Josh Allen,QB,BUF,7700,25.1,37.8
2025,14,3,lev,152.3,Saquon Barkley,RB,PHI,6900,17.3,21.2
2025,14,3,lev,152.3,Jameson Williams,WR,DET,5800,17.7,17.3
2025,14,3,lev,152.3,Keon Coleman,WR,BUF,4000,18.6,3.6
2025,14,3,lev,152.3,Cade Otton,TE,TB,3600,19.5,4.9
2025,14,3,lev,152.3,Dawson Knox,TE,BUF,2800,16.1,17.3
2025,14,3,lev,152.3,NO DST,DST,NO,2300,5.8,3.0
2025,14,4,boom,138.9,Jahmyr Gibbs,RB,DET,8600,23.7,37.0
2025,14,4,boom,138.9,Davante Adams,WR,LA,7700,16.2,6.9
2025,14,4,boom,138.9,Bucky Irving,RB,TB,7000,15.9,16.1
2025,14,4,boom,138.9,Dak Prescott,QB,DAL,6300,23.6,23.4
2025,14,4,boom,138.9,Courtland Sutton,WR,DEN,5600,11.8,12.2
2025,14,4,boom,138.9,Travis Kelce,TE,KC,5400,13.0,1.8
2025,14,4,boom,138.9,Ryan Flournoy,WR,DAL,3300,12.0,29.5
2025,14,4,boom,138.9,KaVontae Turpin,WR,DAL,3100,11.0,5.0
2025,14,4,boom,138.9,TEN DST,DST,TEN,2900,9.1,7.0
2025,14,5,game,138.9,Jahmyr Gibbs,RB,DET,8600,23.7,37.0
2025,14,5,game,138.9,Ja'Marr Chase,WR,CIN,8200,21.3,10.2
2025,14,5,game,138.9,CeeDee Lamb,WR,DAL,7500,19.3,21.1
2025,14,5,game,138.9,Josh Jacobs,RB,GB,6800,16.2,17.2
2025,14,5,game,138.9,Jordan Love,QB,GB,5900,18.9,20.3
2025,14,5,game,138.9,Matthew Golden,WR,GB,3900,14.6,0.0
2025,14,5,game,138.9,MIA DST,DST,MIA,3300,8.8,16.0
2025,14,5,game,138.9,Colston Loveland,TE,CHI,3200,14.1,12.9
2025,14,5,game,138.9,Luke Musgrave,TE,GB,2600,11.1,4.2
2025,14,6,lev,137.0,Jahmyr Gibbs,RB,DET,8600,23.7,37.0
2025,14,6,lev,137.0,Bijan Robinson,RB,ATL,8500,20.6,10.4
2025,14,6,lev,137.0,Ja'Marr Chase,WR,CIN,8200,21.3,10.2
2025,14,6,lev,137.0,Josh Allen,QB,BUF,7700,25.1,37.8
2025,14,6,lev,137.0,Keon Coleman,WR,BUF,4000,18.6,3.6
2025,14,6,lev,137.0,TB DST,DST,TB,3600,9.0,5.0
2025,14,6,lev,137.0,Isaac TeSlaa,WR,DET,3400,15.5,10.0
2025,14,6,lev,137.0,AJ Barner,TE,SEA,3200,15.4,5.7
2025,14,6,lev,137.0,Dawson Knox,TE,BUF,2800,16.1,17.3
2025,14,7,boom,136.4,Jaxon Smith-Njigba,WR,SEA,9000,19.2,28.1
2025,14,7,boom,136.4,Puka Nacua,WR,LA,8700,19.6,38.7
2025,14,7,boom,136.4,Bijan Robinson,RB,ATL,8500,20.6,10.4
2025,14,7,boom,136.4,Kyren Williams,RB,LA,6600,14.0,17.7
2025,14,7,boom,136.4,Jacoby Brissett,QB,ARI,5700,18.7,20.0
2025,14,7,boom,136.4,Colby Parkinson,TE,LA,3100,16.1,12.2
2025,14,7,boom,136.4,Andre Baccellia,WR,ARI,3000,11.3,1.3
2025,14,7,boom,136.4,TEN DST,DST,TEN,2900,9.1,7.0
2025,14,7,boom,136.4,Elijah Higgins,TE,ARI,2500,13.0,1.0
2025,14,8,boom,135.9,Jahmyr Gibbs,RB,DET,8600,23.7,37.0
2025,14,8,boom,135.9,CeeDee Lamb,WR,DAL,7500,19.3,21.1
2025,14,8,boom,135.9,Chase Brown,RB,CIN,6700,15.7,18.5
2025,14,8,boom,135.9,Jameson Williams,WR,DET,5800,17.7,17.3
2025,14,8,boom,135.9,Jared Goff,QB,DET,5800,20.5,19.2
2025,14,8,boom,135.9,D.J. Moore,WR,CHI,4800,9.8,0.6
2025,14,8,boom,135.9,Dalton Schultz,TE,HOU,4000,16.9,5.2
2025,14,8,boom,135.9,Isaac TeSlaa,WR,DET,3400,15.5,10.0
2025,14,8,boom,135.9,TEN DST,DST,TEN,2900,9.1,7.0
2025,14,9,game,135.8,Jahmyr Gibbs,RB,DET,8600,23.7,37.0
2025,14,9,game,135.8,Ja'Marr Chase,WR,CIN,8200,21.3,10.2
2025,14,9,game,135.8,Derrick Henry,RB,BAL,7500,15.3,11.2
2025,14,9,game,135.8,Lamar Jackson,QB,BAL,6700,21.6,22.1
2025,14,9,game,135.8,Jameson Williams,WR,DET,5800,17.7,17.3
2025,14,9,game,135.8,SEA DST,DST,SEA,4000,9.8,19.0
2025,14,9,game,135.8,Rashod Bateman,WR,BAL,3500,14.9,4.3
2025,14,9,game,135.8,Isaiah Likely,TE,BAL,3100,13.1,12.5
2025,14,9,game,135.8,Darnell Washington,TE,PIT,2600,13.8,2.2
2025,14,10,boom,135.2,Jahmyr Gibbs,RB,DET,8600,23.7,37.0
2025,14,10,boom,135.2,Bijan Robinson,RB,ATL,8500,20.6,10.4
2025,14,10,boom,135.2,CeeDee Lamb,WR,DAL,7500,19.3,21.1
2025,14,10,boom,135.2,Dak Prescott,QB,DAL,6300,23.6,23.4
2025,14,10,boom,135.2,Zay Flowers,WR,BAL,6100,13.5,23.6
2025,14,10,boom,135.2,Jake Ferguson,TE,DAL,4900,11.4,11.8
2025,14,10,boom,135.2,Sterling Shepard,WR,TB,3600,17.7,1.5
2025,14,10,boom,135.2,John FitzPatrick,TE,GB,2500,9.3,3.4
2025,14,10,boom,135.2,LV DST,DST,LV,2000,5.5,3.0
2025,14,11,lev,134.4,Jahmyr Gibbs,RB,DET,8600,23.7,37.0
2025,14,11,lev,134.4,Ja'Marr Chase,WR,CIN,8200,21.3,10.2
2025,14,11,lev,134.4,Josh Allen,QB,BUF,7700,25.1,37.8
2025,14,11,lev,134.4,Bucky Irving,RB,TB,7000,15.9,16.1
2025,14,11,lev,134.4,Keon Coleman,WR,BUF,4000,18.6,3.6
2025,14,11,lev,134.4,LAR DST,DST,LAR,3800,10.2,6.0
2025,14,11,lev,134.4,Cade Otton,TE,TB,3600,19.5,4.9
2025,14,11,lev,134.4,Sterling Shepard,WR,TB,3600,17.7,1.5
2025,14,11,lev,134.4,Dawson Knox,TE,BUF,2800,16.1,17.3
2025,14,12,game,134.1,Jahmyr Gibbs,RB,DET,8600,23.7,37.0
2025,14,12,game,134.1,Bijan Robinson,RB,ATL,8500,20.6,10.4
2025,14,12,game,134.1,CeeDee Lamb,WR,DAL,7500,19.3,21.1
2025,14,12,game,134.1,Jameson Williams,WR,DET,5800,17.7,17.3
2025,14,12,game,134.1,Jared Goff,QB,DET,5800,20.5,19.2
2025,14,12,game,134.1,CLE DST,DST,CLE,3700,9.9,2.0
2025,14,12,game,134.1,Cade Otton,TE,TB,3600,19.5,4.9
2025,14,12,game,134.1,Isaac TeSlaa,WR,DET,3400,15.5,10.0
2025,14,12,game,134.1,Colby Parkinson,TE,LA,3100,16.1,12.2
2025,14,13,boom,130.2,Bijan Robinson,RB,ATL,8500,20.6,10.4
2025,14,13,boom,130.2,Josh Allen,QB,BUF,7700,25.1,37.8
2025,14,13,boom,130.2,Emeka Egbuka,WR,TB,6300,15.7,3.5
2025,14,13,boom,130.2,Tee Higgins,WR,CIN,6200,12.7,27.2
2025,14,13,boom,130.2,Ashton Jeanty,RB,LV,6100,14.5,5.8
2025,14,13,boom,130.2,Terry McLaurin,WR,WAS,5200,11.8,7.1
2025,14,13,boom,130.2,Dalton Kincaid,TE,BUF,4300,9.7,14.1
2025,14,13,boom,130.2,TEN DST,DST,TEN,2900,9.1,7.0
2025,14,13,boom,130.2,Dawson Knox,TE,BUF,2800,16.1,17.3
2025,14,14,boom,130.1,Jahmyr Gibbs,RB,DET,8600,23.7,37.0
2025,14,14,boom,130.1,Ja'Marr Chase,WR,CIN,8200,21.3,10.2
2025,14,14,boom,130.1,George Pickens,WR,DAL,7400,17.6,8.7
2025,14,14,boom,130.1,Dak Prescott,QB,DAL,6300,23.6,23.4
2025,14,14,boom,130.1,Brock Bowers,TE,LV,6000,14.5,14.6
2025,14,14,boom,130.1,Jerome Ford,RB,CLE,4000,11.2,3.0
2025,14,14,boom,130.1,MIA DST,DST,MIA,3300,8.8,16.0
2025,14,14,boom,130.1,Colby Parkinson,TE,LA,3100,16.1,12.2
2025,14,14,boom,130.1,KaVontae Turpin,WR,DAL,3100,11.0,5.0
2025,14,15,game,129.1,Jahmyr Gibbs,RB,DET,8600,23.7,37.0
2025,14,15,game,129.1,Bijan Robinson,RB,ATL,8500,20.6,10.4
2025,14,15,game,129.1,CeeDee Lamb,WR,DAL,7500,19.3,21.1
2025,14,15,game,129.1,Jameson Williams,WR,DET,5800,17.7,17.3
2025,14,15,game,129.1,Jared Goff,QB,DET,5800,20.5,19.2
2025,14,15,game,129.1,Cade Otton,TE,TB,3600,19.5,4.9
2025,14,15,game,129.1,BAL DST,DST,BAL,3500,9.2,0.0
2025,14,15,game,129.1,Isaac TeSlaa,WR,DET,3400,15.5,10.0
2025,14,15,game,129.1,T.J. Hockenson,TE,MIN,3300,16.0,9.2
2025,14,16,boom,128.7,Jahmyr Gibbs,RB,DET,8600,23.7,37.0
2025,14,16,boom,128.7,Ja'Marr Chase,WR,CIN,8200,21.3,10.2
2025,14,16,boom,128.7,CeeDee Lamb,WR,DAL,7500,19.3,21.1
2025,14,16,boom,128.7,Jared Goff,QB,DET,5800,20.5,19.2
2025,14,16,boom,128.7,Jameson Williams,WR,DET,5800,17.7,17.3
2025,14,16,boom,128.7,Woody Marks,RB,HOU,5600,10.5,15.6
2025,14,16,boom,128.7,Keon Coleman,WR,BUF,4000,18.6,3.6
2025,14,16,boom,128.7,Anthony Firkser,TE,DET,2500,8.7,1.7
2025,14,16,boom,128.7,LV DST,DST,LV,2000,5.5,3.0
2025,14,17,lev,126.7,Jahmyr Gibbs,RB,DET,8600,23.7,37.0
2025,14,17,lev,126.7,Bijan Robinson,RB,ATL,8500,20.6,10.4
2025,14,17,lev,126.7,Ja'Marr Chase,WR,CIN,8200,21.3,10.2
2025,14,17,lev,126.7,Josh Allen,QB,BUF,7700,25.1,37.8
2025,14,17,lev,126.7,Keon Coleman,WR,BUF,4000,18.6,3.6
2025,14,17,lev,126.7,Cade Otton,TE,TB,3600,19.5,4.9
2025,14,17,lev,126.7,Sterling Shepard,WR,TB,3600,17.7,1.5
2025,14,17,lev,126.7,KC DST,DST,KC,3000,8.6,4.0
2025,14,17,lev,126.7,Dawson Knox,TE,BUF,2800,16.1,17.3
2025,14,18,game,126.5,Jahmyr Gibbs,RB,DET,8600,23.7,37.0
2025,14,18,game,126.5,Bijan Robinson,RB,ATL,8500,20.6,10.4
2025,14,18,game,126.5,CeeDee Lamb,WR,DAL,7500,19.3,21.1
2025,14,18,game,126.5,Jameson Williams,WR,DET,5800,17.7,17.3
2025,14,18,game,126.5,Jared Goff,QB,DET,5800,20.5,19.2
2025,14,18,game,126.5,Keon Coleman,WR,BUF,4000,18.6,3.6
2025,14,18,game,126.5,Cade Otton,TE,TB,3600,19.5,4.9
2025,14,18,game,126.5,Isaac TeSlaa,WR,DET,3400,15.5,10.0
2025,14,18,game,126.5,WAS DST,DST,WAS,2800,7.2,3.0
2025,14,19,boom,125.0,De'Von Achane,RB,MIA,8800,20.4,17.5
2025,14,19,boom,125.0,CeeDee Lamb,WR,DAL,7500,19.3,21.1
2025,14,19,boom,125.0,Lamar Jackson,QB,BAL,6700,21.6,22.1
2025,14,19,boom,125.0,Tee Higgins,WR,CIN,6200,12.7,27.2
2025,14,19,boom,125.0,Zay Flowers,WR,BAL,6100,13.5,23.6
2025,14,19,boom,125.0,Emanuel Wilson,RB,GB,4800,6.2,1.0
2025,14,19,boom,125.0,LAR DST,DST,LAR,3800,10.2,6.0
2025,14,19,boom,125.0,Rashod Bateman,WR,BAL,3500,14.9,4.3
2025,14,19,boom,125.0,Darnell Washington,TE,PIT,2600,13.8,2.2
2025,14,20,boom,124.1,Jahmyr Gibbs,RB,DET,8600,23.7,37.0
2025,14,20,boom,124.1,CeeDee Lamb,WR,DAL,7500,19.3,21.1
2025,14,20,boom,124.1,Jaylen Waddle,WR,MIA,6800,14.0,18.1
2025,14,20,boom,124.1,Breece Hall,RB,NYJ,6500,15.4,4.3
2025,14,20,boom,124.1,Dak Prescott,QB,DAL,6300,23.6,23.4
2025,14,20,boom,124.1,Adonai Mitchell,WR,NYJ,4600,9.6,3.4
2025,14,20,boom,124.1,Juwan Johnson,TE,NO,4000,15.9,7.8
2025,14,20,boom,124.1,KaVontae Turpin,WR,DAL,3100,11.0,5.0
2025,14,20,boom,124.1,PIT DST,DST,PIT,2600,7.0,4.0
2025,14,21,boom,122.5,Bijan Robinson,RB,ATL,8500,20.6,10.4
2025,14,21,boom,122.5,Amon-Ra St. Brown,WR,DET,7800,19.0,15.2
2025,14,21,boom,122.5,Bucky Irving,RB,TB,7000,15.9,16.1
2025,14,21,boom,122.5,Emeka Egbuka,WR,TB,6300,15.7,3.5
2025,14,21,boom,122.5,Dak Prescott,QB,DAL,6300,23.6,23.4
2025,14,21,boom,122.5,Michael Wilson,WR,ARI,5600,14.0,40.2
2025,14,21,boom,122.5,KaVontae Turpin,WR,DAL,3100,11.0,5.0
2025,14,21,boom,122.5,TEN DST,DST,TEN,2900,9.1,7.0
2025,14,21,boom,122.5,Brevyn Spann-Ford,TE,DAL,2500,6.3,1.7
2025,14,22,boom,122.5,Bucky Irving,RB,TB,7000,15.9,16.1
2025,14,22,boom,122.5,Josh Jacobs,RB,GB,6800,16.2,17.2
2025,14,22,boom,122.5,Lamar Jackson,QB,BAL,6700,21.6,22.1
2025,14,22,boom,122.5,Emeka Egbuka,WR,TB,6300,15.7,3.5
2025,14,22,boom,122.5,Zay Flowers,WR,BAL,6100,13.5,23.6
2025,14,22,boom,122.5,DK Metcalf,WR,PIT,5400,11.8,24.8
2025,14,22,boom,122.5,LAR DST,DST,LAR,3800,10.2,6.0
2025,14,22,boom,122.5,Cade Otton,TE,TB,3600,19.5,4.9
2025,14,22,boom,122.5,Rashod Bateman,WR,BAL,3500,14.9,4.3
2025,14,23,lev,121.2,Jahmyr Gibbs,RB,DET,8600,23.7,37.0
2025,14,23,lev,121.2,Bijan Robinson,RB,ATL,8500,20.6,10.4
2025,14,23,lev,121.2,Ja'Marr Chase,WR,CIN,8200,21.3,10.2
2025,14,23,lev,121.2,Josh Allen,QB,BUF,7700,25.1,37.8
2025,14,23,lev,121.2,Keon Coleman,WR,BUF,4000,18.6,3.6
2025,14,23,lev,121.2,Cade Otton,TE,TB,3600,19.5,4.9
2025,14,23,lev,121.2,BAL DST,DST,BAL,3500,9.2,0.0
2025,14,23,lev,121.2,Isaac TeSlaa,WR,DET,3400,15.5,10.0
2025,14,23,lev,121.2,Jackson Hawes,TE,BUF,2500,12.3,7.3
2025,14,24,boom,114.7,Jahmyr Gibbs,RB,DET,8600,23.7,37.0
2025,14,24,boom,114.7,Amon-Ra St. Brown,WR,DET,7800,19.0,15.2
2025,14,24,boom,114.7,CeeDee Lamb,WR,DAL,7500,19.3,21.1
2025,14,24,boom,114.7,Dak Prescott,QB,DAL,6300,23.6,23.4
2025,14,24,boom,114.7,Jake Ferguson,TE,DAL,4900,11.4,11.8
2025,14,24,boom,114.7,D.J. Moore,WR,CHI,4800,9.8,0.6
2025,14,24,boom,114.7,Emanuel Wilson,RB,GB,4800,6.2,1.0
2025,14,24,boom,114.7,Xavier Smith,WR,LA,3100,11.4,1.6
2025,14,24,boom,114.7,LV DST,DST,LV,2000,5.5,3.0
2025,14,25,boom,110.8,Jahmyr Gibbs,RB,DET,8600,23.7,37.0
2025,14,25,boom,110.8,George Pickens,WR,DAL,7400,17.6,8.7
2025,14,25,boom,110.8,Emeka Egbuka,WR,TB,6300,15.7,3.5
2025,14,25,boom,110.8,Jared Goff,QB,DET,5800,20.5,19.2
2025,14,25,boom,110.8,Jameson Williams,WR,DET,5800,17.7,17.3
2025,14,25,boom,110.8,Emanuel Wilson,RB,GB,4800,6.2,1.0
2025,14,25,boom,110.8,Dalton Kincaid,TE,BUF,4300,9.7,14.1
2025,14,25,boom,110.8,BAL DST,DST,BAL,3500,9.2,0.0
2025,14,25,boom,110.8,Isaac TeSlaa,WR,DET,3400,15.5,10.0
2025,14,26,boom,110.4,Jahmyr Gibbs,RB,DET,8600,23.7,37.0
2025,14,26,boom,110.4,Amon-Ra St. Brown,WR,DET,7800,19.0,15.2
2025,14,26,boom,110.4,Patrick Mahomes,QB,KC,6800,22.5,9.3
2025,14,26,boom,110.4,Kenneth Walker III,RB,SEA,5600,12.9,3.8
2025,14,26,boom,110.4,DK Metcalf,WR,PIT,5400,11.8,24.8
2025,14,26,boom,110.4,Travis Kelce,TE,KC,5400,13.0,1.8
2025,14,26,boom,110.4,Xavier Worthy,WR,KC,4700,9.4,8.5
2025,14,26,boom,110.4,Xavier Hutchinson,WR,HOU,3000,13.5,0.0
2025,14,26,boom,110.4,JAX DST,DST,JAX,2700,7.6,10.0
2025,14,27,boom,109.2,Jahmyr Gibbs,RB,DET,8600,23.7,37.0
2025,14,27,boom,109.2,Justin Jefferson,WR,MIN,6900,14.8,3.1
2025,14,27,boom,109.2,Dak Prescott,QB,DAL,6300,23.6,23.4
2025,14,27,boom,109.2,Ashton Jeanty,RB,LV,6100,14.5,5.8
2025,14,27,boom,109.2,Jameson Williams,WR,DET,5800,17.7,17.3
2025,14,27,boom,109.2,Terry McLaurin,WR,WAS,5200,11.8,7.1
2025,14,27,boom,109.2,Jake Ferguson,TE,DAL,4900,11.4,11.8
2025,14,27,boom,109.2,CLE DST,DST,CLE,3700,9.9,2.0
2025,14,27,boom,109.2,Brevyn Spann-Ford,TE,DAL,2500,6.3,1.7
2025,14,28,boom,108.3,Jaxon Smith-Njigba,WR,SEA,9000,19.2,28.1
2025,14,28,boom,108.3,Justin Jefferson,WR,MIN,6900,14.8,3.1
2025,14,28,boom,108.3,Chase Brown,RB,CIN,6700,15.7,18.5
2025,14,28,boom,108.3,Emeka Egbuka,WR,TB,6300,15.7,3.5
2025,14,28,boom,108.3,Jameson Williams,WR,DET,5800,17.7,17.3
2025,14,28,boom,108.3,J.J. McCarthy,QB,MIN,4700,16.3,20.4
2025,14,28,boom,108.3,Jeremy McNichols,RB,WAS,4200,4.2,1.2
2025,14,28,boom,108.3,T.J. Hockenson,TE,MIN,3300,16.0,9.2
2025,14,28,boom,108.3,TEN DST,DST,TEN,2900,9.1,7.0
2025,14,29,lev,106.2,De'Von Achane,RB,MIA,8800,20.4,17.5
2025,14,29,lev,106.2,Bijan Robinson,RB,ATL,8500,20.6,10.4
2025,14,29,lev,106.2,Ja'Marr Chase,WR,CIN,8200,21.3,10.2
2025,14,29,lev,106.2,Josh Allen,QB,BUF,7700,25.1,37.8
2025,14,29,lev,106.2,Keon Coleman,WR,BUF,4000,18.6,3.6
2025,14,29,lev,106.2,Cade Otton,TE,TB,3600,19.5,4.9
2025,14,29,lev,106.2,Sterling Shepard,WR,TB,3600,17.7,1.5
2025,14,29,lev,106.2,WAS DST,DST,WAS,2800,7.2,3.0
2025,14,29,lev,106.2,Dawson Knox,TE,BUF,2800,16.1,17.3
2025,14,30,boom,106.2,De'Von Achane,RB,MIA,8800,20.4,17.5
2025,14,30,boom,106.2,Jahmyr Gibbs,RB,DET,8600,23.7,37.0
2025,14,30,boom,106.2,Amon-Ra St. Brown,WR,DET,7800,19.0,15.2
2025,14,30,boom,106.2,Emeka Egbuka,WR,TB,6300,15.7,3.5
2025,14,30,boom,106.2,Baker Mayfield,QB,TB,5800,19.0,12.1
2025,14,30,boom,106.2,Juwan Johnson,TE,NO,4000,15.9,7.8
2025,14,30,boom,106.2,Mason Taylor,TE,NYJ,3300,15.8,10.1
2025,14,30,boom,106.2,Kameron Johnson,WR,TB,3000,9.1,0.0
2025,14,30,boom,106.2,NO DST,DST,NO,2300,5.8,3.0
2025,14,31,boom,99.6,Bijan Robinson,RB,ATL,8500,20.6,10.4
2025,14,31,boom,99.6,Ja'Marr Chase,WR,CIN,8200,21.3,10.2
2025,14,31,boom,99.6,Lamar Jackson,QB,BAL,6700,21.6,22.1
2025,14,31,boom,99.6,Zay Flowers,WR,BAL,6100,13.5,23.6
2025,14,31,boom,99.6,Jaylen Warren,RB,PIT,6000,10.8,15.2
2025,14,31,boom,99.6,LAR DST,DST,LAR,3800,10.2,6.0
2025,14,31,boom,99.6,Cade Otton,TE,TB,3600,19.5,4.9
2025,14,31,boom,99.6,Pat Bryant,WR,DEN,3400,14.9,7.2
2025,14,31,boom,99.6,DeAndre Hopkins,WR,BAL,3200,11.3,0.0
2025,14,32,boom,97.8,CeeDee Lamb,WR,DAL,7500,19.3,21.1
2025,14,32,boom,97.8,Chase Brown,RB,CIN,6700,15.7,18.5
2025,14,32,boom,97.8,Breece Hall,RB,NYJ,6500,15.4,4.3
2025,14,32,boom,97.8,Bo Nix,QB,DEN,6100,20.1,16.0
2025,14,32,boom,97.8,Brock Bowers,TE,LV,6000,14.5,14.6
2025,14,32,boom,97.8,Courtland Sutton,WR,DEN,5600,11.8,12.2
2025,14,32,boom,97.8,Troy Franklin,WR,DEN,5500,10.8,4.1
2025,14,32,boom,97.8,DeAndre Hopkins,WR,BAL,3200,11.3,0.0
2025,14,32,boom,97.8,TEN DST,DST,TEN,2900,9.1,7.0
2025,14,33,boom,97.7,Justin Jefferson,WR,MIN,6900,14.8,3.1
2025,14,33,boom,97.7,Chase Brown,RB,CIN,6700,15.7,18.5
2025,14,33,boom,97.7,Ashton Jeanty,RB,LV,6100,14.5,5.8
2025,14,33,boom,97.7,Travis Kelce,TE,KC,5400,13.0,1.8
2025,14,33,boom,97.7,DK Metcalf,WR,PIT,5400,11.8,24.8
2025,14,33,boom,97.7,Terry McLaurin,WR,WAS,5200,11.8,7.1
2025,14,33,boom,97.7,Jordan Addison,WR,MIN,4900,9.6,10.2
2025,14,33,boom,97.7,J.J. McCarthy,QB,MIN,4700,16.3,20.4
2025,14,33,boom,97.7,LAR DST,DST,LAR,3800,10.2,6.0
2025,14,34,lev,97.7,Jahmyr Gibbs,RB,DET,8600,23.7,37.0
2025,14,34,lev,97.7,Bijan Robinson,RB,ATL,8500,20.6,10.4
2025,14,34,lev,97.7,Ja'Marr Chase,WR,CIN,8200,21.3,10.2
2025,14,34,lev,97.7,Baker Mayfield,QB,TB,5800,19.0,12.1
2025,14,34,lev,97.7,Keon Coleman,WR,BUF,4000,18.6,3.6
2025,14,34,lev,97.7,DEN DST,DST,DEN,3900,9.0,11.0
2025,14,34,lev,97.7,Devaughn Vele,WR,NO,3700,15.2,7.0
2025,14,34,lev,97.7,Sterling Shepard,WR,TB,3600,17.7,1.5
2025,14,34,lev,97.7,Cade Otton,TE,TB,3600,19.5,4.9
2025,14,35,boom,89.2,Rashee Rice,WR,KC,7900,16.8,7.4
2025,14,35,boom,89.2,CeeDee Lamb,WR,DAL,7500,19.3,21.1
2025,14,35,boom,89.2,Patrick Mahomes,QB,KC,6800,22.5,9.3
2025,14,35,boom,89.2,Breece Hall,RB,NYJ,6500,15.4,4.3
2025,14,35,boom,89.2,Brian Thomas Jr.,WR,JAX,5900,10.0,11.7
2025,14,35,boom,89.2,Woody Marks,RB,HOU,5600,10.5,15.6
2025,14,35,boom,89.2,Xavier Worthy,WR,KC,4700,9.4,8.5
2025,14,35,boom,89.2,PIT DST,DST,PIT,2600,7.0,4.0
2025,14,35,boom,89.2,Jackson Hawes,TE,BUF,2500,12.3,7.3
2025,14,36,boom,88.2,Amon-Ra St. Brown,WR,DET,7800,19.0,15.2
2025,14,36,boom,88.2,Bucky Irving,RB,TB,7000,15.9,16.1
2025,14,36,boom,88.2,Bo Nix,QB,DEN,6100,20.1,16.0
2025,14,36,boom,88.2,Ashton Jeanty,RB,LV,6100,14.5,5.8
2025,14,36,boom,88.2,Courtland Sutton,WR,DEN,5600,11.8,12.2
2025,14,36,boom,88.2,Troy Franklin,WR,DEN,5500,10.8,4.1
2025,14,36,boom,88.2,Keon Coleman,WR,BUF,4000,18.6,3.6
2025,14,36,boom,88.2,LAR DST,DST,LAR,3800,10.2,6.0
2025,14,36,boom,88.2,T.J. Hockenson,TE,MIN,3300,16.0,9.2
2025,14,37,boom,85.3,Derrick Henry,RB,BAL,7500,15.3,11.2
2025,14,37,boom,85.3,George Pickens,WR,DAL,7400,17.6,8.7
2025,14,37,boom,85.3,Dak Prescott,QB,DAL,6300,23.6,23.4
2025,14,37,boom,85.3,Jameson Williams,WR,DET,5800,17.7,17.3
2025,14,37,boom,85.3,Keenan Allen,WR,LAC,5000,9.7,5.2
2025,14,37,boom,85.3,Jake Ferguson,TE,DAL,4900,11.4,11.8
2025,14,37,boom,85.3,D.J. Moore,WR,CHI,4800,9.8,0.6
2025,14,37,boom,85.3,Michael Carter,RB,ARI,4400,8.7,5.1
2025,14,37,boom,85.3,CLE DST,DST,CLE,3700,9.9,2.0
2025,14,38,boom,82.7,A.J. Brown,WR,PHI,6600,14.9,19.0
2025,14,38,boom,82.7,Jalen Hurts,QB,PHI,6600,18.4,6.4
2025,14,38,boom,82.7,Breece Hall,RB,NYJ,6500,15.4,4.3
2025,14,38,boom,82.7,Emeka Egbuka,WR,TB,6300,15.7,3.5
2025,14,38,boom,82.7,DeVonta Smith,WR,PHI,5900,13.4,7.7
2025,14,38,boom,82.7,Kimani Vidal,RB,LAC,5800,13.4,11.4
2025,14,38,boom,82.7,Terry McLaurin,WR,WAS,5200,11.8,7.1
2025,14,38,boom,82.7,LAR DST,DST,LAR,3800,10.2,6.0
2025,14,38,boom,82.7,Dawson Knox,TE,BUF,2800,16.1,17.3
2025,14,39,boom,82.1,Bijan Robinson,RB,ATL,8500,20.6,10.4
2025,14,39,boom,82.1,Bucky Irving,RB,TB,7000,15.9,16.1
2025,14,39,boom,82.1,Patrick Mahomes,QB,KC,6800,22.5,9.3
2025,14,39,boom,82.1,Chase Brown,RB,CIN,6700,15.7,18.5
2025,14,39,boom,82.1,Travis Kelce,TE,KC,5400,13.0,1.8
2025,14,39,boom,82.1,Xavier Worthy,WR,KC,4700,9.4,8.5
2025,14,39,boom,82.1,Cooper Kupp,WR,SEA,4100,8.0,11.5
2025,14,39,boom,82.1,LAR DST,DST,LAR,3800,10.2,6.0
2025,14,39,boom,82.1,Xavier Hutchinson,WR,HOU,3000,13.5,0.0
2025,14,40,boom,80.2,Rashee Rice,WR,KC,7900,16.8,7.4
2025,14,40,boom,80.2,Bucky Irving,RB,TB,7000,15.9,16.1
2025,14,40,boom,80.2,Patrick Mahomes,QB,KC,6800,22.5,9.3
2025,14,40,boom,80.2,Javonte Williams,RB,DAL,6500,14.1,14.7
2025,14,40,boom,80.2,Brock Bowers,TE,LV,6000,14.5,14.6
2025,14,40,boom,80.2,Travis Kelce,TE,KC,5400,13.0,1.8
2025,14,40,boom,80.2,Jayden Reed,WR,GB,4200,7.4,9.3
2025,14,40,boom,80.2,Xavier Hutchinson,WR,HOU,3000,13.5,0.0
2025,14,40,boom,80.2,TEN DST,DST,TEN,2900,9.1,7.0
2025,15,1,boom,170.1,Jahmyr Gibbs,RB,DET,8800,21.8,9.8
2025,15,1,boom,170.1,Amon-Ra St. Brown,WR,DET,7900,19.2,44.4
2025,15,1,boom,170.1,Matthew Stafford,QB,LA,7000,22.1,24.9
2025,15,1,boom,170.1,Josh Jacobs,RB,GB,6900,13.5,23.2
2025,15,1,boom,170.1,Jameson Williams,WR,DET,6100,14.6,29.4
2025,15,1,boom,170.1,Parker Washington,WR,JAX,4700,8.5,8.3
2025,15,1,boom,170.1,Colby Parkinson,TE,LA,3200,16.0,24.5
2025,15,1,boom,170.1,GB DST,DST,GB,2800,7.4,1.0
2025,15,1,boom,170.1,Davis Allen,TE,LA,2500,12.3,4.6
2025,15,2,lev,167.2,Christian McCaffrey,RB,SF,9000,23.4,15.7
2025,15,2,lev,167.2,Jahmyr Gibbs,RB,DET,8800,21.8,9.8
2025,15,2,lev,167.2,Amon-Ra St. Brown,WR,DET,7900,19.2,44.4
2025,15,2,lev,167.2,Matthew Stafford,QB,LA,7000,22.1,24.9
2025,15,2,lev,167.2,Jalen Coker,WR,CAR,3900,18.1,15.0
2025,15,2,lev,167.2,Dallas Goedert,TE,PHI,3800,19.6,25.0
2025,15,2,lev,167.2,Tutu Atwell,WR,LA,3300,13.7,1.9
2025,15,2,lev,167.2,Colby Parkinson,TE,LA,3200,16.0,24.5
2025,15,2,lev,167.2,CAR DST,DST,CAR,3100,8.5,6.0
2025,15,3,boom,164.6,Bijan Robinson,RB,ATL,8200,18.5,30.5
2025,15,3,boom,164.6,Davante Adams,WR,LA,7200,17.0,11.1
2025,15,3,boom,164.6,Matthew Stafford,QB,LA,7000,22.1,24.9
2025,15,3,boom,164.6,Chris Olave,WR,NO,6200,14.8,20.5
2025,15,3,boom,164.6,Jameson Williams,WR,DET,6100,14.6,29.4
2025,15,3,boom,164.6,RJ Harvey,RB,DEN,6000,12.7,11.5
2025,15,3,boom,164.6,Theo Johnson,TE,NYG,3500,18.0,10.2
2025,15,3,boom,164.6,Colby Parkinson,TE,LA,3200,16.0,24.5
2025,15,3,boom,164.6,MIA DST,DST,MIA,2600,7.0,2.0
2025,15,4,boom,148.7,George Pickens,WR,DAL,7300,16.9,6.3
2025,15,4,boom,148.7,Saquon Barkley,RB,PHI,7100,16.1,17.2
2025,15,4,boom,148.7,Brock Purdy,QB,SF,6200,19.5,27.2
2025,15,4,boom,148.7,Jameson Williams,WR,DET,6100,14.6,29.4
2025,15,4,boom,148.7,George Kittle,TE,SF,5400,14.4,22.8
2025,15,4,boom,148.7,Tony Pollard,RB,TEN,5200,9.7,21.2
2025,15,4,boom,148.7,Jauan Jennings,WR,SF,5200,12.4,18.7
2025,15,4,boom,148.7,SEA DST,DST,SEA,3700,11.6,4.0
2025,15,4,boom,148.7,Tutu Atwell,WR,LA,3300,13.7,1.9
2025,15,5,boom,141.1,Christian McCaffrey,RB,SF,9000,23.4,15.7
2025,15,5,boom,141.1,Davante Adams,WR,LA,7200,17.0,11.1
2025,15,5,boom,141.1,Matthew Stafford,QB,LA,7000,22.1,24.9
2025,15,5,boom,141.1,Jameson Williams,WR,DET,6100,14.6,29.4
2025,15,5,boom,141.1,Kyle Monangai,RB,CHI,5200,9.3,3.3
2025,15,5,boom,141.1,Alec Pierce,WR,IND,4900,7.8,2.6
2025,15,5,boom,141.1,SEA DST,DST,SEA,3700,11.6,4.0
2025,15,5,boom,141.1,Darren Waller,TE,MIA,3500,13.9,25.6
2025,15,5,boom,141.1,Colby Parkinson,TE,LA,3200,16.0,24.5
2025,15,6,boom,139.0,Christian McCaffrey,RB,SF,9000,23.4,15.7
2025,15,6,boom,139.0,Josh Jacobs,RB,GB,6900,13.5,23.2
2025,15,6,boom,139.0,Zay Flowers,WR,BAL,6300,15.3,15.8
2025,15,6,boom,139.0,Wan'Dale Robinson,WR,NYG,5900,14.9,16.4
2025,15,6,boom,139.0,Jaxson Dart,QB,NYG,5600,18.7,23.1
2025,15,6,boom,139.0,Terry McLaurin,WR,WAS,5400,11.7,15.9
2025,15,6,boom,139.0,Jauan Jennings,WR,SF,5200,12.4,18.7
2025,15,6,boom,139.0,Theo Johnson,TE,NYG,3500,18.0,10.2
2025,15,6,boom,139.0,LV DST,DST,LV,2000,5.1,0.0
2025,15,7,boom,138.6,Chase Brown,RB,CIN,6700,14.6,16.0
2025,15,7,boom,138.6,Michael Wilson,WR,ARI,6600,13.8,16.4
2025,15,7,boom,138.6,Lamar Jackson,QB,BAL,6400,21.5,15.6
2025,15,7,boom,138.6,Zay Flowers,WR,BAL,6300,15.3,15.8
2025,15,7,boom,138.6,TreVeyon Henderson,RB,NE,6100,12.1,33.1
2025,15,7,boom,138.6,Wan'Dale Robinson,WR,NYG,5900,14.9,16.4
2025,15,7,boom,138.6,DK Metcalf,WR,PIT,5700,16.2,14.5
2025,15,7,boom,138.6,Mark Andrews,TE,BAL,3900,17.7,3.8
2025,15,7,boom,138.6,CIN DST,DST,CIN,2400,5.5,7.0
2025,15,8,lev,136.4,Christian McCaffrey,RB,SF,9000,23.4,15.7
2025,15,8,lev,136.4,Jahmyr Gibbs,RB,DET,8800,21.8,9.8
2025,15,8,lev,136.4,Puka Nacua,WR,LA,8700,21.2,30.9
2025,15,8,lev,136.4,Matthew Stafford,QB,LA,7000,22.1,24.9
2025,15,8,lev,136.4,Jalen Coker,WR,CAR,3900,18.1,15.0
2025,15,8,lev,136.4,Theo Johnson,TE,NYG,3500,18.0,10.2
2025,15,8,lev,136.4,Isaiah Hodgins,WR,NYG,3400,15.3,1.4
2025,15,8,lev,136.4,Colby Parkinson,TE,LA,3200,16.0,24.5
2025,15,8,lev,136.4,NO DST,DST,NO,2500,6.8,4.0
2025,15,9,lev,136.4,Christian McCaffrey,RB,SF,9000,23.4,15.7
2025,15,9,lev,136.4,Jahmyr Gibbs,RB,DET,8800,21.8,9.8
2025,15,9,lev,136.4,Puka Nacua,WR,LA,8700,21.2,30.9
2025,15,9,lev,136.4,Matthew Stafford,QB,LA,7000,22.1,24.9
2025,15,9,lev,136.4,Jalen Coker,WR,CAR,3900,18.1,15.0
2025,15,9,lev,136.4,Xavier Legette,WR,CAR,3700,15.3,5.9
2025,15,9,lev,136.4,AJ Barner,TE,SEA,3200,16.5,5.7
2025,15,9,lev,136.4,Colby Parkinson,TE,LA,3200,16.0,24.5
2025,15,9,lev,136.4,NO DST,DST,NO,2500,6.8,4.0
2025,15,10,boom,134.1,Jahmyr Gibbs,RB,DET,8800,21.8,9.8
2025,15,10,boom,134.1,Derrick Henry,RB,BAL,7300,16.1,13.0
2025,15,10,boom,134.1,Matthew Stafford,QB,LA,7000,22.1,24.9
2025,15,10,boom,134.1,Jameson Williams,WR,DET,6100,14.6,29.4
2025,15,10,boom,134.1,DK Metcalf,WR,PIT,5700,16.2,14.5
2025,15,10,boom,134.1,Rashid Shaheed,WR,SEA,4600,7.7,12.1
2025,15,10,boom,134.1,SEA DST,DST,SEA,3700,11.6,4.0
2025,15,10,boom,134.1,Tutu Atwell,WR,LA,3300,13.7,1.9
2025,15,10,boom,134.1,Colby Parkinson,TE,LA,3200,16.0,24.5
2025,15,11,boom,132.3,Puka Nacua,WR,LA,8700,21.2,30.9
2025,15,11,boom,132.3,Davante Adams,WR,LA,7200,17.0,11.1
2025,15,11,boom,132.3,Matthew Stafford,QB,LA,7000,22.1,24.9
2025,15,11,boom,132.3,Jameson Williams,WR,DET,6100,14.6,29.4
2025,15,11,boom,132.3,Omarion Hampton,RB,LAC,5900,10.9,7.5
2025,15,11,boom,132.3,Blake Corum,RB,LA,4800,7.1,13.1
2025,15,11,boom,132.3,Jayden Higgins,WR,HOU,4200,8.6,1.4
2025,15,11,boom,132.3,Juwan Johnson,TE,NO,3700,18.3,7.0
2025,15,11,boom,132.3,CIN DST,DST,CIN,2400,5.5,7.0
2025,15,12,lev,131.9,Christian McCaffrey,RB,SF,9000,23.4,15.7
2025,15,12,lev,131.9,Jahmyr Gibbs,RB,DET,8800,21.8,9.8
2025,15,12,lev,131.9,Davante Adams,WR,LA,7200,17.0,11.1
2025,15,12,lev,131.9,Matthew Stafford,QB,LA,7000,22.1,24.9
2025,15,12,lev,131.9,Jalen Coker,WR,CAR,3900,18.1,15.0
2025,15,12,lev,131.9,Juwan Johnson,TE,NO,3700,18.3,7.0
2025,15,12,lev,131.9,Xavier Legette,WR,CAR,3700,15.3,5.9
2025,15,12,lev,131.9,CHI DST,DST,CHI,3500,9.8,18.0
2025,15,12,lev,131.9,Colby Parkinson,TE,LA,3200,16.0,24.5
2025,15,13,boom,131.8,Christian McCaffrey,RB,SF,9000,23.4,15.7
2025,15,13,boom,131.8,Emeka Egbuka,WR,TB,6200,12.8,10.4
2025,15,13,boom,131.8,Wan'Dale Robinson,WR,NYG,5900,14.9,16.4
2025,15,13,boom,131.8,Trevor Lawrence,QB,JAX,5700,18.2,47.3
2025,15,13,boom,131.8,Jakobi Meyers,WR,JAX,5600,12.5,12.1
2025,15,13,boom,131.8,Kenneth Walker III,RB,SEA,5600,13.6,2.9
2025,15,13,boom,131.8,Adonai Mitchell,WR,NYJ,4400,8.6,17.4
2025,15,13,boom,131.8,Brenton Strange,TE,JAX,4200,9.1,3.6
2025,15,13,boom,131.8,CAR DST,DST,CAR,3100,8.5,6.0
2025,15,14,lev,131.6,Christian McCaffrey,RB,SF,9000,23.4,15.7
2025,15,14,lev,131.6,Jahmyr Gibbs,RB,DET,8800,21.8,9.8
2025,15,14,lev,131.6,Davante Adams,WR,LA,7200,17.0,11.1
2025,15,14,lev,131.6,Matthew Stafford,QB,LA,7000,22.1,24.9
2025,15,14,lev,131.6,Jalen Coker,WR,CAR,3900,18.1,15.0
2025,15,14,lev,131.6,Dallas Goedert,TE,PHI,3800,19.6,25.0
2025,15,14,lev,131.6,CHI DST,DST,CHI,3500,9.8,18.0
2025,15,14,lev,131.6,Theo Johnson,TE,NYG,3500,18.0,10.2
2025,15,14,lev,131.6,Tutu Atwell,WR,LA,3300,13.7,1.9
2025,15,15,game,130.7,Christian McCaffrey,RB,SF,9000,23.4,15.7
2025,15,15,game,130.7,Puka Nacua,WR,LA,8700,21.2,30.9
2025,15,15,game,130.7,Jaylen Warren,RB,PIT,6000,15.4,7.8
2025,15,15,game,130.7,DK Metcalf,WR,PIT,5700,16.2,14.5
2025,15,15,game,130.7,Tua Tagovailoa,QB,MIA,5000,15.4,17.2
2025,15,15,game,130.7,Malik Washington,WR,MIA,3900,14.8,2.0
2025,15,15,game,130.7,JAX DST,DST,JAX,3900,11.5,10.0
2025,15,15,game,130.7,Juwan Johnson,TE,NO,3700,18.3,7.0
2025,15,15,game,130.7,Darren Waller,TE,MIA,3500,13.9,25.6
2025,15,16,boom,130.6,Amon-Ra St. Brown,WR,DET,7900,19.2,44.4
2025,15,16,boom,130.6,Matthew Stafford,QB,LA,7000,22.1,24.9
2025,15,16,boom,130.6,Kyren Williams,RB,LA,6800,13.6,21.8
2025,15,16,boom,130.6,A.J. Brown,WR,PHI,6800,15.5,12.1
2025,15,16,boom,130.6,Jaylen Warren,RB,PIT,6000,15.4,7.8
2025,15,16,boom,130.6,Jakobi Meyers,WR,JAX,5600,12.5,12.1
2025,15,16,boom,130.6,SEA DST,DST,SEA,3700,11.6,4.0
2025,15,16,boom,130.6,Tutu Atwell,WR,LA,3300,13.7,1.9
2025,15,16,boom,130.6,Terrance Ferguson,TE,LA,2500,10.8,1.6
2025,15,17,game,130.4,Christian McCaffrey,RB,SF,9000,23.4,15.7
2025,15,17,game,130.4,Puka Nacua,WR,LA,8700,21.2,30.9
2025,15,17,game,130.4,Josh Jacobs,RB,GB,6900,13.5,23.2
2025,15,17,game,130.4,Christian Watson,WR,GB,5500,11.9,5.9
2025,15,17,game,130.4,Jordan Love,QB,GB,5400,16.6,15.9
2025,15,17,game,130.4,JAX DST,DST,JAX,3900,11.5,10.0
2025,15,17,game,130.4,Dallas Goedert,TE,PHI,3800,19.6,25.0
2025,15,17,game,130.4,Dontayvion Wicks,WR,GB,3700,14.8,1.6
2025,15,17,game,130.4,Evan Engram,TE,DEN,3100,11.9,2.2
2025,15,18,lev,130.0,Christian McCaffrey,RB,SF,9000,23.4,15.7
2025,15,18,lev,130.0,Jahmyr Gibbs,RB,DET,8800,21.8,9.8
2025,15,18,lev,130.0,Ja'Marr Chase,WR,CIN,8100,20.5,26.2
2025,15,18,lev,130.0,Bryce Young,QB,CAR,5100,15.6,15.4
2025,15,18,lev,130.0,Jalen Coker,WR,CAR,3900,18.1,15.0
2025,15,18,lev,130.0,JAX DST,DST,JAX,3900,11.5,10.0
2025,15,18,lev,130.0,Dallas Goedert,TE,PHI,3800,19.6,25.0
2025,15,18,lev,130.0,Juwan Johnson,TE,NO,3700,18.3,7.0
2025,15,18,lev,130.0,Xavier Legette,WR,CAR,3700,15.3,5.9
2025,15,19,boom,127.8,Ja'Marr Chase,WR,CIN,8100,20.5,26.2
2025,15,19,boom,127.8,A.J. Brown,WR,PHI,6800,15.5,12.1
2025,15,19,boom,127.8,Jalen Hurts,QB,PHI,6800,21.6,22.9
2025,15,19,boom,127.8,Ashton Jeanty,RB,LV,5800,14.1,8.2
2025,15,19,boom,127.8,DeVonta Smith,WR,PHI,5800,13.5,7.0
2025,15,19,boom,127.8,D'Andre Swift,RB,CHI,5700,12.4,22.6
2025,15,19,boom,127.8,Jauan Jennings,WR,SF,5200,12.4,18.7
2025,15,19,boom,127.8,Colston Loveland,TE,CHI,3600,17.2,10.1
2025,15,19,boom,127.8,LV DST,DST,LV,2000,5.1,0.0
2025,15,20,boom,126.2,Christian McCaffrey,RB,SF,9000,23.4,15.7
2025,15,20,boom,126.2,Kyren Williams,RB,LA,6800,13.6,21.8
2025,15,20,boom,126.2,Justin Jefferson,WR,MIN,6300,14.1,4.2
2025,15,20,boom,126.2,Emeka Egbuka,WR,TB,6200,12.8,10.4
2025,15,20,boom,126.2,Jameson Williams,WR,DET,6100,14.6,29.4
2025,15,20,boom,126.2,J.J. McCarthy,QB,MIN,4900,16.1,24.5
2025,15,20,boom,126.2,Jake Ferguson,TE,DAL,4600,11.3,3.6
2025,15,20,boom,126.2,CAR DST,DST,CAR,3100,8.5,6.0
2025,15,20,boom,126.2,T.J. Hockenson,TE,MIN,3000,15.4,10.6
2025,15,21,lev,122.8,Christian McCaffrey,RB,SF,9000,23.4,15.7
2025,15,21,lev,122.8,Jahmyr Gibbs,RB,DET,8800,21.8,9.8
2025,15,21,lev,122.8,Puka Nacua,WR,LA,8700,21.2,30.9
2025,15,21,lev,122.8,Matthew Stafford,QB,LA,7000,22.1,24.9
2025,15,21,lev,122.8,Dallas Goedert,TE,PHI,3800,19.6,25.0
2025,15,21,lev,122.8,Juwan Johnson,TE,NO,3700,18.3,7.0
2025,15,21,lev,122.8,Tutu Atwell,WR,LA,3300,13.7,1.9
2025,15,21,lev,122.8,Xavier Hutchinson,WR,HOU,3000,14.4,2.6
2025,15,21,lev,122.8,NYG DST,DST,NYG,2700,7.0,5.0
2025,15,22,boom,121.3,Amon-Ra St. Brown,WR,DET,7900,19.2,44.4
2025,15,22,boom,121.3,Rashee Rice,WR,KC,7700,17.5,12.1
2025,15,22,boom,121.3,Patrick Mahomes,QB,KC,6500,20.6,14.1
2025,15,22,boom,121.3,Jaylen Warren,RB,PIT,6000,15.4,7.8
2025,15,22,boom,121.3,Omarion Hampton,RB,LAC,5900,10.9,7.5
2025,15,22,boom,121.3,DK Metcalf,WR,PIT,5700,16.2,14.5
2025,15,22,boom,121.3,SEA DST,DST,SEA,3700,11.6,4.0
2025,15,22,boom,121.3,Theo Johnson,TE,NYG,3500,18.0,10.2
2025,15,22,boom,121.3,Tyquan Thornton,WR,KC,3000,10.7,6.7
2025,15,23,game,120.7,Christian McCaffrey,RB,SF,9000,23.4,15.7
2025,15,23,game,120.7,Jahmyr Gibbs,RB,DET,8800,21.8,9.8
2025,15,23,game,120.7,CeeDee Lamb,WR,DAL,7600,17.0,20.1
2025,15,23,game,120.7,Dak Prescott,QB,DAL,6900,22.6,12.0
2025,15,23,game,120.7,SF DST,DST,SF,4000,8.8,0.0
2025,15,23,game,120.7,Dallas Goedert,TE,PHI,3800,19.6,25.0
2025,15,23,game,120.7,Ryan Flournoy,WR,DAL,3800,13.4,8.0
2025,15,23,game,120.7,Jalen Nailor,WR,MIN,3100,12.8,19.5
2025,15,23,game,120.7,T.J. Hockenson,TE,MIN,3000,15.4,10.6
2025,15,24,boom,120.3,Christian McCaffrey,RB,SF,9000,23.4,15.7
2025,15,24,boom,120.3,Jaxon Smith-Njigba,WR,SEA,8600,19.3,21.3
2025,15,24,boom,120.3,Bijan Robinson,RB,ATL,8200,18.5,30.5
2025,15,24,boom,120.3,A.J. Brown,WR,PHI,6800,15.5,12.1
2025,15,24,boom,120.3,Caleb Williams,QB,CHI,5300,18.5,19.0
2025,15,24,boom,120.3,Olamide Zaccheaus,WR,CHI,3300,14.3,0.0
2025,15,24,boom,120.3,CAR DST,DST,CAR,3100,8.5,6.0
2025,15,24,boom,120.3,Isaiah Bond,WR,CLE,3000,10.9,10.9
2025,15,24,boom,120.3,Cole Kmet,TE,CHI,2600,11.4,4.8
2025,15,25,boom,116.2,Jaxon Smith-Njigba,WR,SEA,8600,19.3,21.3
2025,15,25,boom,116.2,Davante Adams,WR,LA,7200,17.0,11.1
2025,15,25,boom,116.2,Matthew Stafford,QB,LA,7000,22.1,24.9
2025,15,25,boom,116.2,Jameson Williams,WR,DET,6100,14.6,29.4
2025,15,25,boom,116.2,Kenneth Walker III,RB,SEA,5600,13.6,2.9
2025,15,25,boom,116.2,Rhamondre Stevenson,RB,NE,5100,9.7,10.7
2025,15,25,boom,116.2,Parker Washington,WR,JAX,4700,8.5,8.3
2025,15,25,boom,116.2,CAR DST,DST,CAR,3100,8.5,6.0
2025,15,25,boom,116.2,Terrance Ferguson,TE,LA,2500,10.8,1.6
2025,15,26,boom,114.6,Chase Brown,RB,CIN,6700,14.6,16.0
2025,15,26,boom,114.6,Michael Wilson,WR,ARI,6600,13.8,16.4
2025,15,26,boom,114.6,Lamar Jackson,QB,BAL,6400,21.5,15.6
2025,15,26,boom,114.6,Zay Flowers,WR,BAL,6300,15.3,15.8
2025,15,26,boom,114.6,DeVonta Smith,WR,PHI,5800,13.5,7.0
2025,15,26,boom,114.6,George Kittle,TE,SF,5400,14.4,22.8
2025,15,26,boom,114.6,Devin Neal,RB,NO,5300,12.9,10.2
2025,15,26,boom,114.6,Mark Andrews,TE,BAL,3900,17.7,3.8
2025,15,26,boom,114.6,HOU DST,DST,HOU,3600,10.2,7.0
2025,15,27,boom,114.5,Amon-Ra St. Brown,WR,DET,7900,19.2,44.4
2025,15,27,boom,114.5,Ladd McConkey,WR,LAC,6400,11.5,4.0
2025,15,27,boom,114.5,Justin Herbert,QB,LAC,6300,17.8,11.4
2025,15,27,boom,114.5,Jameson Williams,WR,DET,6100,14.6,29.4
2025,15,27,boom,114.5,Kenneth Walker III,RB,SEA,5600,13.6,2.9
2025,15,27,boom,114.5,Kareem Hunt,RB,KC,5400,10.9,3.0
2025,15,27,boom,114.5,Keenan Allen,WR,LAC,4800,4.8,8.6
2025,15,27,boom,114.5,Mark Andrews,TE,BAL,3900,17.7,3.8
2025,15,27,boom,114.5,HOU DST,DST,HOU,3600,10.2,7.0
2025,15,28,boom,111.5,Ja'Marr Chase,WR,CIN,8100,20.5,26.2
2025,15,28,boom,111.5,Derrick Henry,RB,BAL,7300,16.1,13.0
2025,15,28,boom,111.5,Jaylen Waddle,WR,MIA,6900,14.8,4.6
2025,15,28,boom,111.5,Joe Burrow,QB,CIN,6600,21.5,7.5
2025,15,28,boom,111.5,D'Andre Swift,RB,CHI,5700,12.4,22.6
2025,15,28,boom,111.5,Christian Watson,WR,GB,5500,11.9,5.9
2025,15,28,boom,111.5,SEA DST,DST,SEA,3700,11.6,4.0
2025,15,28,boom,111.5,Colby Parkinson,TE,LA,3200,16.0,24.5
2025,15,28,boom,111.5,Drew Sample,TE,CIN,2500,7.7,3.2
2025,15,29,lev,108.7,Christian McCaffrey,RB,SF,9000,23.4,15.7
2025,15,29,lev,108.7,Jahmyr Gibbs,RB,DET,8800,21.8,9.8
2025,15,29,lev,108.7,Ja'Marr Chase,WR,CIN,8100,20.5,26.2
2025,15,29,lev,108.7,Lamar Jackson,QB,BAL,6400,21.5,15.6
2025,15,29,lev,108.7,Mark Andrews,TE,BAL,3900,17.7,3.8
2025,15,29,lev,108.7,Dallas Goedert,TE,PHI,3800,19.6,25.0
2025,15,29,lev,108.7,HOU DST,DST,HOU,3600,10.2,7.0
2025,15,29,lev,108.7,Isaiah Hodgins,WR,NYG,3400,15.3,1.4
2025,15,29,lev,108.7,DeAndre Hopkins,WR,BAL,3000,13.3,4.2
2025,15,30,boom,104.2,Jaxon Smith-Njigba,WR,SEA,8600,19.3,21.3
2025,15,30,boom,104.2,Ja'Marr Chase,WR,CIN,8100,20.5,26.2
2025,15,30,boom,104.2,Joe Burrow,QB,CIN,6600,21.5,7.5
2025,15,30,boom,104.2,Zay Flowers,WR,BAL,6300,15.3,15.8
2025,15,30,boom,104.2,Devin Singletary,RB,NYG,5000,8.9,2.4
2025,15,30,boom,104.2,Emanuel Wilson,RB,GB,4400,9.6,0.3
2025,15,30,boom,104.2,Dalton Schultz,TE,HOU,4100,9.7,21.6
2025,15,30,boom,104.2,HOU DST,DST,HOU,3600,10.2,7.0
2025,15,30,boom,104.2,Mike Gesicki,TE,CIN,3300,14.8,2.1
2025,15,31,boom,103.4,CeeDee Lamb,WR,DAL,7600,17.0,20.1
2025,15,31,boom,103.4,Chase Brown,RB,CIN,6700,14.6,16.0
2025,15,31,boom,103.4,Lamar Jackson,QB,BAL,6400,21.5,15.6
2025,15,31,boom,103.4,Zay Flowers,WR,BAL,6300,15.3,15.8
2025,15,31,boom,103.4,Justin Jefferson,WR,MIN,6300,14.1,4.2
2025,15,31,boom,103.4,Jaylen Warren,RB,PIT,6000,15.4,7.8
2025,15,31,boom,103.4,Mark Andrews,TE,BAL,3900,17.7,3.8
2025,15,31,boom,103.4,CHI DST,DST,CHI,3500,9.8,18.0
2025,15,31,boom,103.4,Mike Gesicki,TE,CIN,3300,14.8,2.1
2025,15,32,lev,100.5,Christian McCaffrey,RB,SF,9000,23.4,15.7
2025,15,32,lev,100.5,Jahmyr Gibbs,RB,DET,8800,21.8,9.8
2025,15,32,lev,100.5,Ja'Marr Chase,WR,CIN,8100,20.5,26.2
2025,15,32,lev,100.5,Lamar Jackson,QB,BAL,6400,21.5,15.6
2025,15,32,lev,100.5,Mack Hollins,WR,NE,4000,16.7,8.1
2025,15,32,lev,100.5,Mark Andrews,TE,BAL,3900,17.7,3.8
2025,15,32,lev,100.5,Colston Loveland,TE,CHI,3600,17.2,10.1
2025,15,32,lev,100.5,PIT DST,DST,PIT,3100,7.9,7.0
2025,15,32,lev,100.5,DeAndre Hopkins,WR,BAL,3000,13.3,4.2
2025,15,33,boom,99.3,Derrick Henry,RB,BAL,7300,16.1,13.0
2025,15,33,boom,99.3,Joe Burrow,QB,CIN,6600,21.5,7.5
2025,15,33,boom,99.3,Javonte Williams,RB,DAL,6400,15.2,15.1
2025,15,33,boom,99.3,Chris Olave,WR,NO,6200,14.8,20.5
2025,15,33,boom,99.3,DK Metcalf,WR,PIT,5700,16.2,14.5
2025,15,33,boom,99.3,D'Andre Swift,RB,CHI,5700,12.4,22.6
2025,15,33,boom,99.3,Andrei Iosivas,WR,CIN,4100,7.9,0.0
2025,15,33,boom,99.3,SEA DST,DST,SEA,3700,11.6,4.0
2025,15,33,boom,99.3,Mike Gesicki,TE,CIN,3300,14.8,2.1
2025,15,34,boom,98.1,Christian McCaffrey,RB,SF,9000,23.4,15.7
2025,15,34,boom,98.1,Ja'Marr Chase,WR,CIN,8100,20.5,26.2
2025,15,34,boom,98.1,Joe Burrow,QB,CIN,6600,21.5,7.5
2025,15,34,boom,98.1,Chris Olave,WR,NO,6200,14.8,20.5
2025,15,34,boom,98.1,Jaylen Warren,RB,PIT,6000,15.4,7.8
2025,15,34,boom,98.1,Andrei Iosivas,WR,CIN,4100,7.9,0.0
2025,15,34,boom,98.1,Mark Andrews,TE,BAL,3900,17.7,3.8
2025,15,34,boom,98.1,CAR DST,DST,CAR,3100,8.5,6.0
2025,15,34,boom,98.1,T.J. Hockenson,TE,MIN,3000,15.4,10.6
2025,15,35,game,97.6,Christian McCaffrey,RB,SF,9000,23.4,15.7
2025,15,35,game,97.6,Jahmyr Gibbs,RB,DET,8800,21.8,9.8
2025,15,35,game,97.6,George Pickens,WR,DAL,7300,16.9,6.3
2025,15,35,game,97.6,Dak Prescott,QB,DAL,6900,22.6,12.0
2025,15,35,game,97.6,Ryan Flournoy,WR,DAL,3800,13.4,8.0
2025,15,35,game,97.6,Dallas Goedert,TE,PHI,3800,19.6,25.0
2025,15,35,game,97.6,KaVontae Turpin,WR,DAL,3600,13.4,3.2
2025,15,35,game,97.6,HOU DST,DST,HOU,3600,10.2,7.0
2025,15,35,game,97.6,T.J. Hockenson,TE,MIN,3000,15.4,10.6
2025,15,36,boom,93.1,Christian McCaffrey,RB,SF,9000,23.4,15.7
2025,15,36,boom,93.1,Ja'Marr Chase,WR,CIN,8100,20.5,26.2
2025,15,36,boom,93.1,Joe Burrow,QB,CIN,6600,21.5,7.5
2025,15,36,boom,93.1,Zay Flowers,WR,BAL,6300,15.3,15.8
2025,15,36,boom,93.1,Breece Hall,RB,NYJ,6200,13.6,5.7
2025,15,36,boom,93.1,Darius Slayton,WR,NYG,4400,8.1,9.3
2025,15,36,boom,93.1,SEA DST,DST,SEA,3700,11.6,4.0
2025,15,36,boom,93.1,AJ Barner,TE,SEA,3200,16.5,5.7
2025,15,36,boom,93.1,Drew Sample,TE,CIN,2500,7.7,3.2
2025,15,37,boom,91.2,Christian McCaffrey,RB,SF,9000,23.4,15.7
2025,15,37,boom,91.2,George Pickens,WR,DAL,7300,16.9,6.3
2025,15,37,boom,91.2,Woody Marks,RB,HOU,5600,14.8,4.8
2025,15,37,boom,91.2,Christian Watson,WR,GB,5500,11.9,5.9
2025,15,37,boom,91.2,Courtland Sutton,WR,DEN,5500,11.3,27.3
2025,15,37,boom,91.2,Jordan Love,QB,GB,5400,16.6,15.9
2025,15,37,boom,91.2,Romeo Doubs,WR,GB,4700,8.2,5.6
2025,15,37,boom,91.2,SEA DST,DST,SEA,3700,11.6,4.0
2025,15,37,boom,91.2,AJ Barner,TE,SEA,3200,16.5,5.7
2025,15,38,boom,89.7,Ja'Marr Chase,WR,CIN,8100,20.5,26.2
2025,15,38,boom,89.7,George Pickens,WR,DAL,7300,16.9,6.3
2025,15,38,boom,89.7,Lamar Jackson,QB,BAL,6400,21.5,15.6
2025,15,38,boom,89.7,Zay Flowers,WR,BAL,6300,15.3,15.8
2025,15,38,boom,89.7,DeVonta Smith,WR,PHI,5800,13.5,7.0
2025,15,38,boom,89.7,Kyle Monangai,RB,CHI,5200,9.3,3.3
2025,15,38,boom,89.7,Sean Tucker,RB,TB,4300,3.8,6.7
2025,15,38,boom,89.7,Mark Andrews,TE,BAL,3900,17.7,3.8
2025,15,38,boom,89.7,NYG DST,DST,NYG,2700,7.0,5.0
2025,15,39,boom,84.5,CeeDee Lamb,WR,DAL,7600,17.0,20.1
2025,15,39,boom,84.5,George Pickens,WR,DAL,7300,16.9,6.3
2025,15,39,boom,84.5,Dak Prescott,QB,DAL,6900,22.6,12.0
2025,15,39,boom,84.5,Javonte Williams,RB,DAL,6400,15.2,15.1
2025,15,39,boom,84.5,Justin Jefferson,WR,MIN,6300,14.1,4.2
2025,15,39,boom,84.5,Rhamondre Stevenson,RB,NE,5100,9.7,10.7
2025,15,39,boom,84.5,Colston Loveland,TE,CHI,3600,17.2,10.1
2025,15,39,boom,84.5,Isaac TeSlaa,WR,DET,3500,13.6,0.0
2025,15,39,boom,84.5,CAR DST,DST,CAR,3100,8.5,6.0
2025,15,40,boom,81.5,Jahmyr Gibbs,RB,DET,8800,21.8,9.8
2025,15,40,boom,81.5,Patrick Mahomes,QB,KC,6500,20.6,14.1
2025,15,40,boom,81.5,Chris Olave,WR,NO,6200,14.8,20.5
2025,15,40,boom,81.5,Stefon Diggs,WR,NE,6000,12.4,5.6
2025,15,40,boom,81.5,Omarion Hampton,RB,LAC,5900,10.9,7.5
2025,15,40,boom,81.5,Travis Kelce,TE,KC,4900,11.2,14.0
2025,15,40,boom,81.5,Xavier Worthy,WR,KC,4500,9.6,5.5
2025,15,40,boom,81.5,SEA DST,DST,SEA,3700,11.6,4.0
2025,15,40,boom,81.5,Demario Douglas,WR,NE,3500,12.6,0.5
2025,16,1,boom,195.4,Christian McCaffrey,RB,SF,8900,22.5,35.6
2025,16,1,boom,195.4,Brock Purdy,QB,SF,6200,20.9,31.9
2025,16,1,boom,195.4,Zay Flowers,WR,BAL,6000,15.6,22.2
2025,16,1,boom,195.4,George Kittle,TE,SF,5500,15.0,27.5
2025,16,1,boom,195.4,Jauan Jennings,WR,SF,5400,14.3,18.1
2025,16,1,boom,195.4,Jawhar Jordan,RB,HOU,5000,8.1,12.0
2025,16,1,boom,195.4,Alec Pierce,WR,IND,4700,10.5,24.6
2025,16,1,boom,195.4,HOU DST,DST,HOU,4000,10.6,11.0
2025,16,1,boom,195.4,Mike Gesicki,TE,CIN,3600,14.5,12.5
2025,16,2,lev,161.4,Christian McCaffrey,RB,SF,8900,22.5,35.6
2025,16,2,lev,161.4,Bijan Robinson,RB,ATL,8700,22.7,29.8
2025,16,2,lev,161.4,Ja'Marr Chase,WR,CIN,8600,20.7,22.9
2025,16,2,lev,161.4,Joe Burrow,QB,CIN,6500,21.7,32.0
2025,16,2,lev,161.4,Darnell Mooney,WR,ATL,4000,20.3,4.4
2025,16,2,lev,161.4,Xavier Legette,WR,CAR,3600,17.1,2.2
2025,16,2,lev,161.4,Mike Gesicki,TE,CIN,3600,14.5,12.5
2025,16,2,lev,161.4,Darren Waller,TE,MIA,3500,15.9,7.0
2025,16,2,lev,161.4,NYG DST,DST,NYG,2600,7.2,15.0
2025,16,3,lev,159.2,Christian McCaffrey,RB,SF,8900,22.5,35.6
2025,16,3,lev,159.2,Ja'Marr Chase,WR,CIN,8600,20.7,22.9
2025,16,3,lev,159.2,Jahmyr Gibbs,RB,DET,8500,23.5,22.8
2025,16,3,lev,159.2,Joe Burrow,QB,CIN,6500,21.7,32.0
2025,16,3,lev,159.2,Colston Loveland,TE,CHI,3900,20.5,6.0
2025,16,3,lev,159.2,Malik Washington,WR,MIA,3800,14.8,10.2
2025,16,3,lev,159.2,Mike Gesicki,TE,CIN,3600,14.5,12.5
2025,16,3,lev,159.2,Xavier Legette,WR,CAR,3600,17.1,2.2
2025,16,3,lev,159.2,NYG DST,DST,NYG,2600,7.2,15.0
2025,16,4,boom,157.7,Jahmyr Gibbs,RB,DET,8500,23.5,22.8
2025,16,4,boom,157.7,Lamar Jackson,QB,BAL,6600,21.7,4.7
2025,16,4,boom,157.7,Mike Evans,WR,TB,6300,12.9,14.1
2025,16,4,boom,157.7,Zay Flowers,WR,BAL,6000,15.6,22.2
2025,16,4,boom,157.7,Ashton Jeanty,RB,LV,5600,13.1,34.8
2025,16,4,boom,157.7,George Kittle,TE,SF,5500,15.0,27.5
2025,16,4,boom,157.7,Hunter Henry,TE,NE,4300,10.5,15.5
2025,16,4,boom,157.7,BUF DST,DST,BUF,3500,10.3,8.0
2025,16,4,boom,157.7,DeAndre Hopkins,WR,BAL,3000,10.9,8.1
2025,16,5,boom,153.0,CeeDee Lamb,WR,DAL,7800,17.3,11.1
2025,16,5,boom,153.0,George Pickens,WR,DAL,7300,15.8,29.0
2025,16,5,boom,153.0,Dak Prescott,QB,DAL,6700,19.4,19.2
2025,16,5,boom,153.0,Zay Flowers,WR,BAL,6000,15.6,22.2
2025,16,5,boom,153.0,Omarion Hampton,RB,LAC,5800,12.0,16.5
2025,16,5,boom,153.0,Kyle Monangai,RB,CHI,4900,8.3,12.3
2025,16,5,boom,153.0,Hunter Henry,TE,NE,4300,10.5,15.5
2025,16,5,boom,153.0,HOU DST,DST,HOU,4000,10.6,11.0
2025,16,5,boom,153.0,Kalif Raymond,WR,DET,3100,12.7,16.2
2025,16,6,boom,151.8,Jahmyr Gibbs,RB,DET,8500,23.5,22.8
2025,16,6,boom,151.8,George Pickens,WR,DAL,7300,15.8,29.0
2025,16,6,boom,151.8,Jameson Williams,WR,DET,6400,15.3,12.0
2025,16,6,boom,151.8,RJ Harvey,RB,DEN,6200,13.2,22.1
2025,16,6,boom,151.8,Trevor Lawrence,QB,JAX,5900,18.4,31.2
2025,16,6,boom,151.8,Brian Thomas Jr.,WR,JAX,5400,10.4,3.8
2025,16,6,boom,151.8,Brenton Strange,TE,JAX,3900,16.7,14.9
2025,16,6,boom,151.8,Colston Loveland,TE,CHI,3900,20.5,6.0
2025,16,6,boom,151.8,TEN DST,DST,TEN,2500,8.0,10.0
2025,16,7,boom,142.3,Jahmyr Gibbs,RB,DET,8500,23.5,22.8
2025,16,7,boom,142.3,Javonte Williams,RB,DAL,6400,13.8,6.3
2025,16,7,boom,142.3,Ladd McConkey,WR,LAC,6100,12.7,14.3
2025,16,7,boom,142.3,Zay Flowers,WR,BAL,6000,15.6,22.2
2025,16,7,boom,142.3,Justin Herbert,QB,LAC,6000,19.7,33.2
2025,16,7,boom,142.3,DK Metcalf,WR,PIT,5400,14.1,8.2
2025,16,7,boom,142.3,Keenan Allen,WR,LAC,4800,10.3,9.4
2025,16,7,boom,142.3,Brenton Strange,TE,JAX,3900,16.7,14.9
2025,16,7,boom,142.3,MIN DST,DST,MIN,2800,8.6,11.0
2025,16,8,lev,140.9,Christian McCaffrey,RB,SF,8900,22.5,35.6
2025,16,8,lev,140.9,Bijan Robinson,RB,ATL,8700,22.7,29.8
2025,16,8,lev,140.9,Lamar Jackson,QB,BAL,6600,21.7,4.7
2025,16,8,lev,140.9,Zay Flowers,WR,BAL,6000,15.6,22.2
2025,16,8,lev,140.9,Mark Andrews,TE,BAL,4000,17.3,4.4
2025,16,8,lev,140.9,Darnell Mooney,WR,ATL,4000,20.3,4.4
2025,16,8,lev,140.9,HOU DST,DST,HOU,4000,10.6,11.0
2025,16,8,lev,140.9,Brenton Strange,TE,JAX,3900,16.7,14.9
2025,16,8,lev,140.9,Mack Hollins,WR,NE,3800,16.1,13.9
2025,16,9,lev,140.2,Christian McCaffrey,RB,SF,8900,22.5,35.6
2025,16,9,lev,140.2,Ja'Marr Chase,WR,CIN,8600,20.7,22.9
2025,16,9,lev,140.2,Jahmyr Gibbs,RB,DET,8500,23.5,22.8
2025,16,9,lev,140.2,Caleb Williams,QB,CHI,5500,19.3,21.0
2025,16,9,lev,140.2,Darnell Mooney,WR,ATL,4000,20.3,4.4
2025,16,9,lev,140.2,Colston Loveland,TE,CHI,3900,20.5,6.0
2025,16,9,lev,140.2,Dontayvion Wicks,WR,GB,3700,15.0,3.2
2025,16,9,lev,140.2,Olamide Zaccheaus,WR,CHI,3500,15.1,5.3
2025,16,9,lev,140.2,NO DST,DST,NO,3400,9.7,19.0
2025,16,10,boom,139.9,Jahmyr Gibbs,RB,DET,8500,23.5,22.8
2025,16,10,boom,139.9,Nico Collins,WR,HOU,7500,15.2,9.9
2025,16,10,boom,139.9,Jaylen Waddle,WR,MIA,6800,13.6,12.2
2025,16,10,boom,139.9,Ashton Jeanty,RB,LV,5600,13.1,34.8
2025,16,10,boom,139.9,C.J. Stroud,QB,HOU,5500,17.3,11.5
2025,16,10,boom,139.9,DK Metcalf,WR,PIT,5400,14.1,8.2
2025,16,10,boom,139.9,Dalton Schultz,TE,HOU,4200,10.6,14.5
2025,16,10,boom,139.9,AJ Barner,TE,SEA,3400,15.7,15.0
2025,16,10,boom,139.9,MIN DST,DST,MIN,2800,8.6,11.0
2025,16,11,boom,138.9,Jahmyr Gibbs,RB,DET,8500,23.5,22.8
2025,16,11,boom,138.9,George Pickens,WR,DAL,7300,15.8,29.0
2025,16,11,boom,138.9,Kyren Williams,RB,LA,6800,12.1,11.5
2025,16,11,boom,138.9,Ladd McConkey,WR,LAC,6100,12.7,14.3
2025,16,11,boom,138.9,Justin Herbert,QB,LAC,6000,19.7,33.2
2025,16,11,boom,138.9,Keenan Allen,WR,LAC,4800,10.3,9.4
2025,16,11,boom,138.9,Jayden Higgins,WR,HOU,4100,8.7,2.7
2025,16,11,boom,138.9,Colston Loveland,TE,CHI,3900,20.5,6.0
2025,16,11,boom,138.9,TEN DST,DST,TEN,2500,8.0,10.0
2025,16,12,boom,138.5,Christian McCaffrey,RB,SF,8900,22.5,35.6
2025,16,12,boom,138.5,Jonathan Taylor,RB,IND,8000,19.3,16.9
2025,16,12,boom,138.5,Caleb Williams,QB,CHI,5500,19.3,21.0
2025,16,12,boom,138.5,DK Metcalf,WR,PIT,5400,14.1,8.2
2025,16,12,boom,138.5,D.J. Moore,WR,CHI,5300,12.0,21.9
2025,16,12,boom,138.5,Christian Watson,WR,GB,5200,12.0,3.7
2025,16,12,boom,138.5,HOU DST,DST,HOU,4000,10.6,11.0
2025,16,12,boom,138.5,Brenton Strange,TE,JAX,3900,16.7,14.9
2025,16,12,boom,138.5,Olamide Zaccheaus,WR,CHI,3500,15.1,5.3
2025,16,13,lev,138.3,Christian McCaffrey,RB,SF,8900,22.5,35.6
2025,16,13,lev,138.3,Bijan Robinson,RB,ATL,8700,22.7,29.8
2025,16,13,lev,138.3,Ja'Marr Chase,WR,CIN,8600,20.7,22.9
2025,16,13,lev,138.3,Caleb Williams,QB,CHI,5500,19.3,21.0
2025,16,13,lev,138.3,Darnell Mooney,WR,ATL,4000,20.3,4.4
2025,16,13,lev,138.3,Colston Loveland,TE,CHI,3900,20.5,6.0
2025,16,13,lev,138.3,Dontayvion Wicks,WR,GB,3700,15.0,3.2
2025,16,13,lev,138.3,SF DST,DST,SF,3700,8.1,12.0
2025,16,13,lev,138.3,Cole Kmet,TE,CHI,2900,14.6,3.4
2025,16,14,boom,136.4,Christian McCaffrey,RB,SF,8900,22.5,35.6
2025,16,14,boom,136.4,CeeDee Lamb,WR,DAL,7800,17.3,11.1
2025,16,14,boom,136.4,Saquon Barkley,RB,PHI,7200,16.3,24.2
2025,16,14,boom,136.4,Justin Herbert,QB,LAC,6000,19.7,33.2
2025,16,14,boom,136.4,Keenan Allen,WR,LAC,4800,10.3,9.4
2025,16,14,boom,136.4,Xavier Worthy,WR,KC,4400,10.5,6.1
2025,16,14,boom,136.4,Dalton Kincaid,TE,BUF,4300,9.3,0.0
2025,16,14,boom,136.4,HOU DST,DST,HOU,4000,10.6,11.0
2025,16,14,boom,136.4,Will Dissly,TE,LAC,2500,6.9,5.8
2025,16,15,lev,135.9,Christian McCaffrey,RB,SF,8900,22.5,35.6
2025,16,15,lev,135.9,Jahmyr Gibbs,RB,DET,8500,23.5,22.8
2025,16,15,lev,135.9,Lamar Jackson,QB,BAL,6600,21.7,4.7
2025,16,15,lev,135.9,Zay Flowers,WR,BAL,6000,15.6,22.2
2025,16,15,lev,135.9,Juwan Johnson,TE,NO,4000,17.5,16.9
2025,16,15,lev,135.9,Mark Andrews,TE,BAL,4000,17.3,4.4
2025,16,15,lev,135.9,Darnell Mooney,WR,ATL,4000,20.3,4.4
2025,16,15,lev,135.9,HOU DST,DST,HOU,4000,10.6,11.0
2025,16,15,lev,135.9,Mack Hollins,WR,NE,3800,16.1,13.9
2025,16,16,boom,135.5,Christian McCaffrey,RB,SF,8900,22.5,35.6
2025,16,16,boom,135.5,Jahmyr Gibbs,RB,DET,8500,23.5,22.8
2025,16,16,boom,135.5,George Pickens,WR,DAL,7300,15.8,29.0
2025,16,16,boom,135.5,Caleb Williams,QB,CHI,5500,19.3,21.0
2025,16,16,boom,135.5,Jordan Addison,WR,MIN,5000,9.8,4.6
2025,16,16,boom,135.5,Colston Loveland,TE,CHI,3900,20.5,6.0
2025,16,16,boom,135.5,Dontayvion Wicks,WR,GB,3700,15.0,3.2
2025,16,16,boom,135.5,Olamide Zaccheaus,WR,CHI,3500,15.1,5.3
2025,16,16,boom,135.5,BUF DST,DST,BUF,3500,10.3,8.0
2025,16,17,lev,135.3,Bijan Robinson,RB,ATL,8700,22.7,29.8
2025,16,17,lev,135.3,Ja'Marr Chase,WR,CIN,8600,20.7,22.9
2025,16,17,lev,135.3,Jahmyr Gibbs,RB,DET,8500,23.5,22.8
2025,16,17,lev,135.3,Joe Burrow,QB,CIN,6500,21.7,32.0
2025,16,17,lev,135.3,Andrei Iosivas,WR,CIN,3900,14.6,3.1
2025,16,17,lev,135.3,Colston Loveland,TE,CHI,3900,20.5,6.0
2025,16,17,lev,135.3,Malik Washington,WR,MIA,3800,14.8,10.2
2025,16,17,lev,135.3,Cade Otton,TE,TB,3400,16.8,3.5
2025,16,17,lev,135.3,ATL DST,DST,ATL,2700,7.1,5.0
2025,16,18,game,133.7,Bijan Robinson,RB,ATL,8700,22.7,29.8
2025,16,18,game,133.7,Jahmyr Gibbs,RB,DET,8500,23.5,22.8
2025,16,18,game,133.7,Amon-Ra St. Brown,WR,DET,8400,19.7,9.4
2025,16,18,game,133.7,Jared Goff,QB,DET,6300,20.4,29.5
2025,16,18,game,133.7,HOU DST,DST,HOU,4000,10.6,11.0
2025,16,18,game,133.7,Darnell Mooney,WR,ATL,4000,20.3,4.4
2025,16,18,game,133.7,Colston Loveland,TE,CHI,3900,20.5,6.0
2025,16,18,game,133.7,Isaac TeSlaa,WR,DET,3000,14.0,15.2
2025,16,18,game,133.7,Darnell Washington,TE,PIT,2600,13.6,5.6
2025,16,19,boom,132.5,Jaxon Smith-Njigba,WR,SEA,8500,19.0,23.6
2025,16,19,boom,132.5,Jahmyr Gibbs,RB,DET,8500,23.5,22.8
2025,16,19,boom,132.5,Kyren Williams,RB,LA,6800,12.1,11.5
2025,16,19,boom,132.5,Tetairoa McMillan,WR,CAR,5800,13.6,19.3
2025,16,19,boom,132.5,Bryce Young,QB,CAR,5100,18.6,17.6
2025,16,19,boom,132.5,Jalen Coker,WR,CAR,4400,9.2,7.7
2025,16,19,boom,132.5,Hunter Henry,TE,NE,4300,10.5,15.5
2025,16,19,boom,132.5,Cade Otton,TE,TB,3400,16.8,3.5
2025,16,19,boom,132.5,MIN DST,DST,MIN,2800,8.6,11.0
2025,16,20,boom,131.0,Jahmyr Gibbs,RB,DET,8500,23.5,22.8
2025,16,20,boom,131.0,George Pickens,WR,DAL,7300,15.8,29.0
2025,16,20,boom,131.0,Drake London,WR,ATL,7000,17.1,5.7
2025,16,20,boom,131.0,Bucky Irving,RB,TB,6700,13.2,7.1
2025,16,20,boom,131.0,Tetairoa McMillan,WR,CAR,5800,13.6,19.3
2025,16,20,boom,131.0,Bryce Young,QB,CAR,5100,18.6,17.6
2025,16,20,boom,131.0,Juwan Johnson,TE,NO,4000,17.5,16.9
2025,16,20,boom,131.0,MIN DST,DST,MIN,2800,8.6,11.0
2025,16,20,boom,131.0,Tommy Tremble,TE,CAR,2500,10.8,1.6
2025,16,21,lev,130.0,Bijan Robinson,RB,ATL,8700,22.7,29.8
2025,16,21,lev,130.0,Ja'Marr Chase,WR,CIN,8600,20.7,22.9
2025,16,21,lev,130.0,Jahmyr Gibbs,RB,DET,8500,23.5,22.8
2025,16,21,lev,130.0,Caleb Williams,QB,CHI,5500,19.3,21.0
2025,16,21,lev,130.0,HOU DST,DST,HOU,4000,10.6,11.0
2025,16,21,lev,130.0,Darnell Mooney,WR,ATL,4000,20.3,4.4
2025,16,21,lev,130.0,Colston Loveland,TE,CHI,3900,20.5,6.0
2025,16,21,lev,130.0,Olamide Zaccheaus,WR,CHI,3500,15.1,5.3
2025,16,21,lev,130.0,Luke Musgrave,TE,GB,2700,13.0,6.8
2025,16,22,lev,129.8,Christian McCaffrey,RB,SF,8900,22.5,35.6
2025,16,22,lev,129.8,Bijan Robinson,RB,ATL,8700,22.7,29.8
2025,16,22,lev,129.8,Lamar Jackson,QB,BAL,6600,21.7,4.7
2025,16,22,lev,129.8,Zay Flowers,WR,BAL,6000,15.6,22.2
2025,16,22,lev,129.8,HOU DST,DST,HOU,4000,10.6,11.0
2025,16,22,lev,129.8,Mark Andrews,TE,BAL,4000,17.3,4.4
2025,16,22,lev,129.8,Colston Loveland,TE,CHI,3900,20.5,6.0
2025,16,22,lev,129.8,Mack Hollins,WR,NE,3800,16.1,13.9
2025,16,22,lev,129.8,Xavier Legette,WR,CAR,3600,17.1,2.2
2025,16,23,boom,129.6,Christian McCaffrey,RB,SF,8900,22.5,35.6
2025,16,23,boom,129.6,Bijan Robinson,RB,ATL,8700,22.7,29.8
2025,16,23,boom,129.6,Justin Jefferson,WR,MIN,6000,14.1,14.5
2025,16,23,boom,129.6,Tetairoa McMillan,WR,CAR,5800,13.6,19.3
2025,16,23,boom,129.6,J.J. McCarthy,QB,MIN,4900,16.4,10.3
2025,16,23,boom,129.6,Xavier Worthy,WR,KC,4400,10.5,6.1
2025,16,23,boom,129.6,Darius Slayton,WR,NYG,4200,7.6,1.8
2025,16,23,boom,129.6,HOU DST,DST,HOU,4000,10.6,11.0
2025,16,23,boom,129.6,T.J. Hockenson,TE,MIN,3000,17.7,1.2
2025,16,24,lev,125.8,De'Von Achane,RB,MIA,8800,19.7,18.0
2025,16,24,lev,125.8,Ja'Marr Chase,WR,CIN,8600,20.7,22.9
2025,16,24,lev,125.8,Jahmyr Gibbs,RB,DET,8500,23.5,22.8
2025,16,24,lev,125.8,Joe Burrow,QB,CIN,6500,21.7,32.0
2025,16,24,lev,125.8,Darnell Mooney,WR,ATL,4000,20.3,4.4
2025,16,24,lev,125.8,Colston Loveland,TE,CHI,3900,20.5,6.0
2025,16,24,lev,125.8,Xavier Legette,WR,CAR,3600,17.1,2.2
2025,16,24,lev,125.8,Mike Gesicki,TE,CIN,3600,14.5,12.5
2025,16,24,lev,125.8,CHI DST,DST,CHI,2500,6.8,5.0
2025,16,25,lev,125.2,Bijan Robinson,RB,ATL,8700,22.7,29.8
2025,16,25,lev,125.2,Ja'Marr Chase,WR,CIN,8600,20.7,22.9
2025,16,25,lev,125.2,Jahmyr Gibbs,RB,DET,8500,23.5,22.8
2025,16,25,lev,125.2,Joe Burrow,QB,CIN,6500,21.7,32.0
2025,16,25,lev,125.2,Darnell Mooney,WR,ATL,4000,20.3,4.4
2025,16,25,lev,125.2,Andrei Iosivas,WR,CIN,3900,14.6,3.1
2025,16,25,lev,125.2,Darren Waller,TE,MIA,3500,15.9,7.0
2025,16,25,lev,125.2,KC DST,DST,KC,3300,8.2,2.0
2025,16,25,lev,125.2,T.J. Hockenson,TE,MIN,3000,17.7,1.2
2025,16,26,lev,124.5,Bijan Robinson,RB,ATL,8700,22.7,29.8
2025,16,26,lev,124.5,Ja'Marr Chase,WR,CIN,8600,20.7,22.9
2025,16,26,lev,124.5,Jahmyr Gibbs,RB,DET,8500,23.5,22.8
2025,16,26,lev,124.5,Caleb Williams,QB,CHI,5500,19.3,21.0
2025,16,26,lev,124.5,HOU DST,DST,HOU,4000,10.6,11.0
2025,16,26,lev,124.5,Darnell Mooney,WR,ATL,4000,20.3,4.4
2025,16,26,lev,124.5,Colston Loveland,TE,CHI,3900,20.5,6.0
2025,16,26,lev,124.5,Dontayvion Wicks,WR,GB,3700,15.0,3.2
2025,16,26,lev,124.5,Cole Kmet,TE,CHI,2900,14.6,3.4
2025,16,27,boom,123.9,Jahmyr Gibbs,RB,DET,8500,23.5,22.8
2025,16,27,boom,123.9,Drake London,WR,ATL,7000,17.1,5.7
2025,16,27,boom,123.9,Michael Wilson,WR,ARI,6900,13.4,13.2
2025,16,27,boom,123.9,Zay Flowers,WR,BAL,6000,15.6,22.2
2025,16,27,boom,123.9,Marvin Harrison Jr.,WR,ARI,5600,11.9,2.4
2025,16,27,boom,123.9,Jacoby Brissett,QB,ARI,5300,20.4,11.6
2025,16,27,boom,123.9,Kenneth Walker III,RB,SEA,5300,10.4,28.4
2025,16,27,boom,123.9,MIN DST,DST,MIN,2800,8.6,11.0
2025,16,27,boom,123.9,Greg Dulcich,TE,MIA,2500,12.7,6.6
2025,16,28,boom,123.2,Jonathan Taylor,RB,IND,8000,19.3,16.9
2025,16,28,boom,123.2,Jaylen Waddle,WR,MIA,6800,13.6,12.2
2025,16,28,boom,123.2,Chris Olave,WR,NO,6500,14.6,39.8
2025,16,28,boom,123.2,Wan'Dale Robinson,WR,NYG,6200,13.6,5.2
2025,16,28,boom,123.2,Breece Hall,RB,NYJ,5900,12.0,8.3
2025,16,28,boom,123.2,Tyler Shough,QB,NO,5400,18.7,20.1
2025,16,28,boom,123.2,Travis Kelce,TE,KC,4700,12.5,1.6
2025,16,28,boom,123.2,Mason Tipton,WR,NO,3200,12.9,8.1
2025,16,28,boom,123.2,MIN DST,DST,MIN,2800,8.6,11.0
2025,16,29,boom,121.6,Jahmyr Gibbs,RB,DET,8500,23.5,22.8
2025,16,29,boom,121.6,Chase Brown,RB,CIN,6900,14.7,32.9
2025,16,29,boom,121.6,Emeka Egbuka,WR,TB,5900,10.5,5.0
2025,16,29,boom,121.6,Terry McLaurin,WR,WAS,5900,12.1,8.3
2025,16,29,boom,121.6,Tetairoa McMillan,WR,CAR,5800,13.6,19.3
2025,16,29,boom,121.6,Bryce Young,QB,CAR,5100,18.6,17.6
2025,16,29,boom,121.6,Jalen Coker,WR,CAR,4400,9.2,7.7
2025,16,29,boom,121.6,Theo Johnson,TE,NYG,3700,16.6,0.0
2025,16,29,boom,121.6,BUF DST,DST,BUF,3500,10.3,8.0
2025,16,30,boom,119.6,Josh Jacobs,RB,GB,7300,13.0,5.8
2025,16,30,boom,119.6,George Pickens,WR,DAL,7300,15.8,29.0
2025,16,30,boom,119.6,TreVeyon Henderson,RB,NE,6500,12.2,2.2
2025,16,30,boom,119.6,D'Andre Swift,RB,CHI,5900,12.2,9.0
2025,16,30,boom,119.6,Terry McLaurin,WR,WAS,5900,12.1,8.3
2025,16,30,boom,119.6,Caleb Williams,QB,CHI,5500,19.3,21.0
2025,16,30,boom,119.6,D.J. Moore,WR,CHI,5300,12.0,21.9
2025,16,30,boom,119.6,NO DST,DST,NO,3400,9.7,19.0
2025,16,30,boom,119.6,Cole Kmet,TE,CHI,2900,14.6,3.4
2025,16,31,lev,119.0,Christian McCaffrey,RB,SF,8900,22.5,35.6
2025,16,31,lev,119.0,Jahmyr Gibbs,RB,DET,8500,23.5,22.8
2025,16,31,lev,119.0,Lamar Jackson,QB,BAL,6600,21.7,4.7
2025,16,31,lev,119.0,Zay Flowers,WR,BAL,6000,15.6,22.2
2025,16,31,lev,119.0,Mark Andrews,TE,BAL,4000,17.3,4.4
2025,16,31,lev,119.0,Darnell Mooney,WR,ATL,4000,20.3,4.4
2025,16,31,lev,119.0,Colston Loveland,TE,CHI,3900,20.5,6.0
2025,16,31,lev,119.0,Mack Hollins,WR,NE,3800,16.1,13.9
2025,16,31,lev,119.0,PHI DST,DST,PHI,3600,9.3,5.0
2025,16,32,boom,117.3,Jahmyr Gibbs,RB,DET,8500,23.5,22.8
2025,16,32,boom,117.3,Jonathan Taylor,RB,IND,8000,19.3,16.9
2025,16,32,boom,117.3,Drake London,WR,ATL,7000,17.1,5.7
2025,16,32,boom,117.3,Brock Purdy,QB,SF,6200,20.9,31.9
2025,16,32,boom,117.3,Jauan Jennings,WR,SF,5400,14.3,18.1
2025,16,32,boom,117.3,Tyler Warren,TE,IND,4600,11.7,6.0
2025,16,32,boom,117.3,Kendrick Bourne,WR,SF,3500,12.4,5.7
2025,16,32,boom,117.3,BUF DST,DST,BUF,3500,10.3,8.0
2025,16,32,boom,117.3,JuJu Smith-Schuster,WR,KC,3000,13.1,2.2
2025,16,33,boom,115.1,Jahmyr Gibbs,RB,DET,8500,23.5,22.8
2025,16,33,boom,115.1,Amon-Ra St. Brown,WR,DET,8400,19.7,9.4
2025,16,33,boom,115.1,Jameson Williams,WR,DET,6400,15.3,12.0
2025,16,33,boom,115.1,Jared Goff,QB,DET,6300,20.4,29.5
2025,16,33,boom,115.1,Jaylen Warren,RB,PIT,6100,10.7,32.1
2025,16,33,boom,115.1,Marvin Harrison Jr.,WR,ARI,5600,11.9,2.4
2025,16,33,boom,115.1,Theo Johnson,TE,NYG,3700,16.6,0.0
2025,16,33,boom,115.1,Gunnar Helm,TE,TEN,2900,13.6,2.9
2025,16,33,boom,115.1,NYJ DST,DST,NYJ,2100,6.7,4.0
2025,16,34,boom,112.2,Bijan Robinson,RB,ATL,8700,22.7,29.8
2025,16,34,boom,112.2,Jahmyr Gibbs,RB,DET,8500,23.5,22.8
2025,16,34,boom,112.2,Amon-Ra St. Brown,WR,DET,8400,19.7,9.4
2025,16,34,boom,112.2,Caleb Williams,QB,CHI,5500,19.3,21.0
2025,16,34,boom,112.2,Christian Watson,WR,GB,5200,12.0,3.7
2025,16,34,boom,112.2,Xavier Worthy,WR,KC,4400,10.5,6.1
2025,16,34,boom,112.2,Colston Loveland,TE,CHI,3900,20.5,6.0
2025,16,34,boom,112.2,Cole Kmet,TE,CHI,2900,14.6,3.4
2025,16,34,boom,112.2,TEN DST,DST,TEN,2500,8.0,10.0
2025,16,35,boom,110.0,CeeDee Lamb,WR,DAL,7800,17.3,11.1
2025,16,35,boom,110.0,George Pickens,WR,DAL,7300,15.8,29.0
2025,16,35,boom,110.0,Dak Prescott,QB,DAL,6700,19.4,19.2
2025,16,35,boom,110.0,Javonte Williams,RB,DAL,6400,13.8,6.3
2025,16,35,boom,110.0,Ladd McConkey,WR,LAC,6100,12.7,14.3
2025,16,35,boom,110.0,Jawhar Jordan,RB,HOU,5000,8.1,12.0
2025,16,35,boom,110.0,Darnell Mooney,WR,ATL,4000,20.3,4.4
2025,16,35,boom,110.0,HOU DST,DST,HOU,4000,10.6,11.0
2025,16,35,boom,110.0,Cade Stover,TE,HOU,2500,12.0,2.7
2025,16,36,lev,109.5,Bijan Robinson,RB,ATL,8700,22.7,29.8
2025,16,36,lev,109.5,Ja'Marr Chase,WR,CIN,8600,20.7,22.9
2025,16,36,lev,109.5,Jahmyr Gibbs,RB,DET,8500,23.5,22.8
2025,16,36,lev,109.5,Lamar Jackson,QB,BAL,6600,21.7,4.7
2025,16,36,lev,109.5,Mark Andrews,TE,BAL,4000,17.3,4.4
2025,16,36,lev,109.5,Colston Loveland,TE,CHI,3900,20.5,6.0
2025,16,36,lev,109.5,Mack Hollins,WR,NE,3800,16.1,13.9
2025,16,36,lev,109.5,Rashod Bateman,WR,BAL,3400,12.7,0.0
2025,16,36,lev,109.5,CHI DST,DST,CHI,2500,6.8,5.0
2025,16,37,boom,108.6,Amon-Ra St. Brown,WR,DET,8400,19.7,9.4
2025,16,37,boom,108.6,Saquon Barkley,RB,PHI,7200,16.3,24.2
2025,16,37,boom,108.6,Jameson Williams,WR,DET,6400,15.3,12.0
2025,16,37,boom,108.6,Rico Dowdle,RB,CAR,6300,13.0,8.3
2025,16,37,boom,108.6,Jared Goff,QB,DET,6300,20.4,29.5
2025,16,37,boom,108.6,DK Metcalf,WR,PIT,5400,14.1,8.2
2025,16,37,boom,108.6,Troy Franklin,WR,DEN,5200,8.7,10.6
2025,16,37,boom,108.6,Davis Allen,TE,LA,2800,10.8,5.4
2025,16,37,boom,108.6,LV DST,DST,LV,2000,5.2,1.0
2025,16,38,boom,103.7,Bijan Robinson,RB,ATL,8700,22.7,29.8
2025,16,38,boom,103.7,Michael Wilson,WR,ARI,6900,13.4,13.2
2025,16,38,boom,103.7,Zay Flowers,WR,BAL,6000,15.6,22.2
2025,16,38,boom,103.7,Brock Bowers,TE,LV,5600,12.0,14.3
2025,16,38,boom,103.7,Marvin Harrison Jr.,WR,ARI,5600,11.9,2.4
2025,16,38,boom,103.7,Jacoby Brissett,QB,ARI,5300,20.4,11.6
2025,16,38,boom,103.7,Dalton Kincaid,TE,BUF,4300,9.3,0.0
2025,16,38,boom,103.7,Zavier Scott,RB,MIN,4000,11.5,2.2
2025,16,38,boom,103.7,BUF DST,DST,BUF,3500,10.3,8.0
2025,16,39,boom,93.4,Jahmyr Gibbs,RB,DET,8500,23.5,22.8
2025,16,39,boom,93.4,Drake London,WR,ATL,7000,17.1,5.7
2025,16,39,boom,93.4,Jaylen Waddle,WR,MIA,6800,13.6,12.2
2025,16,39,boom,93.4,Mike Evans,WR,TB,6300,12.9,14.1
2025,16,39,boom,93.4,Baker Mayfield,QB,TB,5700,18.4,13.7
2025,16,39,boom,93.4,Kareem Hunt,RB,KC,5300,7.5,0.2
2025,16,39,boom,93.4,Xavier Legette,WR,CAR,3600,17.1,2.2
2025,16,39,boom,93.4,NO DST,DST,NO,3400,9.7,19.0
2025,16,39,boom,93.4,Cade Otton,TE,TB,3400,16.8,3.5
2025,16,40,boom,79.9,Jahmyr Gibbs,RB,DET,8500,23.5,22.8
2025,16,40,boom,79.9,Trey McBride,TE,ARI,7600,16.6,6.7
2025,16,40,boom,79.9,Drake London,WR,ATL,7000,17.1,5.7
2025,16,40,boom,79.9,DeVonta Smith,WR,PHI,5700,12.6,16.2
2025,16,40,boom,79.9,Marvin Harrison Jr.,WR,ARI,5600,11.9,2.4
2025,16,40,boom,79.9,Jacoby Brissett,QB,ARI,5300,20.4,11.6
2025,16,40,boom,79.9,Jacory Croskey-Merritt,RB,WAS,5200,6.3,8.5
2025,16,40,boom,79.9,Isaiah Bond,WR,CLE,3000,12.9,2.0
2025,16,40,boom,79.9,NYJ DST,DST,NYJ,2100,6.7,4.0
2025,17,1,lev,202.2,Christian McCaffrey,RB,SF,8800,23.3,31.1
2025,17,1,lev,202.2,Bijan Robinson,RB,ATL,8700,20.2,42.9
2025,17,1,lev,202.2,Ja'Marr Chase,WR,CIN,8300,21.1,25.0
2025,17,1,lev,202.2,Brock Purdy,QB,SF,6200,20.9,40.9
2025,17,1,lev,202.2,NE DST,DST,NE,3900,10.3,7.0
2025,17,1,lev,202.2,Colston Loveland,TE,CHI,3900,19.7,21.4
2025,17,1,lev,202.2,Tre Tucker,WR,LV,3800,17.9,9.9
2025,17,1,lev,202.2,Demarcus Robinson,WR,SF,3500,13.9,5.0
2025,17,1,lev,202.2,Jake Tonges,TE,SF,2500,13.1,19.0
2025,17,2,lev,187.5,Christian McCaffrey,RB,SF,8800,23.3,31.1
2025,17,2,lev,187.5,Bijan Robinson,RB,ATL,8700,20.2,42.9
2025,17,2,lev,187.5,Ja'Marr Chase,WR,CIN,8300,21.1,25.0
2025,17,2,lev,187.5,Caleb Williams,QB,CHI,5800,19.5,26.0
2025,17,2,lev,187.5,Jayden Higgins,WR,HOU,4000,16.3,16.8
2025,17,2,lev,187.5,NE DST,DST,NE,3900,10.3,7.0
2025,17,2,lev,187.5,Colston Loveland,TE,CHI,3900,19.7,21.4
2025,17,2,lev,187.5,Elic Ayomanor,WR,TEN,3600,14.7,13.7
2025,17,2,lev,187.5,Cole Kmet,TE,CHI,2900,12.8,3.6
2025,17,3,lev,175.2,Christian McCaffrey,RB,SF,8800,23.3,31.1
2025,17,3,lev,175.2,Bijan Robinson,RB,ATL,8700,20.2,42.9
2025,17,3,lev,175.2,Jaxon Smith-Njigba,WR,SEA,8600,20.1,16.2
2025,17,3,lev,175.2,Baker Mayfield,QB,TB,5600,20.4,23.4
2025,17,3,lev,175.2,Colston Loveland,TE,CHI,3900,19.7,21.4
2025,17,3,lev,175.2,Malik Washington,WR,MIA,3900,16.9,1.5
2025,17,3,lev,175.2,SEA DST,DST,SEA,3700,9.0,10.0
2025,17,3,lev,175.2,Jalen McMillan,WR,TB,3500,14.4,21.4
2025,17,3,lev,175.2,Cade Otton,TE,TB,3200,16.0,7.3
2025,17,4,boom,171.9,Christian McCaffrey,RB,SF,8800,23.3,31.1
2025,17,4,boom,171.9,Chris Olave,WR,NO,7200,15.2,28.9
2025,17,4,boom,171.9,Brock Purdy,QB,SF,6200,20.9,40.9
2025,17,4,boom,171.9,D'Andre Swift,RB,CHI,5800,12.6,21.9
2025,17,4,boom,171.9,Wan'Dale Robinson,WR,NYG,5700,15.4,25.3
2025,17,4,boom,171.9,Jauan Jennings,WR,SF,5600,13.2,12.2
2025,17,4,boom,171.9,Kendrick Bourne,WR,SF,4000,13.2,3.5
2025,17,4,boom,171.9,DEN DST,DST,DEN,3700,11.5,5.0
2025,17,4,boom,171.9,Daniel Bellinger,TE,NYG,2500,10.4,3.1
2025,17,5,lev,169.8,Christian McCaffrey,RB,SF,8800,23.3,31.1
2025,17,5,lev,169.8,Bijan Robinson,RB,ATL,8700,20.2,42.9
2025,17,5,lev,169.8,Ja'Marr Chase,WR,CIN,8300,21.1,25.0
2025,17,5,lev,169.8,Jaxson Dart,QB,NYG,5400,16.1,25.1
2025,17,5,lev,169.8,NE DST,DST,NE,3900,10.3,7.0
2025,17,5,lev,169.8,Colston Loveland,TE,CHI,3900,19.7,21.4
2025,17,5,lev,169.8,Darius Slayton,WR,NYG,3900,15.7,5.6
2025,17,5,lev,169.8,Tre Tucker,WR,LV,3800,17.9,9.9
2025,17,5,lev,169.8,Isaiah Hodgins,WR,NYG,3000,15.1,1.8
2025,17,6,boom,168.2,Christian McCaffrey,RB,SF,8800,23.3,31.1
2025,17,6,boom,168.2,Drake London,WR,ATL,6800,17.3,1.4
2025,17,6,boom,168.2,Brock Purdy,QB,SF,6200,20.9,40.9
2025,17,6,boom,168.2,Ashton Jeanty,RB,LV,6100,16.5,9.3
2025,17,6,boom,168.2,Stefon Diggs,WR,NE,5800,13.9,25.1
2025,17,6,boom,168.2,D'Andre Swift,RB,CHI,5800,12.6,21.9
2025,17,6,boom,168.2,Ricky Pearsall,WR,SF,5100,10.2,13.5
2025,17,6,boom,168.2,BAL DST,DST,BAL,2700,8.7,6.0
2025,17,6,boom,168.2,Jake Tonges,TE,SF,2500,13.1,19.0
2025,17,7,lev,163.6,Christian McCaffrey,RB,SF,8800,23.3,31.1
2025,17,7,lev,163.6,Bijan Robinson,RB,ATL,8700,20.2,42.9
2025,17,7,lev,163.6,Ja'Marr Chase,WR,CIN,8300,21.1,25.0
2025,17,7,lev,163.6,Baker Mayfield,QB,TB,5600,20.4,23.4
2025,17,7,lev,163.6,Malik Washington,WR,MIA,3900,16.9,1.5
2025,17,7,lev,163.6,Darren Waller,TE,MIA,3800,17.0,1.0
2025,17,7,lev,163.6,Jalen McMillan,WR,TB,3500,14.4,21.4
2025,17,7,lev,163.6,PIT DST,DST,PIT,3300,9.9,10.0
2025,17,7,lev,163.6,Cade Otton,TE,TB,3200,16.0,7.3
2025,17,8,lev,163.2,Christian McCaffrey,RB,SF,8800,23.3,31.1
2025,17,8,lev,163.2,Bijan Robinson,RB,ATL,8700,20.2,42.9
2025,17,8,lev,163.2,Jaxon Smith-Njigba,WR,SEA,8600,20.1,16.2
2025,17,8,lev,163.2,Baker Mayfield,QB,TB,5600,20.4,23.4
2025,17,8,lev,163.2,Darren Waller,TE,MIA,3800,17.0,1.0
2025,17,8,lev,163.2,Tre Tucker,WR,LV,3800,17.9,9.9
2025,17,8,lev,163.2,SEA DST,DST,SEA,3700,9.0,10.0
2025,17,8,lev,163.2,Jalen McMillan,WR,TB,3500,14.4,21.4
2025,17,8,lev,163.2,Cade Otton,TE,TB,3200,16.0,7.3
2025,17,9,lev,162.7,Christian McCaffrey,RB,SF,8800,23.3,31.1
2025,17,9,lev,162.7,Bijan Robinson,RB,ATL,8700,20.2,42.9
2025,17,9,lev,162.7,Jaxon Smith-Njigba,WR,SEA,8600,20.1,16.2
2025,17,9,lev,162.7,Caleb Williams,QB,CHI,5800,19.5,26.0
2025,17,9,lev,162.7,Colston Loveland,TE,CHI,3900,19.7,21.4
2025,17,9,lev,162.7,Cooper Kupp,WR,SEA,3800,17.6,1.6
2025,17,9,lev,162.7,Tre Tucker,WR,LV,3800,17.9,9.9
2025,17,9,lev,162.7,SEA DST,DST,SEA,3700,9.0,10.0
2025,17,9,lev,162.7,Cole Kmet,TE,CHI,2900,12.8,3.6
2025,17,10,lev,160.7,Christian McCaffrey,RB,SF,8800,23.3,31.1
2025,17,10,lev,160.7,De'Von Achane,RB,MIA,8500,17.0,14.2
2025,17,10,lev,160.7,Ja'Marr Chase,WR,CIN,8300,21.1,25.0
2025,17,10,lev,160.7,Baker Mayfield,QB,TB,5600,20.4,23.4
2025,17,10,lev,160.7,Colston Loveland,TE,CHI,3900,19.7,21.4
2025,17,10,lev,160.7,NE DST,DST,NE,3900,10.3,7.0
2025,17,10,lev,160.7,Tre Tucker,WR,LV,3800,17.9,9.9
2025,17,10,lev,160.7,Jalen McMillan,WR,TB,3500,14.4,21.4
2025,17,10,lev,160.7,Cade Otton,TE,TB,3200,16.0,7.3
2025,17,11,lev,156.5,Christian McCaffrey,RB,SF,8800,23.3,31.1
2025,17,11,lev,156.5,Bijan Robinson,RB,ATL,8700,20.2,42.9
2025,17,11,lev,156.5,Jaxon Smith-Njigba,WR,SEA,8600,20.1,16.2
2025,17,11,lev,156.5,Caleb Williams,QB,CHI,5800,19.5,26.0
2025,17,11,lev,156.5,Jayden Higgins,WR,HOU,4000,16.3,16.8
2025,17,11,lev,156.5,Colston Loveland,TE,CHI,3900,19.7,21.4
2025,17,11,lev,156.5,Malik Washington,WR,MIA,3900,16.9,1.5
2025,17,11,lev,156.5,GB DST,DST,GB,3200,9.1,-3.0
2025,17,11,lev,156.5,Cole Kmet,TE,CHI,2900,12.8,3.6
2025,17,12,boom,155.5,Christian McCaffrey,RB,SF,8800,23.3,31.1
2025,17,12,boom,155.5,Jonathan Taylor,RB,IND,7800,17.6,17.4
2025,17,12,boom,155.5,Chris Olave,WR,NO,7200,15.2,28.9
2025,17,12,boom,155.5,Wan'Dale Robinson,WR,NYG,5700,15.4,25.3
2025,17,12,boom,155.5,Tyler Shough,QB,NO,5200,15.7,24.9
2025,17,12,boom,155.5,Alec Pierce,WR,IND,4700,8.5,0.0
2025,17,12,boom,155.5,Juwan Johnson,TE,NO,4200,10.9,13.5
2025,17,12,boom,155.5,PIT DST,DST,PIT,3300,9.9,10.0
2025,17,12,boom,155.5,Mason Kinsey,WR,TEN,3000,9.3,4.4
2025,17,13,boom,155.3,Nico Collins,WR,HOU,7400,15.0,8.7
2025,17,13,boom,155.3,Chase Brown,RB,CIN,7400,16.5,32.1
2025,17,13,boom,155.3,Joe Burrow,QB,CIN,6500,21.4,23.4
2025,17,13,boom,155.3,Michael Wilson,WR,ARI,6400,12.3,19.9
2025,17,13,boom,155.3,Tee Higgins,WR,CIN,6300,14.4,9.9
2025,17,13,boom,155.3,Rhamondre Stevenson,RB,NE,5900,10.9,27.2
2025,17,13,boom,155.3,Colston Loveland,TE,CHI,3900,19.7,21.4
2025,17,13,boom,155.3,Mike Gesicki,TE,CIN,3500,15.6,6.7
2025,17,13,boom,155.3,BAL DST,DST,BAL,2700,8.7,6.0
2025,17,14,lev,155.2,Puka Nacua,WR,LA,9200,20.1,15.7
2025,17,14,lev,155.2,Christian McCaffrey,RB,SF,8800,23.3,31.1
2025,17,14,lev,155.2,Bijan Robinson,RB,ATL,8700,20.2,42.9
2025,17,14,lev,155.2,Caleb Williams,QB,CHI,5800,19.5,26.0
2025,17,14,lev,155.2,Colston Loveland,TE,CHI,3900,19.7,21.4
2025,17,14,lev,155.2,Cooper Kupp,WR,SEA,3800,17.6,1.6
2025,17,14,lev,155.2,Tre Tucker,WR,LV,3800,17.9,9.9
2025,17,14,lev,155.2,TB DST,DST,TB,3100,8.3,3.0
2025,17,14,lev,155.2,Cole Kmet,TE,CHI,2900,12.8,3.6
2025,17,15,lev,150.4,Christian McCaffrey,RB,SF,8800,23.3,31.1
2025,17,15,lev,150.4,Bijan Robinson,RB,ATL,8700,20.2,42.9
2025,17,15,lev,150.4,Ja'Marr Chase,WR,CIN,8300,21.1,25.0
2025,17,15,lev,150.4,Joe Burrow,QB,CIN,6500,21.4,23.4
2025,17,15,lev,150.4,NE DST,DST,NE,3900,10.3,7.0
2025,17,15,lev,150.4,Cooper Kupp,WR,SEA,3800,17.6,1.6
2025,17,15,lev,150.4,Colby Parkinson,TE,LA,3700,17.6,11.3
2025,17,15,lev,150.4,Andrei Iosivas,WR,CIN,3600,14.6,8.1
2025,17,15,lev,150.4,Elijah Higgins,TE,ARI,2500,11.2,0.0
2025,17,16,lev,149.9,Christian McCaffrey,RB,SF,8800,23.3,31.1
2025,17,16,lev,149.9,Ja'Marr Chase,WR,CIN,8300,21.1,25.0
2025,17,16,lev,149.9,Jonathan Taylor,RB,IND,7800,17.6,17.4
2025,17,16,lev,149.9,Caleb Williams,QB,CHI,5800,19.5,26.0
2025,17,16,lev,149.9,Jayden Higgins,WR,HOU,4000,16.3,16.8
2025,17,16,lev,149.9,NE DST,DST,NE,3900,10.3,7.0
2025,17,16,lev,149.9,Colston Loveland,TE,CHI,3900,19.7,21.4
2025,17,16,lev,149.9,Cooper Kupp,WR,SEA,3800,17.6,1.6
2025,17,16,lev,149.9,Cole Kmet,TE,CHI,2900,12.8,3.6
2025,17,17,boom,148.5,Christian McCaffrey,RB,SF,8800,23.3,31.1
2025,17,17,boom,148.5,Nico Collins,WR,HOU,7400,15.0,8.7
2025,17,17,boom,148.5,Brock Purdy,QB,SF,6200,20.9,40.9
2025,17,17,boom,148.5,Courtland Sutton,WR,DEN,6000,14.5,8.0
2025,17,17,boom,148.5,D'Andre Swift,RB,CHI,5800,12.6,21.9
2025,17,17,boom,148.5,Ricky Pearsall,WR,SF,5100,10.2,13.5
2025,17,17,boom,148.5,Hunter Henry,TE,NE,4500,12.1,13.9
2025,17,17,boom,148.5,Kendrick Bourne,WR,SF,4000,13.2,3.5
2025,17,17,boom,148.5,CAR DST,DST,CAR,2100,5.8,7.0
2025,17,18,lev,147.6,Christian McCaffrey,RB,SF,8800,23.3,31.1
2025,17,18,lev,147.6,Bijan Robinson,RB,ATL,8700,20.2,42.9
2025,17,18,lev,147.6,Ja'Marr Chase,WR,CIN,8300,21.1,25.0
2025,17,18,lev,147.6,Joe Burrow,QB,CIN,6500,21.4,23.4
2025,17,18,lev,147.6,NE DST,DST,NE,3900,10.3,7.0
2025,17,18,lev,147.6,Tre Tucker,WR,LV,3800,17.9,9.9
2025,17,18,lev,147.6,Cooper Kupp,WR,SEA,3800,17.6,1.6
2025,17,18,lev,147.6,Mike Gesicki,TE,CIN,3500,15.6,6.7
2025,17,18,lev,147.6,Elijah Higgins,TE,ARI,2500,11.2,0.0
2025,17,19,lev,146.2,Puka Nacua,WR,LA,9200,20.1,15.7
2025,17,19,lev,146.2,Christian McCaffrey,RB,SF,8800,23.3,31.1
2025,17,19,lev,146.2,Jonathan Taylor,RB,IND,7800,17.6,17.4
2025,17,19,lev,146.2,Baker Mayfield,QB,TB,5600,20.4,23.4
2025,17,19,lev,146.2,Colston Loveland,TE,CHI,3900,19.7,21.4
2025,17,19,lev,146.2,Malik Washington,WR,MIA,3900,16.9,1.5
2025,17,19,lev,146.2,NE DST,DST,NE,3900,10.3,7.0
2025,17,19,lev,146.2,Jalen McMillan,WR,TB,3500,14.4,21.4
2025,17,19,lev,146.2,Cade Otton,TE,TB,3200,16.0,7.3
2025,17,20,lev,143.6,Christian McCaffrey,RB,SF,8800,23.3,31.1
2025,17,20,lev,143.6,Jaxon Smith-Njigba,WR,SEA,8600,20.1,16.2
2025,17,20,lev,143.6,De'Von Achane,RB,MIA,8500,17.0,14.2
2025,17,20,lev,143.6,Baker Mayfield,QB,TB,5600,20.4,23.4
2025,17,20,lev,143.6,Colston Loveland,TE,CHI,3900,19.7,21.4
2025,17,20,lev,143.6,NE DST,DST,NE,3900,10.3,7.0
2025,17,20,lev,143.6,Cooper Kupp,WR,SEA,3800,17.6,1.6
2025,17,20,lev,143.6,Jalen McMillan,WR,TB,3500,14.4,21.4
2025,17,20,lev,143.6,Cade Otton,TE,TB,3200,16.0,7.3
2025,17,21,lev,143.2,Christian McCaffrey,RB,SF,8800,23.3,31.1
2025,17,21,lev,143.2,Ja'Marr Chase,WR,CIN,8300,21.1,25.0
2025,17,21,lev,143.2,Jonathan Taylor,RB,IND,7800,17.6,17.4
2025,17,21,lev,143.2,Trevor Lawrence,QB,JAX,6100,20.8,24.1
2025,17,21,lev,143.2,Jakobi Meyers,WR,JAX,5300,14.4,8.9
2025,17,21,lev,143.2,Brenton Strange,TE,JAX,4000,17.4,8.4
2025,17,21,lev,143.2,Colston Loveland,TE,CHI,3900,19.7,21.4
2025,17,21,lev,143.2,Tre Tucker,WR,LV,3800,17.9,9.9
2025,17,21,lev,143.2,NYJ DST,DST,NYJ,2000,4.1,-3.0
2025,17,22,boom,142.2,Christian McCaffrey,RB,SF,8800,23.3,31.1
2025,17,22,boom,142.2,Jaylen Waddle,WR,MIA,6100,13.2,0.7
2025,17,22,boom,142.2,Stefon Diggs,WR,NE,5800,13.9,25.1
2025,17,22,boom,142.2,Caleb Williams,QB,CHI,5800,19.5,26.0
2025,17,22,boom,142.2,D'Andre Swift,RB,CHI,5800,12.6,21.9
2025,17,22,boom,142.2,D.J. Moore,WR,CHI,5500,11.5,1.7
2025,17,22,boom,142.2,Tyler Warren,TE,IND,4400,11.9,9.3
2025,17,22,boom,142.2,Colston Loveland,TE,CHI,3900,19.7,21.4
2025,17,22,boom,142.2,DEN DST,DST,DEN,3700,11.5,5.0
2025,17,23,boom,140.6,Bijan Robinson,RB,ATL,8700,20.2,42.9
2025,17,23,boom,140.6,Ja'Marr Chase,WR,CIN,8300,21.1,25.0
2025,17,23,boom,140.6,Chase Brown,RB,CIN,7400,16.5,32.1
2025,17,23,boom,140.6,Joe Burrow,QB,CIN,6500,21.4,23.4
2025,17,23,boom,140.6,Marvin Harrison Jr.,WR,ARI,5400,9.8,0.0
2025,17,23,boom,140.6,Brian Thomas Jr.,WR,JAX,5200,11.0,7.9
2025,17,23,boom,140.6,Ke'Shawn Williams,WR,CIN,3000,8.4,1.5
2025,17,23,boom,140.6,BAL DST,DST,BAL,2700,8.7,6.0
2025,17,23,boom,140.6,Josh Whyle,TE,GB,2500,8.0,1.8
2025,17,24,boom,135.2,Bijan Robinson,RB,ATL,8700,20.2,42.9
2025,17,24,boom,135.2,Jonathan Taylor,RB,IND,7800,17.6,17.4
2025,17,24,boom,135.2,Zay Flowers,WR,BAL,6400,13.4,13.0
2025,17,24,boom,135.2,Trevor Lawrence,QB,JAX,6100,20.8,24.1
2025,17,24,boom,135.2,Jakobi Meyers,WR,JAX,5300,14.4,8.9
2025,17,24,boom,135.2,Brenton Strange,TE,JAX,4000,17.4,8.4
2025,17,24,boom,135.2,Darius Slayton,WR,NYG,3900,15.7,5.6
2025,17,24,boom,135.2,Tre Tucker,WR,LV,3800,17.9,9.9
2025,17,24,boom,135.2,DEN DST,DST,DEN,3700,11.5,5.0
2025,17,25,game,134.0,Christian McCaffrey,RB,SF,8800,23.3,31.1
2025,17,25,game,134.0,Ja'Marr Chase,WR,CIN,8300,21.1,25.0
2025,17,25,game,134.0,Omarion Hampton,RB,LAC,6300,12.5,20.0
2025,17,25,game,134.0,Ladd McConkey,WR,LAC,6200,11.4,4.1
2025,17,25,game,134.0,Justin Herbert,QB,LAC,6000,17.6,16.1
2025,17,25,game,134.0,Jayden Higgins,WR,HOU,4000,16.3,16.8
2025,17,25,game,134.0,Colston Loveland,TE,CHI,3900,19.7,21.4
2025,17,25,game,134.0,Tre Harris,WR,LAC,3300,13.1,2.5
2025,17,25,game,134.0,GB DST,DST,GB,3200,9.1,-3.0
2025,17,26,boom,133.8,Christian McCaffrey,RB,SF,8800,23.3,31.1
2025,17,26,boom,133.8,Jaxon Smith-Njigba,WR,SEA,8600,20.1,16.2
2025,17,26,boom,133.8,Courtland Sutton,WR,DEN,6000,14.5,8.0
2025,17,26,boom,133.8,Rico Dowdle,RB,CAR,6000,10.9,9.3
2025,17,26,boom,133.8,Sam Darnold,QB,SEA,5900,17.4,8.1
2025,17,26,boom,133.8,Colston Loveland,TE,CHI,3900,19.7,21.4
2025,17,26,boom,133.8,DEN DST,DST,DEN,3700,11.5,5.0
2025,17,26,boom,133.8,AJ Barner,TE,SEA,3600,17.4,13.3
2025,17,26,boom,133.8,Jalen McMillan,WR,TB,3500,14.4,21.4
2025,17,27,game,132.9,Christian McCaffrey,RB,SF,8800,23.3,31.1
2025,17,27,game,132.9,Bijan Robinson,RB,ATL,8700,20.2,42.9
2025,17,27,game,132.9,Jaxon Smith-Njigba,WR,SEA,8600,20.1,16.2
2025,17,27,game,132.9,Sam Darnold,QB,SEA,5900,17.4,8.1
2025,17,27,game,132.9,Colston Loveland,TE,CHI,3900,19.7,21.4
2025,17,27,game,132.9,Cooper Kupp,WR,SEA,3800,17.6,1.6
2025,17,27,game,132.9,AJ Barner,TE,SEA,3600,17.4,13.3
2025,17,27,game,132.9,Xavier Legette,WR,CAR,3400,11.9,1.3
2025,17,27,game,132.9,GB DST,DST,GB,3200,9.1,-3.0
2025,17,28,boom,129.8,Christian McCaffrey,RB,SF,8800,23.3,31.1
2025,17,28,boom,129.8,Ladd McConkey,WR,LAC,6200,11.4,4.1
2025,17,28,boom,129.8,Trevor Lawrence,QB,JAX,6100,20.8,24.1
2025,17,28,boom,129.8,D'Andre Swift,RB,CHI,5800,12.6,21.9
2025,17,28,boom,129.8,Jakobi Meyers,WR,JAX,5300,14.4,8.9
2025,17,28,boom,129.8,Brian Thomas Jr.,WR,JAX,5200,11.0,7.9
2025,17,28,boom,129.8,Josh Downs,WR,IND,4200,9.6,5.4
2025,17,28,boom,129.8,Colston Loveland,TE,CHI,3900,19.7,21.4
2025,17,28,boom,129.8,DEN DST,DST,DEN,3700,11.5,5.0
2025,17,29,boom,127.7,Jonathan Taylor,RB,IND,7800,17.6,17.4
2025,17,29,boom,127.7,Jaylen Warren,RB,PIT,6600,11.6,6.4
2025,17,29,boom,127.7,Trevor Lawrence,QB,JAX,6100,20.8,24.1
2025,17,29,boom,127.7,Wan'Dale Robinson,WR,NYG,5700,15.4,25.3
2025,17,29,boom,127.7,Jakobi Meyers,WR,JAX,5300,14.4,8.9
2025,17,29,boom,127.7,Brian Thomas Jr.,WR,JAX,5200,11.0,7.9
2025,17,29,boom,127.7,Hunter Henry,TE,NE,4500,12.1,13.9
2025,17,29,boom,127.7,Jayden Higgins,WR,HOU,4000,16.3,16.8
2025,17,29,boom,127.7,NE DST,DST,NE,3900,10.3,7.0
2025,17,30,boom,126.0,Christian McCaffrey,RB,SF,8800,23.3,31.1
2025,17,30,boom,126.0,Bucky Irving,RB,TB,6200,13.4,8.3
2025,17,30,boom,126.0,Courtland Sutton,WR,DEN,6000,14.5,8.0
2025,17,30,boom,126.0,Stefon Diggs,WR,NE,5800,13.9,25.1
2025,17,30,boom,126.0,Caleb Williams,QB,CHI,5800,19.5,26.0
2025,17,30,boom,126.0,Jauan Jennings,WR,SF,5600,13.2,12.2
2025,17,30,boom,126.0,D.J. Moore,WR,CHI,5500,11.5,1.7
2025,17,30,boom,126.0,PIT DST,DST,PIT,3300,9.9,10.0
2025,17,30,boom,126.0,Cole Kmet,TE,CHI,2900,12.8,3.6
2025,17,31,boom,123.0,Christian McCaffrey,RB,SF,8800,23.3,31.1
2025,17,31,boom,123.0,Saquon Barkley,RB,PHI,7600,15.2,6.8
2025,17,31,boom,123.0,Stefon Diggs,WR,NE,5800,13.9,25.1
2025,17,31,boom,123.0,Caleb Williams,QB,CHI,5800,19.5,26.0
2025,17,31,boom,123.0,D.J. Moore,WR,CHI,5500,11.5,1.7
2025,17,31,boom,123.0,Marvin Harrison Jr.,WR,ARI,5400,9.8,0.0
2025,17,31,boom,123.0,Dalton Schultz,TE,HOU,4200,10.3,4.9
2025,17,31,boom,123.0,Colston Loveland,TE,CHI,3900,19.7,21.4
2025,17,31,boom,123.0,BAL DST,DST,BAL,2700,8.7,6.0
2025,17,32,boom,119.6,Ja'Marr Chase,WR,CIN,8300,21.1,25.0
2025,17,32,boom,119.6,Chase Brown,RB,CIN,7400,16.5,32.1
2025,17,32,boom,119.6,Drake London,WR,ATL,6800,17.3,1.4
2025,17,32,boom,119.6,Tetairoa McMillan,WR,CAR,5900,12.0,1.5
2025,17,32,boom,119.6,Zach Charbonnet,RB,SEA,5300,9.5,29.2
2025,17,32,boom,119.6,Bryce Young,QB,CAR,4900,15.7,9.9
2025,17,32,boom,119.6,Hunter Henry,TE,NE,4500,12.1,13.9
2025,17,32,boom,119.6,DEN DST,DST,DEN,3700,11.5,5.0
2025,17,32,boom,119.6,Tommy Tremble,TE,CAR,2500,9.1,1.6
2025,17,33,boom,118.6,Jonathan Taylor,RB,IND,7800,17.6,17.4
2025,17,33,boom,118.6,Trevor Lawrence,QB,JAX,6100,20.8,24.1
2025,17,33,boom,118.6,Courtland Sutton,WR,DEN,6000,14.5,8.0
2025,17,33,boom,118.6,Breece Hall,RB,NYJ,5700,12.6,23.9
2025,17,33,boom,118.6,Marvin Harrison Jr.,WR,ARI,5400,9.8,0.0
2025,17,33,boom,118.6,Jakobi Meyers,WR,JAX,5300,14.4,8.9
2025,17,33,boom,118.6,Parker Washington,WR,JAX,4800,9.1,22.0
2025,17,33,boom,118.6,Tyler Warren,TE,IND,4400,11.9,9.3
2025,17,33,boom,118.6,DEN DST,DST,DEN,3700,11.5,5.0
2025,17,34,game,117.4,Christian McCaffrey,RB,SF,8800,23.3,31.1
2025,17,34,game,117.4,Jaxon Smith-Njigba,WR,SEA,8600,20.1,16.2
2025,17,34,game,117.4,Jonathan Taylor,RB,IND,7800,17.6,17.4
2025,17,34,game,117.4,Sam Darnold,QB,SEA,5900,17.4,8.1
2025,17,34,game,117.4,Colston Loveland,TE,CHI,3900,19.7,21.4
2025,17,34,game,117.4,NE DST,DST,NE,3900,10.3,7.0
2025,17,34,game,117.4,Cooper Kupp,WR,SEA,3800,17.6,1.6
2025,17,34,game,117.4,AJ Barner,TE,SEA,3600,17.4,13.3
2025,17,34,game,117.4,Xavier Legette,WR,CAR,3400,11.9,1.3
2025,17,35,boom,116.3,Ja'Marr Chase,WR,CIN,8300,21.1,25.0
2025,17,35,boom,116.3,Nico Collins,WR,HOU,7400,15.0,8.7
2025,17,35,boom,116.3,Kyren Williams,RB,LA,6700,15.1,16.0
2025,17,35,boom,116.3,Joe Burrow,QB,CIN,6500,21.4,23.4
2025,17,35,boom,116.3,Wan'Dale Robinson,WR,NYG,5700,15.4,25.3
2025,17,35,boom,116.3,Michael Carter,RB,ARI,5200,11.3,6.3
2025,17,35,boom,116.3,Malik Washington,WR,MIA,3900,16.9,1.5
2025,17,35,boom,116.3,DEN DST,DST,DEN,3700,11.5,5.0
2025,17,35,boom,116.3,Tanner Hudson,TE,CIN,2500,8.4,5.1
2025,17,36,boom,103.0,Christian McCaffrey,RB,SF,8800,23.3,31.1
2025,17,36,boom,103.0,Jaxon Smith-Njigba,WR,SEA,8600,20.1,16.2
2025,17,36,boom,103.0,Bucky Irving,RB,TB,6200,13.4,8.3
2025,17,36,boom,103.0,Caleb Williams,QB,CHI,5800,19.5,26.0
2025,17,36,boom,103.0,D.J. Moore,WR,CHI,5500,11.5,1.7
2025,17,36,boom,103.0,Jakobi Meyers,WR,JAX,5300,14.4,8.9
2025,17,36,boom,103.0,DEN DST,DST,DEN,3700,11.5,5.0
2025,17,36,boom,103.0,Joshua Palmer,WR,BUF,3200,12.4,2.2
2025,17,36,boom,103.0,Cole Kmet,TE,CHI,2900,12.8,3.6
2025,17,37,boom,102.4,Christian McCaffrey,RB,SF,8800,23.3,31.1
2025,17,37,boom,102.4,Jalen Hurts,QB,PHI,6600,17.7,8.9
2025,17,37,boom,102.4,Jaylen Waddle,WR,MIA,6100,13.2,0.7
2025,17,37,boom,102.4,DeVonta Smith,WR,PHI,6000,11.4,4.5
2025,17,37,boom,102.4,Wan'Dale Robinson,WR,NYG,5700,15.4,25.3
2025,17,37,boom,102.4,Tony Pollard,RB,TEN,5500,10.9,11.5
2025,17,37,boom,102.4,Dallas Goedert,TE,PHI,4300,9.3,9.8
2025,17,37,boom,102.4,DEN DST,DST,DEN,3700,11.5,5.0
2025,17,37,boom,102.4,Tyrell Shavers,WR,BUF,3000,10.8,5.6
2025,17,38,boom,102.2,Jaxon Smith-Njigba,WR,SEA,8600,20.1,16.2
2025,17,38,boom,102.2,Ashton Jeanty,RB,LV,6100,16.5,9.3
2025,17,38,boom,102.2,Justin Herbert,QB,LAC,6000,17.6,16.1
2025,17,38,boom,102.2,Courtland Sutton,WR,DEN,6000,14.5,8.0
2025,17,38,boom,102.2,Wan'Dale Robinson,WR,NYG,5700,15.4,25.3
2025,17,38,boom,102.2,Jawhar Jordan,RB,HOU,5300,5.6,3.6
2025,17,38,boom,102.2,Quentin Johnston,WR,LAC,5200,9.3,14.8
2025,17,38,boom,102.2,DEN DST,DST,DEN,3700,11.5,5.0
2025,17,38,boom,102.2,Will Dissly,TE,LAC,2500,7.5,3.9
2025,17,39,boom,94.5,Christian McCaffrey,RB,SF,8800,23.3,31.1
2025,17,39,boom,94.5,Josh Jacobs,RB,GB,6900,11.7,1.3
2025,17,39,boom,94.5,Ladd McConkey,WR,LAC,6200,11.4,4.1
2025,17,39,boom,94.5,Trevor Lawrence,QB,JAX,6100,20.8,24.1
2025,17,39,boom,94.5,Jakobi Meyers,WR,JAX,5300,14.4,8.9
2025,17,39,boom,94.5,Brian Thomas Jr.,WR,JAX,5200,11.0,7.9
2025,17,39,boom,94.5,Josh Downs,WR,IND,4200,9.6,5.4
2025,17,39,boom,94.5,DEN DST,DST,DEN,3700,11.5,5.0
2025,17,39,boom,94.5,Mike Gesicki,TE,CIN,3500,15.6,6.7
2025,17,40,boom,77.0,Christian McCaffrey,RB,SF,8800,23.3,31.1
2025,17,40,boom,77.0,TreVeyon Henderson,RB,NE,6400,12.8,8.2
2025,17,40,boom,77.0,Courtland Sutton,WR,DEN,6000,14.5,8.0
2025,17,40,boom,77.0,Sam Darnold,QB,SEA,5900,17.4,8.1
2025,17,40,boom,77.0,Tetairoa McMillan,WR,CAR,5900,12.0,1.5
2025,17,40,boom,77.0,Marvin Harrison Jr.,WR,ARI,5400,9.8,0.0
2025,17,40,boom,77.0,Rashid Shaheed,WR,SEA,4300,7.8,1.8
2025,17,40,boom,77.0,DEN DST,DST,DEN,3700,11.5,5.0
2025,17,40,boom,77.0,AJ Barner,TE,SEA,3600,17.4,13.3
2025,18,1,lev,157.9,Bijan Robinson,RB,ATL,8700,22.2,7.3
2025,18,1,lev,157.9,Ja'Marr Chase,WR,CIN,8500,19.4,23.6
2025,18,1,lev,157.9,Jahmyr Gibbs,RB,DET,8000,19.2,20.3
2025,18,1,lev,157.9,Caleb Williams,QB,CHI,5900,23.2,17.6
2025,18,1,lev,157.9,Colston Loveland,TE,CHI,3900,19.4,25.1
2025,18,1,lev,157.9,Ryan Flournoy,WR,DAL,3800,17.2,11.8
2025,18,1,lev,157.9,DEN DST,DST,DEN,3800,11.7,21.0
2025,18,1,lev,157.9,Colby Parkinson,TE,LA,3700,18.0,19.6
2025,18,1,lev,157.9,Jahdae Walker,WR,CHI,3400,11.5,11.6
2025,18,2,lev,149.1,Bijan Robinson,RB,ATL,8700,22.2,7.3
2025,18,2,lev,149.1,Ja'Marr Chase,WR,CIN,8500,19.4,23.6
2025,18,2,lev,149.1,Jahmyr Gibbs,RB,DET,8000,19.2,20.3
2025,18,2,lev,149.1,Caleb Williams,QB,CHI,5900,23.2,17.6
2025,18,2,lev,149.1,Tre Tucker,WR,LV,4000,17.6,5.4
2025,18,2,lev,149.1,Colston Loveland,TE,CHI,3900,19.4,25.1
2025,18,2,lev,149.1,DEN DST,DST,DEN,3800,11.7,21.0
2025,18,2,lev,149.1,Brenton Strange,TE,JAX,3800,19.0,17.2
2025,18,2,lev,149.1,Jahdae Walker,WR,CHI,3400,11.5,11.6
2025,18,3,boom,144.7,Ja'Marr Chase,WR,CIN,8500,19.4,23.6
2025,18,3,boom,144.7,Trevor Lawrence,QB,JAX,6400,21.5,23.3
2025,18,3,boom,144.7,Tee Higgins,WR,CIN,6000,11.9,18.7
2025,18,3,boom,144.7,Jakobi Meyers,WR,JAX,5600,14.5,9.4
2025,18,3,boom,144.7,Tony Pollard,RB,TEN,5400,10.0,9.5
2025,18,3,boom,144.7,Dylan Sampson,RB,CLE,5200,8.5,6.4
2025,18,3,boom,144.7,Audric Estime,RB,NO,5000,10.3,15.6
2025,18,3,boom,144.7,DEN DST,DST,DEN,3800,11.7,21.0
2025,18,3,boom,144.7,Brenton Strange,TE,JAX,3800,19.0,17.2
2025,18,4,game,141.6,Bijan Robinson,RB,ATL,8700,22.2,7.3
2025,18,4,game,141.6,Ja'Marr Chase,WR,CIN,8500,19.4,23.6
2025,18,4,game,141.6,Chase Brown,RB,CIN,7600,16.3,19.0
2025,18,4,game,141.6,Joe Burrow,QB,CIN,6700,20.1,22.1
2025,18,4,game,141.6,Colston Loveland,TE,CHI,3900,19.4,25.1
2025,18,4,game,141.6,Brenton Strange,TE,JAX,3800,19.0,17.2
2025,18,4,game,141.6,DEN DST,DST,DEN,3800,11.7,21.0
2025,18,4,game,141.6,Andrei Iosivas,WR,CIN,3500,14.4,3.0
2025,18,4,game,141.6,Cedric Tillman,WR,CLE,3100,13.0,3.3
2025,18,5,boom,140.7,Bijan Robinson,RB,ATL,8700,22.2,7.3
2025,18,5,boom,140.7,Ja'Marr Chase,WR,CIN,8500,19.4,23.6
2025,18,5,boom,140.7,Woody Marks,RB,HOU,5800,9.9,6.8
2025,18,5,boom,140.7,Justin Jefferson,WR,MIN,5800,14.0,21.4
2025,18,5,boom,140.7,Riley Leonard,QB,IND,4700,14.9,24.6
2025,18,5,boom,140.7,Travis Kelce,TE,KC,4700,6.5,4.2
2025,18,5,boom,140.7,Alec Pierce,WR,IND,4500,10.4,32.2
2025,18,5,boom,140.7,Josh Downs,WR,IND,4200,9.3,9.6
2025,18,5,boom,140.7,MIN DST,DST,MIN,3000,11.7,11.0
2025,18,6,lev,140.1,Puka Nacua,WR,LA,9000,20.6,26.0
2025,18,6,lev,140.1,Bijan Robinson,RB,ATL,8700,22.2,7.3
2025,18,6,lev,140.1,Jahmyr Gibbs,RB,DET,8000,19.2,20.3
2025,18,6,lev,140.1,Caleb Williams,QB,CHI,5900,23.2,17.6
2025,18,6,lev,140.1,Tre Tucker,WR,LV,4000,17.6,5.4
2025,18,6,lev,140.1,Colston Loveland,TE,CHI,3900,19.4,25.1
2025,18,6,lev,140.1,Ryan Flournoy,WR,DAL,3800,17.2,11.8
2025,18,6,lev,140.1,DEN DST,DST,DEN,3800,11.7,21.0
2025,18,6,lev,140.1,Cole Kmet,TE,CHI,2900,13.7,5.6
2025,18,7,lev,138.8,Puka Nacua,WR,LA,9000,20.6,26.0
2025,18,7,lev,138.8,Bijan Robinson,RB,ATL,8700,22.2,7.3
2025,18,7,lev,138.8,Jahmyr Gibbs,RB,DET,8000,19.2,20.3
2025,18,7,lev,138.8,Caleb Williams,QB,CHI,5900,23.2,17.6
2025,18,7,lev,138.8,Elic Ayomanor,WR,TEN,3900,14.4,8.0
2025,18,7,lev,138.8,Colston Loveland,TE,CHI,3900,19.4,25.1
2025,18,7,lev,138.8,DEN DST,DST,DEN,3800,11.7,21.0
2025,18,7,lev,138.8,Jalen Nailor,WR,MIN,3300,16.6,7.9
2025,18,7,lev,138.8,Cole Kmet,TE,CHI,2900,13.7,5.6
2025,18,8,boom,137.8,Jahmyr Gibbs,RB,DET,8000,19.2,20.3
2025,18,8,boom,137.8,Drake London,WR,ATL,6900,14.6,17.8
2025,18,8,boom,137.8,Michael Wilson,WR,ARI,6600,14.6,20.9
2025,18,8,boom,137.8,Caleb Williams,QB,CHI,5900,23.2,17.6
2025,18,8,boom,137.8,D'Andre Swift,RB,CHI,5900,13.9,5.8
2025,18,8,boom,137.8,D.J. Moore,WR,CHI,5500,10.4,2.1
2025,18,8,boom,137.8,Colston Loveland,TE,CHI,3900,19.4,25.1
2025,18,8,boom,137.8,Brenton Strange,TE,JAX,3800,19.0,17.2
2025,18,8,boom,137.8,MIN DST,DST,MIN,3000,11.7,11.0
2025,18,9,boom,137.5,Amon-Ra St. Brown,WR,DET,7700,16.3,27.9
2025,18,9,boom,137.5,George Pickens,WR,DAL,7200,16.0,1.9
2025,18,9,boom,137.5,D'Andre Swift,RB,CHI,5900,13.9,5.8
2025,18,9,boom,137.5,Woody Marks,RB,HOU,5800,9.9,6.8
2025,18,9,boom,137.5,Terry McLaurin,WR,WAS,5700,6.2,9.7
2025,18,9,boom,137.5,Riley Leonard,QB,IND,4700,14.9,24.6
2025,18,9,boom,137.5,Alec Pierce,WR,IND,4500,10.4,32.2
2025,18,9,boom,137.5,Tyler Warren,TE,IND,4400,11.7,7.6
2025,18,9,boom,137.5,DEN DST,DST,DEN,3800,11.7,21.0
2025,18,10,lev,137.3,Puka Nacua,WR,LA,9000,20.6,26.0
2025,18,10,lev,137.3,Bijan Robinson,RB,ATL,8700,22.2,7.3
2025,18,10,lev,137.3,Jahmyr Gibbs,RB,DET,8000,19.2,20.3
2025,18,10,lev,137.3,Caleb Williams,QB,CHI,5900,23.2,17.6
2025,18,10,lev,137.3,Colston Loveland,TE,CHI,3900,19.4,25.1
2025,18,10,lev,137.3,Pat Bryant,WR,DEN,3800,15.2,7.1
2025,18,10,lev,137.3,Dalton Schultz,TE,HOU,3800,17.3,11.3
2025,18,10,lev,137.3,Jahdae Walker,WR,CHI,3400,11.5,11.6
2025,18,10,lev,137.3,KC DST,DST,KC,3200,9.5,11.0
2025,18,11,boom,135.7,Jahmyr Gibbs,RB,DET,8000,19.2,20.3
2025,18,11,boom,135.7,Jonathan Taylor,RB,IND,7800,14.4,5.9
2025,18,11,boom,135.7,George Pickens,WR,DAL,7200,16.0,1.9
2025,18,11,boom,135.7,Caleb Williams,QB,CHI,5900,23.2,17.6
2025,18,11,boom,135.7,D.J. Moore,WR,CHI,5500,10.4,2.1
2025,18,11,boom,135.7,Alec Pierce,WR,IND,4500,10.4,32.2
2025,18,11,boom,135.7,Colston Loveland,TE,CHI,3900,19.4,25.1
2025,18,11,boom,135.7,Colby Parkinson,TE,LA,3700,18.0,19.6
2025,18,11,boom,135.7,MIN DST,DST,MIN,3000,11.7,11.0
2025,18,12,lev,135.1,Bijan Robinson,RB,ATL,8700,22.2,7.3
2025,18,12,lev,135.1,Ja'Marr Chase,WR,CIN,8500,19.4,23.6
2025,18,12,lev,135.1,Jahmyr Gibbs,RB,DET,8000,19.2,20.3
2025,18,12,lev,135.1,Caleb Williams,QB,CHI,5900,23.2,17.6
2025,18,12,lev,135.1,Colston Loveland,TE,CHI,3900,19.4,25.1
2025,18,12,lev,135.1,Ryan Flournoy,WR,DAL,3800,17.2,11.8
2025,18,12,lev,135.1,DEN DST,DST,DEN,3800,11.7,21.0
2025,18,12,lev,135.1,Isaac TeSlaa,WR,DET,3700,15.2,2.8
2025,18,12,lev,135.1,Cole Kmet,TE,CHI,2900,13.7,5.6
2025,18,13,boom,134.7,Amon-Ra St. Brown,WR,DET,7700,16.3,27.9
2025,18,13,boom,134.7,CeeDee Lamb,WR,DAL,7300,15.8,1.4
2025,18,13,boom,134.7,Drake London,WR,ATL,6900,14.6,17.8
2025,18,13,boom,134.7,Caleb Williams,QB,CHI,5900,23.2,17.6
2025,18,13,boom,134.7,D'Andre Swift,RB,CHI,5900,13.9,5.8
2025,18,13,boom,134.7,David Montgomery,RB,DET,5000,6.8,6.5
2025,18,13,boom,134.7,Colston Loveland,TE,CHI,3900,19.4,25.1
2025,18,13,boom,134.7,DEN DST,DST,DEN,3800,11.7,21.0
2025,18,13,boom,134.7,Jahdae Walker,WR,CHI,3400,11.5,11.6
2025,18,14,boom,131.2,Amon-Ra St. Brown,WR,DET,7700,16.3,27.9
2025,18,14,boom,131.2,Drake London,WR,ATL,6900,14.6,17.8
2025,18,14,boom,131.2,Michael Wilson,WR,ARI,6600,14.6,20.9
2025,18,14,boom,131.2,Caleb Williams,QB,CHI,5900,23.2,17.6
2025,18,14,boom,131.2,Blake Corum,RB,LA,5700,5.7,7.9
2025,18,14,boom,131.2,D.J. Moore,WR,CHI,5500,10.4,2.1
2025,18,14,boom,131.2,Kyle Monangai,RB,CHI,5400,10.5,5.9
2025,18,14,boom,131.2,Colston Loveland,TE,CHI,3900,19.4,25.1
2025,18,14,boom,131.2,WAS DST,DST,WAS,2300,7.9,6.0
2025,18,15,lev,129.8,Puka Nacua,WR,LA,9000,20.6,26.0
2025,18,15,lev,129.8,Bijan Robinson,RB,ATL,8700,22.2,7.3
2025,18,15,lev,129.8,Chase Brown,RB,CIN,7600,16.3,19.0
2025,18,15,lev,129.8,Caleb Williams,QB,CHI,5900,23.2,17.6
2025,18,15,lev,129.8,Tre Tucker,WR,LV,4000,17.6,5.4
2025,18,15,lev,129.8,Colston Loveland,TE,CHI,3900,19.4,25.1
2025,18,15,lev,129.8,DEN DST,DST,DEN,3800,11.7,21.0
2025,18,15,lev,129.8,Isaac TeSlaa,WR,DET,3700,15.2,2.8
2025,18,15,lev,129.8,Cole Kmet,TE,CHI,2900,13.7,5.6
2025,18,16,boom,129.8,Bijan Robinson,RB,ATL,8700,22.2,7.3
2025,18,16,boom,129.8,Chase Brown,RB,CIN,7600,16.3,19.0
2025,18,16,boom,129.8,Drake London,WR,ATL,6900,14.6,17.8
2025,18,16,boom,129.8,Jameson Williams,WR,DET,6700,13.5,13.4
2025,18,16,boom,129.8,Caleb Williams,QB,CHI,5900,23.2,17.6
2025,18,16,boom,129.8,Colston Loveland,TE,CHI,3900,19.4,25.1
2025,18,16,boom,129.8,DEN DST,DST,DEN,3800,11.7,21.0
2025,18,16,boom,129.8,Andrei Iosivas,WR,CIN,3500,14.4,3.0
2025,18,16,boom,129.8,Cole Kmet,TE,CHI,2900,13.7,5.6
2025,18,17,boom,129.8,Bijan Robinson,RB,ATL,8700,22.2,7.3
2025,18,17,boom,129.8,Jahmyr Gibbs,RB,DET,8000,19.2,20.3
2025,18,17,boom,129.8,Matthew Stafford,QB,LA,6900,20.1,26.7
2025,18,17,boom,129.8,Michael Wilson,WR,ARI,6600,14.6,20.9
2025,18,17,boom,129.8,Justin Jefferson,WR,MIN,5800,14.0,21.4
2025,18,17,boom,129.8,Tyler Warren,TE,IND,4400,11.7,7.6
2025,18,17,boom,129.8,Colby Parkinson,TE,LA,3700,18.0,19.6
2025,18,17,boom,129.8,Konata Mumpfield,WR,LA,3200,12.9,0.0
2025,18,17,boom,129.8,WAS DST,DST,WAS,2300,7.9,6.0
2025,18,18,boom,128.4,Jahmyr Gibbs,RB,DET,8000,19.2,20.3
2025,18,18,boom,128.4,George Pickens,WR,DAL,7200,16.0,1.9
2025,18,18,boom,128.4,Trevor Lawrence,QB,JAX,6400,21.5,23.3
2025,18,18,boom,128.4,Tee Higgins,WR,CIN,6000,11.9,18.7
2025,18,18,boom,128.4,Jakobi Meyers,WR,JAX,5600,14.5,9.4
2025,18,18,boom,128.4,Tony Pollard,RB,TEN,5400,10.0,9.5
2025,18,18,boom,128.4,Pat Bryant,WR,DEN,3800,15.2,7.1
2025,18,18,boom,128.4,DEN DST,DST,DEN,3800,11.7,21.0
2025,18,18,boom,128.4,Brenton Strange,TE,JAX,3800,19.0,17.2
2025,18,19,boom,127.6,Puka Nacua,WR,LA,9000,20.6,26.0
2025,18,19,boom,127.6,Jonathan Taylor,RB,IND,7800,14.4,5.9
2025,18,19,boom,127.6,DeVonta Smith,WR,PHI,5800,13.5,8.2
2025,18,19,boom,127.6,Jordan Addison,WR,MIN,4800,9.5,1.8
2025,18,19,boom,127.6,Riley Leonard,QB,IND,4700,14.9,24.6
2025,18,19,boom,127.6,Alec Pierce,WR,IND,4500,10.4,32.2
2025,18,19,boom,127.6,Tyler Warren,TE,IND,4400,11.7,7.6
2025,18,19,boom,127.6,Jawhar Jordan,RB,HOU,4300,9.2,0.3
2025,18,19,boom,127.6,DEN DST,DST,DEN,3800,11.7,21.0
2025,18,20,lev,126.4,Puka Nacua,WR,LA,9000,20.6,26.0
2025,18,20,lev,126.4,Bijan Robinson,RB,ATL,8700,22.2,7.3
2025,18,20,lev,126.4,Jahmyr Gibbs,RB,DET,8000,19.2,20.3
2025,18,20,lev,126.4,Caleb Williams,QB,CHI,5900,23.2,17.6
2025,18,20,lev,126.4,Tre Tucker,WR,LV,4000,17.6,5.4
2025,18,20,lev,126.4,Colston Loveland,TE,CHI,3900,19.4,25.1
2025,18,20,lev,126.4,Pat Bryant,WR,DEN,3800,15.2,7.1
2025,18,20,lev,126.4,HOU DST,DST,HOU,3700,11.1,12.0
2025,18,20,lev,126.4,Cole Kmet,TE,CHI,2900,13.7,5.6
2025,18,21,lev,124.8,Bijan Robinson,RB,ATL,8700,22.2,7.3
2025,18,21,lev,124.8,Ja'Marr Chase,WR,CIN,8500,19.4,23.6
2025,18,21,lev,124.8,Jahmyr Gibbs,RB,DET,8000,19.2,20.3
2025,18,21,lev,124.8,Caleb Williams,QB,CHI,5900,23.2,17.6
2025,18,21,lev,124.8,Tre Tucker,WR,LV,4000,17.6,5.4
2025,18,21,lev,124.8,NE DST,DST,NE,3900,10.1,12.0
2025,18,21,lev,124.8,Colston Loveland,TE,CHI,3900,19.4,25.1
2025,18,21,lev,124.8,Jalen Nailor,WR,MIN,3300,16.6,7.9
2025,18,21,lev,124.8,Cole Kmet,TE,CHI,2900,13.7,5.6
2025,18,22,boom,121.1,Bijan Robinson,RB,ATL,8700,22.2,7.3
2025,18,22,boom,121.1,George Pickens,WR,DAL,7200,16.0,1.9
2025,18,22,boom,121.1,RJ Harvey,RB,DEN,6800,11.4,4.3
2025,18,22,boom,121.1,Michael Wilson,WR,ARI,6600,14.6,20.9
2025,18,22,boom,121.1,Riley Leonard,QB,IND,4700,14.9,24.6
2025,18,22,boom,121.1,Alec Pierce,WR,IND,4500,10.4,32.2
2025,18,22,boom,121.1,Tyler Warren,TE,IND,4400,11.7,7.6
2025,18,22,boom,121.1,Dalton Schultz,TE,HOU,3800,17.3,11.3
2025,18,22,boom,121.1,MIN DST,DST,MIN,3000,11.7,11.0
2025,18,23,lev,120.2,Puka Nacua,WR,LA,9000,20.6,26.0
2025,18,23,lev,120.2,Bijan Robinson,RB,ATL,8700,22.2,7.3
2025,18,23,lev,120.2,Jahmyr Gibbs,RB,DET,8000,19.2,20.3
2025,18,23,lev,120.2,Caleb Williams,QB,CHI,5900,23.2,17.6
2025,18,23,lev,120.2,Tre Tucker,WR,LV,4000,17.6,5.4
2025,18,23,lev,120.2,Colston Loveland,TE,CHI,3900,19.4,25.1
2025,18,23,lev,120.2,BUF DST,DST,BUF,3500,10.8,5.0
2025,18,23,lev,120.2,Jalen Nailor,WR,MIN,3300,16.6,7.9
2025,18,23,lev,120.2,Cole Kmet,TE,CHI,2900,13.7,5.6
2025,18,24,boom,120.0,Ja'Marr Chase,WR,CIN,8500,19.4,23.6
2025,18,24,boom,120.0,Jahmyr Gibbs,RB,DET,8000,19.2,20.3
2025,18,24,boom,120.0,Jameson Williams,WR,DET,6700,13.5,13.4
2025,18,24,boom,120.0,Caleb Williams,QB,CHI,5900,23.2,17.6
2025,18,24,boom,120.0,D.J. Moore,WR,CHI,5500,10.4,2.1
2025,18,24,boom,120.0,Travis Kelce,TE,KC,4700,6.5,4.2
2025,18,24,boom,120.0,Zavier Scott,RB,MIN,4000,12.4,2.7
2025,18,24,boom,120.0,Colston Loveland,TE,CHI,3900,19.4,25.1
2025,18,24,boom,120.0,ATL DST,DST,ATL,2800,8.5,11.0
2025,18,25,boom,111.8,Bijan Robinson,RB,ATL,8700,22.2,7.3
2025,18,25,boom,111.8,Amon-Ra St. Brown,WR,DET,7700,16.3,27.9
2025,18,25,boom,111.8,George Pickens,WR,DAL,7200,16.0,1.9
2025,18,25,boom,111.8,Drake London,WR,ATL,6900,14.6,17.8
2025,18,25,boom,111.8,Kirk Cousins,QB,ATL,5100,15.9,10.2
2025,18,25,boom,111.8,Audric Estime,RB,NO,5000,10.3,15.6
2025,18,25,boom,111.8,Darnell Mooney,WR,ATL,3900,14.0,5.0
2025,18,25,boom,111.8,Tyler Higbee,TE,LA,3200,13.2,20.1
2025,18,25,boom,111.8,WAS DST,DST,WAS,2300,7.9,6.0
2025,18,26,boom,110.6,Jahmyr Gibbs,RB,DET,8000,19.2,20.3
2025,18,26,boom,110.6,Chase Brown,RB,CIN,7600,16.3,19.0
2025,18,26,boom,110.6,George Pickens,WR,DAL,7200,16.0,1.9
2025,18,26,boom,110.6,Caleb Williams,QB,CHI,5900,23.2,17.6
2025,18,26,boom,110.6,D.J. Moore,WR,CHI,5500,10.4,2.1
2025,18,26,boom,110.6,Travis Kelce,TE,KC,4700,6.5,4.2
2025,18,26,boom,110.6,Darius Slayton,WR,NYG,4100,9.5,9.4
2025,18,26,boom,110.6,Colston Loveland,TE,CHI,3900,19.4,25.1
2025,18,26,boom,110.6,MIN DST,DST,MIN,3000,11.7,11.0
2025,18,27,boom,108.5,Puka Nacua,WR,LA,9000,20.6,26.0
2025,18,27,boom,108.5,Jonathan Taylor,RB,IND,7800,14.4,5.9
2025,18,27,boom,108.5,Matthew Stafford,QB,LA,6900,20.1,26.7
2025,18,27,boom,108.5,Courtland Sutton,WR,DEN,5900,13.2,1.5
2025,18,27,boom,108.5,Michael Carter,RB,ARI,5100,5.6,6.9
2025,18,27,boom,108.5,Tyler Warren,TE,IND,4400,11.7,7.6
2025,18,27,boom,108.5,Colby Parkinson,TE,LA,3700,18.0,19.6
2025,18,27,boom,108.5,JuJu Smith-Schuster,WR,KC,3500,14.3,3.3
2025,18,27,boom,108.5,MIN DST,DST,MIN,3000,11.7,11.0
2025,18,28,boom,108.0,Bijan Robinson,RB,ATL,8700,22.2,7.3
2025,18,28,boom,108.0,Drake London,WR,ATL,6900,14.6,17.8
2025,18,28,boom,108.0,Tee Higgins,WR,CIN,6000,11.9,18.7
2025,18,28,boom,108.0,Caleb Williams,QB,CHI,5900,23.2,17.6
2025,18,28,boom,108.0,Justin Jefferson,WR,MIN,5800,14.0,21.4
2025,18,28,boom,108.0,D.J. Moore,WR,CHI,5500,10.4,2.1
2025,18,28,boom,108.0,David Montgomery,RB,DET,5000,6.8,6.5
2025,18,28,boom,108.0,MIN DST,DST,MIN,3000,11.7,11.0
2025,18,28,boom,108.0,Cole Kmet,TE,CHI,2900,13.7,5.6
2025,18,29,lev,106.3,Bijan Robinson,RB,ATL,8700,22.2,7.3
2025,18,29,lev,106.3,Jahmyr Gibbs,RB,DET,8000,19.2,20.3
2025,18,29,lev,106.3,George Pickens,WR,DAL,7200,16.0,1.9
2025,18,29,lev,106.3,Dak Prescott,QB,DAL,6800,22.8,1.7
2025,18,29,lev,106.3,Colston Loveland,TE,CHI,3900,19.4,25.1
2025,18,29,lev,106.3,Brenton Strange,TE,JAX,3800,19.0,17.2
2025,18,29,lev,106.3,DEN DST,DST,DEN,3800,11.7,21.0
2025,18,29,lev,106.3,Ryan Flournoy,WR,DAL,3800,17.2,11.8
2025,18,29,lev,106.3,Isaiah Hodgins,WR,NYG,3100,14.1,0.0
2025,18,30,boom,104.7,Ja'Marr Chase,WR,CIN,8500,19.4,23.6
2025,18,30,boom,104.7,Chase Brown,RB,CIN,7600,16.3,19.0
2025,18,30,boom,104.7,Dak Prescott,QB,DAL,6800,22.8,1.7
2025,18,30,boom,104.7,Kyren Williams,RB,LA,6700,10.3,11.1
2025,18,30,boom,104.7,D.J. Moore,WR,CHI,5500,10.4,2.1
2025,18,30,boom,104.7,Darius Slayton,WR,NYG,4100,9.5,9.4
2025,18,30,boom,104.7,Ryan Flournoy,WR,DAL,3800,17.2,11.8
2025,18,30,boom,104.7,DEN DST,DST,DEN,3800,11.7,21.0
2025,18,30,boom,104.7,Brevyn Spann-Ford,TE,DAL,2600,10.2,5.0
2025,18,31,boom,101.4,Trey McBride,TE,ARI,7500,15.0,13.5
2025,18,31,boom,101.4,Kyren Williams,RB,LA,6700,10.3,11.1
2025,18,31,boom,101.4,Michael Wilson,WR,ARI,6600,14.6,20.9
2025,18,31,boom,101.4,D'Andre Swift,RB,CHI,5900,13.9,5.8
2025,18,31,boom,101.4,Jacoby Brissett,QB,ARI,5600,17.1,17.6
2025,18,31,boom,101.4,Jakobi Meyers,WR,JAX,5600,14.5,9.4
2025,18,31,boom,101.4,Jordan Addison,WR,MIN,4800,9.5,1.8
2025,18,31,boom,101.4,Jayden Higgins,WR,HOU,4500,10.3,10.3
2025,18,31,boom,101.4,ATL DST,DST,ATL,2800,8.5,11.0
2025,18,32,lev,100.3,Bijan Robinson,RB,ATL,8700,22.2,7.3
2025,18,32,lev,100.3,Jahmyr Gibbs,RB,DET,8000,19.2,20.3
2025,18,32,lev,100.3,CeeDee Lamb,WR,DAL,7300,15.8,1.4
2025,18,32,lev,100.3,Dak Prescott,QB,DAL,6800,22.8,1.7
2025,18,32,lev,100.3,Brenton Strange,TE,JAX,3800,19.0,17.2
2025,18,32,lev,100.3,DEN DST,DST,DEN,3800,11.7,21.0
2025,18,32,lev,100.3,Ryan Flournoy,WR,DAL,3800,17.2,11.8
2025,18,32,lev,100.3,Colby Parkinson,TE,LA,3700,18.0,19.6
2025,18,32,lev,100.3,Isaiah Hodgins,WR,NYG,3100,14.1,0.0
2025,18,33,lev,98.4,Puka Nacua,WR,LA,9000,20.6,26.0
2025,18,33,lev,98.4,Bijan Robinson,RB,ATL,8700,22.2,7.3
2025,18,33,lev,98.4,Jahmyr Gibbs,RB,DET,8000,19.2,20.3
2025,18,33,lev,98.4,Dak Prescott,QB,DAL,6800,22.8,1.7
2025,18,33,lev,98.4,Ryan Flournoy,WR,DAL,3800,17.2,11.8
2025,18,33,lev,98.4,Colby Parkinson,TE,LA,3700,18.0,19.6
2025,18,33,lev,98.4,KaVontae Turpin,WR,DAL,3700,14.4,0.7
2025,18,33,lev,98.4,KC DST,DST,KC,3200,9.5,11.0
2025,18,33,lev,98.4,Isaiah Hodgins,WR,NYG,3100,14.1,0.0
2025,18,34,boom,97.2,Jahmyr Gibbs,RB,DET,8000,19.2,20.3
2025,18,34,boom,97.2,CeeDee Lamb,WR,DAL,7300,15.8,1.4
2025,18,34,boom,97.2,George Pickens,WR,DAL,7200,16.0,1.9
2025,18,34,boom,97.2,Jameson Williams,WR,DET,6700,13.5,13.4
2025,18,34,boom,97.2,Caleb Williams,QB,CHI,5900,23.2,17.6
2025,18,34,boom,97.2,Kyle Monangai,RB,CHI,5400,10.5,5.9
2025,18,34,boom,97.2,Colston Loveland,TE,CHI,3900,19.4,25.1
2025,18,34,boom,97.2,Cole Kmet,TE,CHI,2900,13.7,5.6
2025,18,34,boom,97.2,WAS DST,DST,WAS,2300,7.9,6.0
2025,18,35,lev,96.8,Bijan Robinson,RB,ATL,8700,22.2,7.3
2025,18,35,lev,96.8,Jahmyr Gibbs,RB,DET,8000,19.2,20.3
2025,18,35,lev,96.8,CeeDee Lamb,WR,DAL,7300,15.8,1.4
2025,18,35,lev,96.8,Dak Prescott,QB,DAL,6800,22.8,1.7
2025,18,35,lev,96.8,Colston Loveland,TE,CHI,3900,19.4,25.1
2025,18,35,lev,96.8,Brenton Strange,TE,JAX,3800,19.0,17.2
2025,18,35,lev,96.8,Ryan Flournoy,WR,DAL,3800,17.2,11.8
2025,18,35,lev,96.8,HOU DST,DST,HOU,3700,11.1,12.0
2025,18,35,lev,96.8,Isaiah Hodgins,WR,NYG,3100,14.1,0.0
2025,18,36,lev,96.8,Bijan Robinson,RB,ATL,8700,22.2,7.3
2025,18,36,lev,96.8,Ja'Marr Chase,WR,CIN,8500,19.4,23.6
2025,18,36,lev,96.8,Jahmyr Gibbs,RB,DET,8000,19.2,20.3
2025,18,36,lev,96.8,Dak Prescott,QB,DAL,6800,22.8,1.7
2025,18,36,lev,96.8,Ryan Flournoy,WR,DAL,3800,17.2,11.8
2025,18,36,lev,96.8,DEN DST,DST,DEN,3800,11.7,21.0
2025,18,36,lev,96.8,KaVontae Turpin,WR,DAL,3700,14.4,0.7
2025,18,36,lev,96.8,Dawson Knox,TE,BUF,3600,16.9,10.4
2025,18,36,lev,96.8,Isaiah Hodgins,WR,NYG,3100,14.1,0.0
2025,18,37,boom,94.7,Bijan Robinson,RB,ATL,8700,22.2,7.3
2025,18,37,boom,94.7,Jahmyr Gibbs,RB,DET,8000,19.2,20.3
2025,18,37,boom,94.7,Drake London,WR,ATL,6900,14.6,17.8
2025,18,37,boom,94.7,Justin Jefferson,WR,MIN,5800,14.0,21.4
2025,18,37,boom,94.7,J.J. McCarthy,QB,MIN,5200,13.9,8.0
2025,18,37,boom,94.7,Jordan Addison,WR,MIN,4800,9.5,1.8
2025,18,37,boom,94.7,Chimere Dike,WR,TEN,4400,8.8,5.7
2025,18,37,boom,94.7,MIN DST,DST,MIN,3000,11.7,11.0
2025,18,37,boom,94.7,Josh Whyle,TE,GB,2500,7.6,1.4
2025,18,38,boom,88.0,Bijan Robinson,RB,ATL,8700,22.2,7.3
2025,18,38,boom,88.0,Jahmyr Gibbs,RB,DET,8000,19.2,20.3
2025,18,38,boom,88.0,Jameson Williams,WR,DET,6700,13.5,13.4
2025,18,38,boom,88.0,Caleb Williams,QB,CHI,5900,23.2,17.6
2025,18,38,boom,88.0,D.J. Moore,WR,CHI,5500,10.4,2.1
2025,18,38,boom,88.0,Brian Thomas Jr.,WR,JAX,5300,10.4,7.9
2025,18,38,boom,88.0,Isaac TeSlaa,WR,DET,3700,15.2,2.8
2025,18,38,boom,88.0,MIN DST,DST,MIN,3000,11.7,11.0
2025,18,38,boom,88.0,Cole Kmet,TE,CHI,2900,13.7,5.6
2025,18,39,boom,77.9,Bijan Robinson,RB,ATL,8700,22.2,7.3
2025,18,39,boom,77.9,George Pickens,WR,DAL,7200,16.0,1.9
2025,18,39,boom,77.9,Dak Prescott,QB,DAL,6800,22.8,1.7
2025,18,39,boom,77.9,TreVeyon Henderson,RB,NE,6100,10.2,17.3
2025,18,39,boom,77.9,Jakobi Meyers,WR,JAX,5600,14.5,9.4
2025,18,39,boom,77.9,Juwan Johnson,TE,NO,4200,12.9,8.1
2025,18,39,boom,77.9,Darius Slayton,WR,NYG,4100,9.5,9.4
2025,18,39,boom,77.9,Ryan Flournoy,WR,DAL,3800,17.2,11.8
2025,18,39,boom,77.9,MIN DST,DST,MIN,3000,11.7,11.0
2025,18,40,boom,75.7,Ja'Marr Chase,WR,CIN,8500,19.4,23.6
2025,18,40,boom,75.7,CeeDee Lamb,WR,DAL,7300,15.8,1.4
2025,18,40,boom,75.7,Dak Prescott,QB,DAL,6800,22.8,1.7
2025,18,40,boom,75.7,Kyren Williams,RB,LA,6700,10.3,11.1
2025,18,40,boom,75.7,Ty Chandler,RB,MIN,4500,5.6,6.4
2025,18,40,boom,75.7,Jake Ferguson,TE,DAL,4300,9.1,1.5
2025,18,40,boom,75.7,Josh Downs,WR,IND,4200,9.3,9.6
2025,18,40,boom,75.7,Darius Slayton,WR,NYG,4100,9.5,9.4
2025,18,40,boom,75.7,MIN DST,DST,MIN,3000,11.7,11.0
