cand,players,tag,salary,book_rank,book_rank_cov,sel_mean,sel_p194,aud_mean,aud_p194,gen_mean,book_rank_wemax,actual,actual_rank,actual_payout,e_payout,p_cash,p_top1000,p_top100,sim_mean,sim_q99,e_payout_capped,e_log
0,"00-0036040,00-0036223,00-0036900,00-0036963,00-0038563,00-0039139,00-0039376,00-0039424,JAX_DST",lev,49200,,,129.20276,0.0066,129.20276,0.0064,129.20276,,147.60000000000002,348815,0.0,9.1672,0.2986,0.0013,0.0001,129.20276,189.1372,3.2672,0.695698011220678
1,"00-0036040,00-0036900,00-0038542,00-0038563,00-0038597,00-0039139,00-0039376,00-0039424,JAX_DST",lev,49200,,,127.7678,0.0058,127.7678,0.0051,127.7678,,142.9,402053,0.0,3.271,0.2718,0.0018,0.0,127.7678,186.81395,3.271,0.6365264030887142
2,"00-0036040,00-0036900,00-0036963,00-0038542,00-0038563,00-0039139,00-0039376,00-0039424,PHI_DST",lev,49400,,,127.39039,0.0058,127.39039,0.005,127.3904,,142.8,403092,0.0,3.7685,0.2629,0.0008,0.0001,127.39039,189.04346,2.8685,0.6137865781122991
3,"00-0036040,00-0036223,00-0036900,00-0038542,00-0038563,00-0039139,00-0039376,00-0039424,TEN_DST",lev,49100,,,126.85515,0.0027,126.85516,0.0031,126.85516,,137.2,466661,0.0,2.5903,0.2501,0.0004,0.0,126.85515,183.88055,2.5903,0.5803824992978464
4,"00-0036040,00-0036550,00-0036900,00-0036963,00-0038542,00-0039139,00-0039376,00-0039424,JAX_DST",lev,49500,,,126.22883,0.006,126.22883,0.005,126.22881,,148.10000000000002,343353,0.0,3.3482,0.2504,0.0014,0.0001,126.22883,187.96785,2.9482,0.5866854717963327
5,"00-0034753,00-0036900,00-0037239,00-0038542,00-0038563,00-0039139,00-0039376,00-0039424,JAX_DST",lev,49000,,,125.59345,0.0048,125.59345,0.0034,125.59345,,149.8,324873,0.0,3.3453,0.2349,0.0011,0.0001,125.59346,183.95206,2.6953,0.5461906414545148
6,"00-0036040,00-0036223,00-0036900,00-0038542,00-0039139,00-0039376,00-0039424,00-0039890,JAX_DST",lev,49400,,,126.27205,0.0032,126.27205,0.0037,126.27205,,154.5,275242,0.0,2.7949,0.2448,0.0007,0.0001,126.27205,182.89844,2.6949,0.5699360503451726
7,"00-0036040,00-0036550,00-0036900,00-0037239,00-0038542,00-0038563,00-0039139,00-0039376,JAX_DST",lev,49200,,,125.62312,0.0045,125.62314,0.0032,125.62314,,135.39999999999998,487076,0.0,2.6359,0.2366,0.0009,0.0001,125.62314,184.43001,2.5359,0.5488543447266758
8,"00-0036040,00-0036900,00-0036963,00-0038563,00-0038597,00-0039139,00-0039376,00-0039424,LAC_DST",lev,49100,,,125.7884,0.0064,125.7884,0.0053,125.7884,,128.3,564249,0.0,2.7953,0.2421,0.0015,0.0,125.7884,189.82654,2.7953,0.5645270495803634
9,"00-0036040,00-0036900,00-0036963,00-0037248,00-0038563,00-0039139,00-0039376,00-0039424,PIT_DST",lev,49000,,,125.7838,0.0053,125.7838,0.0047,125.7838,,136.4,475653,0.0,2.8688,0.2428,0.0012,0.0001,125.7838,186.51436,2.7688,0.5651330904550937
10,"00-0036040,00-0036900,00-0036963,00-0038597,00-0039139,00-0039376,00-0039424,00-0039890,JAX_DST",lev,49000,,,125.747284,0.0076,125.747284,0.0047,125.747284,,144.6,382552,0.0,13.0225,0.2441,0.0019,0.0002,125.747284,190.49646,3.0725,0.5752787321713537
11,"00-0036040,00-0036223,00-0036900,00-0037248,00-0038563,00-0039139,00-0039376,00-0039424,LAC_DST",lev,49000,,,125.112076,0.0022,125.112076,0.0031,125.112076,,116.8,671553,0.0,2.5881,0.2292,0.0006,0.0001,125.112076,181.28152,2.4881,0.5298537507091367
12,"00-0034753,00-0036040,00-0036900,00-0036963,00-0037248,00-0039139,00-0039376,00-0039424,JAX_DST",lev,49000,,,125.830574,0.0053,125.830574,0.0044,125.830574,,135.60000000000002,484590,0.0,2.9604,0.2404,0.001,0.0001,125.830574,186.02264,2.8104,0.5611563096133022
13,"00-0036040,00-0036900,00-0038542,00-0038563,00-0039040,00-0039139,00-0039376,00-0039424,LAC_DST",lev,49200,,,124.96006,0.0025,124.960075,0.0018,124.960075,,122.7,619869,0.0,3.0438,0.2203,0.0009,0.0001,124.96006,182.6804,2.3938,0.5095562729800592
14,"00-0036040,00-0036223,00-0036550,00-0036900,00-0036963,00-0039139,00-0039376,00-0039424,PIT_DST",lev,49000,,,124.748184,0.0054,124.748184,0.0047,124.748184,,147.89999999999998,345789,0.0,8.7488,0.2301,0.0009,0.0002,124.74818,186.97922,2.5488,0.5344386058098254
15,"00-0036040,00-0036223,00-0036900,00-0036963,00-0039139,00-0039376,00-0039424,00-0039890,PHI_DST",lev,49000,,,125.2834,0.0045,125.2834,0.0039,125.2834,,141.9,413702,0.0,6.3626,0.2363,0.0007,0.0002,125.2834,186.4804,2.5626,0.5480505875887594
16,"00-0034753,00-0034796,00-0036223,00-0036550,00-0036900,00-0038563,00-0039139,00-0039890,JAX_DST",lev,49100,,,126.47456,0.0055,126.47456,0.0043,126.47456,,131.46,530170,0.0,4.8551,0.2656,0.0026,0.0003,126.47456,188.76747,3.9551,0.6432272375867873
17,"00-0036040,00-0036223,00-0036550,00-0036900,00-0038542,00-0039139,00-0039376,00-0039424,PHI_DST",lev,49100,,,124.69858,0.0026,124.698586,0.0034,124.69858,,135.5,485730,0.0,2.7306,0.2227,0.0008,0.0001,124.69858,183.12857,2.5306,0.5175027148429315
18,"00-0036040,00-0036963,00-0037248,00-0038542,00-0038563,00-0039139,00-0039376,00-0039424,JAX_DST",lev,49000,,,124.692924,0.0039,124.69294,0.0038,124.692924,,159.5,225558,0.0,4.3107,0.2327,0.0018,0.0001,124.692924,185.24557,2.9107,0.5472430634755284
19,"00-0034753,00-0036040,00-0036900,00-0036963,00-0038542,00-0039139,00-0039376,00-0039424,LV_DST",lev,49000,,,125.44841,0.0048,125.44841,0.0034,125.44841,,157.0,249707,0.0,2.6127,0.2332,0.0004,0.0001,125.44841,187.19977,2.5127,0.5420830545190113
20,"00-0036040,00-0036900,00-0037248,00-0038542,00-0038563,00-0039139,00-0039376,00-0039424,DET_DST",lev,49100,,,124.3447,0.0025,124.3447,0.0021,124.3447,,131.0,535386,0.0,2.9196,0.216,0.0012,0.0003,124.3447,181.1122,2.5696,0.5013926420980633
21,"00-0036040,00-0036900,00-0036963,00-0036973,00-0038563,00-0039139,00-0039424,00-0040743,JAX_DST",lev,49400,27.0,5.0,135.10333,0.0212,135.10333,0.0212,135.10333,1.0,165.5,172840,8.0,8.7948,0.4144,0.0068,0.0009,135.10333,202.30617,7.3448,1.0283387291809254
22,"00-0034753,00-0036040,00-0036900,00-0037239,00-0038542,00-0038563,00-0039139,00-0039376,PHI_DST",lev,49000,,,124.98224,0.0033,124.98222,0.0026,124.98222,,134.3,499216,0.0,2.3934,0.2199,0.0007,0.0001,124.98222,182.6173,2.3934,0.5091666104044034
23,"00-0032764,00-0036040,00-0036223,00-0036900,00-0038563,00-0039139,00-0039424,00-0040743,JAX_DST",lev,50000,,,135.03871,0.0087,135.03873,0.0088,135.03871,,186.4,52315,8.0,5.7789,0.4085,0.0029,0.0004,135.03871,192.42175,5.3289,0.9713738010211604
24,"00-0034753,00-0036040,00-0036223,00-0036900,00-0036963,00-0039139,00-0039376,00-0039424,LAC_DST",lev,49200,,,124.96579,0.0041,124.96579,0.0037,124.965775,,139.79999999999998,437342,0.0,12.2809,0.2271,0.0005,0.0001,124.96579,185.94548,2.3809,0.5254407202973737
25,"00-0036040,00-0036900,00-0036963,00-0038542,00-0039139,00-0039376,00-0039424,00-0039890,TEN_DST",lev,49300,,,124.466034,0.0053,124.46603,0.004,124.46603,,144.1,388116,0.0,3.8433,0.2199,0.0007,0.0001,124.46603,186.55002,2.4433,0.5119812280079068
26,"00-0035644,00-0036900,00-0036963,00-0038542,00-0038563,00-0039139,00-0039376,00-0039424,JAX_DST",lev,49100,,,124.16344,0.0042,124.16344,0.0033,124.16344,,151.7,304669,0.0,2.4351,0.2145,0.0011,0.0001,124.16344,184.39731,2.3851,0.4994804010912165
27,"00-0036040,00-0036223,00-0036963,00-0038542,00-0038563,00-0039139,00-0039376,00-0039424,LAC_DST",lev,49200,,,123.82815,0.0036,123.82815,0.0036,123.82815,,163.7,187836,0.0,2.7177,0.2221,0.0004,0.0001,123.82815,183.87482,2.3177,0.5150049058802684
28,"00-0036040,00-0036900,00-0036963,00-0036973,00-0038120,00-0039139,00-0039376,00-0039424,JAX_DST",lev,50000,,,132.74806,0.0168,132.74806,0.0139,132.74808,,154.4,276329,0.0,11.036,0.3741,0.0057,0.0006,132.74808,201.47249,6.436,0.9180683951914909
29,"00-0036040,00-0036900,00-0037239,00-0038542,00-0038563,00-0039139,00-0039376,00-0039890,TEN_DST",lev,49000,,,123.86035,0.0034,123.86035,0.0021,123.86035,,131.4,531094,0.0,2.163,0.206,0.0007,0.0,123.86035,180.9453,2.163,0.4761493365073662
30,"00-0036040,00-0036900,00-0038563,00-0038597,00-0039139,00-0039424,00-0040666,00-0040743,JAX_DST",lev,49900,,,134.24815,0.0103,134.24815,0.0098,134.24815,,150.1,321699,0.0,6.7895,0.3885,0.0028,0.0003,134.24815,194.30612,5.0395,0.9226192389207066
31,"00-0036040,00-0036900,00-0038542,00-0038597,00-0039139,00-0039376,00-0039424,00-0039890,PHI_DST",lev,49000,,,123.848434,0.0045,123.84843,0.0034,123.84843,,137.2,466661,0.0,2.9627,0.2088,0.001,0.0002,123.84843,184.57642,2.5127,0.48748853093337163
32,"00-0036040,00-0036223,00-0036900,00-0037239,00-0038563,00-0039139,00-0039376,00-0039890,LAC_DST",lev,49000,,,123.68697,0.0026,123.68697,0.002,123.68697,,127.20000000000002,575860,0.0,1.9753,0.2026,0.0003,0.0,123.68697,180.44217,1.9753,0.4660486883073603
33,"00-0036040,00-0036223,00-0036900,00-0038563,00-0038597,00-0039139,00-0039424,00-0040743,LV_DST",lev,49900,,,134.13911,0.0094,134.13911,0.0105,134.13911,,166.9,161843,8.0,5.9657,0.3914,0.0026,0.0002,134.13913,193.34781,5.0157,0.9306626971890102
34,"00-0034753,00-0036040,00-0036554,00-0036900,00-0038542,00-0039139,00-0039376,00-0039424,JAX_DST",lev,49000,,,124.12895,0.0022,124.12895,0.0021,124.12895,,149.5,328102,0.0,2.297,0.2127,0.0007,0.0,124.12895,180.38426,2.297,0.4941736372489293
35,"00-0036040,00-0036900,00-0037248,00-0038542,00-0039139,00-0039376,00-0039424,00-0040727,JAX_DST",lev,49100,,,123.577034,0.0021,123.57705,0.0021,123.57705,,134.3,499216,0.0,2.4821,0.2033,0.001,0.0001,123.577034,179.72372,2.3321,0.47292399261871654
36,"00-0036040,00-0036900,00-0036973,00-0037239,00-0038120,00-0038563,00-0039139,00-0039376,JAX_DST",lev,49700,,,132.1424,0.0142,132.1424,0.0121,132.14238,,141.7,415866,0.0,6.1539,0.3595,0.0046,0.0003,132.1424,198.43372,5.6539,0.8760921775571704
37,"00-0034383,00-0036040,00-0036900,00-0036963,00-0038542,00-0039139,00-0039376,00-0039424,LAC_DST",lev,49100,,,124.11264,0.0039,124.11264,0.0028,124.11264,,143.60000000000002,393886,0.0,3.0694,0.2181,0.0009,0.0001,124.11264,184.42032,2.4194,0.506509604967841
38,"00-0032764,00-0036040,00-0036900,00-0036963,00-0036973,00-0039139,00-0039376,00-0039424,LV_DST",lev,50000,,,132.08171,0.0151,132.08171,0.0128,132.08173,,169.9,139583,8.0,7.4524,0.3624,0.0048,0.001,132.08171,199.99873,6.1024,0.8857151623057603
39,"00-0036040,00-0036223,00-0036900,00-0038563,00-0039139,00-0039424,00-0040666,00-0040743,PHI_DST",lev,49900,,,133.78426,0.0077,133.78427,0.0067,133.78426,,147.4,351101,0.0,4.5781,0.3797,0.0024,0.0002,133.78426,191.21631,4.5281,0.8922891858415136
40,"00-0036040,00-0036900,00-0038120,00-0038542,00-0038563,00-0039139,00-0039424,00-0040743,JAX_DST",lev,49900,,,133.7532,0.007,133.7532,0.0063,133.7532,,176.10000000000002,99469,8.0,4.9792,0.3794,0.0026,0.0002,133.7532,189.92947,4.6792,0.8989764090405022
41,"00-0036040,00-0036963,00-0037239,00-0038542,00-0038563,00-0039139,00-0039376,00-0039890,JAX_DST",lev,49000,,,123.26782,0.0044,123.26782,0.0031,123.26782,,169.9,139583,8.0,2.365,0.2152,0.0009,0.0001,123.26784,183.73045,2.365,0.4998326332763293
42,"00-0036040,00-0036900,00-0036963,00-0038563,00-0039139,00-0039424,00-0040666,00-0040743,LV_DST",lev,49800,,69.0,133.73125,0.0126,133.73125,0.0109,133.73125,,160.0,220864,0.0,4.5318,0.3799,0.0017,0.0001,133.73125,196.32822,4.4318,0.8963095426161701
43,"00-0032764,00-0036040,00-0036900,00-0036963,00-0038563,00-0039139,00-0039424,00-0040743,PHI_DST",lev,50000,,,133.68144,0.0105,133.68146,0.0098,133.68146,,179.0,84004,8.0,4.3401,0.3869,0.001,0.0,133.68144,194.6362,4.3401,0.913953381714688
44,"00-0036040,00-0036550,00-0036900,00-0038542,00-0038597,00-0039139,00-0039376,00-0039424,LAC_DST",lev,49200,,,122.727974,0.0042,122.727974,0.0027,122.727974,,126.20000000000002,585897,0.0,2.1982,0.1956,0.0007,0.0001,122.727974,183.41734,2.1482,0.4543094600019624
45,"00-0034753,00-0036040,00-0036900,00-0037239,00-0038542,00-0039139,00-0039376,00-0039890,JAX_DST",lev,49200,,,123.95036,0.0034,123.95036,0.0026,123.95036,,148.60000000000002,337975,0.0,2.3097,0.2074,0.0008,0.0001,123.95036,181.10997,2.3097,0.48124578988462835
46,"00-0034844,00-0036040,00-0036900,00-0038563,00-0039040,00-0039139,00-0039424,00-0040743,JAX_DST",lev,49900,,,133.5492,0.0072,133.54921,0.0073,133.54921,,141.6,416935,0.0,10.4767,0.3729,0.0019,0.0003,133.54921,190.07138,4.4767,0.8772649264572024
47,"00-0036040,00-0036550,00-0036900,00-0036963,00-0037248,00-0039139,00-0039376,00-0039424,LAC_DST",lev,49100,,,122.59322,0.0042,122.59322,0.0031,122.59322,,114.7,687884,0.0,3.7093,0.197,0.001,0.0002,122.59322,184.79285,2.3093,0.4587944742021493
48,"00-0036040,00-0036322,00-0036900,00-0038542,00-0038563,00-0039139,00-0039376,00-0039424,BAL_DST",lev,49000,,,122.70048,0.0021,122.70046,0.0017,122.70046,,148.3,341225,0.0,1.8595,0.1907,0.0003,0.0,122.70045,180.06056,1.8595,0.4373741986256738
49,"00-0036040,00-0036900,00-0036973,00-0037239,00-0038563,00-0039139,00-0039376,00-0040666,LV_DST",lev,49800,,,131.66534,0.0128,131.66534,0.012,131.66534,,128.20000000000002,565437,0.0,6.3754,0.3438,0.0033,0.0006,131.66534,197.226,5.0254,0.831155288526
50,"00-0032764,00-0036040,00-0036900,00-0037239,00-0038563,00-0039139,00-0039361,00-0039376,JAX_DST",lev,50000,,,131.65068,0.0064,131.65068,0.0069,131.65068,,163.7,187836,0.0,3.9429,0.3376,0.0019,0.0,131.65068,190.41531,3.9429,0.7919044653828032
51,"00-0032764,00-0036040,00-0036900,00-0036973,00-0037239,00-0038563,00-0039139,00-0039376,PHI_DST",lev,50000,,,131.61552,0.0118,131.61552,0.0118,131.61552,,147.2,353279,0.0,5.2536,0.3499,0.0041,0.0001,131.61552,197.09808,5.1036,0.8492705525383283
52,"00-0036040,00-0036223,00-0036900,00-0038563,00-0039040,00-0039139,00-0039424,00-0040743,TEN_DST",lev,50000,1.0,,133.45662,0.0075,133.45663,0.0072,133.45663,2.0,145.7,370356,0.0,4.9236,0.3728,0.0023,0.0002,133.45662,190.2535,4.5236,0.8795478495653031
53,"00-0036040,00-0036900,00-0036963,00-0038542,00-0039139,00-0039376,00-0039424,00-0040727,BAL_DST",lev,49000,,,122.98875,0.0043,122.98874,0.0036,122.98875,,146.1,365564,0.0,2.192,0.1979,0.0007,0.0001,122.98875,184.07417,2.142,0.4587277656259741
54,"00-0034383,00-0036223,00-0036900,00-0036973,00-0037239,00-0039139,00-0039376,00-0039424,JAX_DST",lev,50000,,,131.60327,0.013,131.60327,0.0129,131.60327,,153.29999999999998,287708,0.0,6.8624,0.3547,0.005,0.0007,131.60327,197.08028,6.2624,0.8709492788744634
55,"00-0036040,00-0036900,00-0036963,00-0038129,00-0038542,00-0039139,00-0039376,00-0039424,DET_DST",lev,49100,,,123.67865,0.0041,123.67865,0.0031,123.67865,,150.70000000000002,315276,0.0,2.1288,0.2051,0.0005,0.0,123.67865,184.3941,2.1288,0.4751011827539054
56,"00-0036040,00-0036900,00-0036963,00-0038542,00-0038563,00-0039139,00-0039376,00-0041067,JAX_DST",lev,49200,,,123.0242,0.0036,123.02418,0.0025,123.0242,,140.1,433797,0.0,2.6983,0.1934,0.0011,0.0002,123.0242,183.0988,2.2983,0.44811870256745134
57,"00-0036040,00-0036900,00-0036963,00-0039040,00-0039139,00-0039376,00-0039424,00-0039890,LAC_DST",lev,49000,,,122.93955,0.0029,122.93955,0.0029,122.93955,,124.4,603489,0.0,2.5159,0.1954,0.0007,0.0002,122.93955,183.02284,2.1159,0.4507911267474563
58,"00-0036040,00-0036900,00-0037239,00-0038129,00-0038542,00-0038563,00-0039139,00-0039376,LAC_DST",lev,49100,,,123.471725,0.0026,123.471725,0.002,123.471725,,129.0,556964,0.0,1.8947,0.1957,0.0002,0.0,123.471725,180.78462,1.8947,0.4502004902463823
59,"00-0036040,00-0036223,00-0036900,00-0036973,00-0039064,00-0039139,00-0039376,00-0039424,JAX_DST",lev,50000,,,131.48868,0.0112,131.48868,0.0094,131.48868,,158.0,239936,0.0,7.0866,0.3468,0.0041,0.0006,131.48868,195.15138,5.4366,0.8425209283284425
60,"00-0032950,00-0035229,00-0036223,00-0036322,00-0036900,00-0038563,00-0039139,00-0039811,JAX_DST",lev,49900,,,130.1531,0.0054,130.1531,0.0055,130.15312,,152.32,298208,0.0,7.5312,0.3293,0.0048,0.0009,130.1531,187.49261,5.6312,0.8013582004830835
61,"00-0036040,00-0036900,00-0036973,00-0038542,00-0038563,00-0039139,00-0039424,00-0040743,PHI_DST",lev,49400,,,133.20447,0.0139,133.20447,0.0133,133.20447,,158.10000000000002,238958,0.0,7.1615,0.3762,0.0051,0.0005,133.20447,198.86922,6.1615,0.9213303305142312
62,"00-0036040,00-0036223,00-0036900,00-0038542,00-0039139,00-0039376,00-0039424,00-0040727,LAC_DST",lev,49300,,,122.71225,0.0025,122.71227,0.002,122.712265,,138.5,451904,0.0,2.0941,0.1881,0.0011,0.0001,122.71225,179.17615,2.0941,0.4344291047931364
63,"00-0036040,00-0036223,00-0036900,00-0036973,00-0038563,00-0039139,00-0039424,00-0040743,PIT_DST",lev,49100,,,133.1676,0.0135,133.1676,0.0137,133.1676,,167.9,154172,8.0,7.0522,0.3769,0.0058,0.0006,133.1676,197.77483,6.2022,0.9212030575384459
64,"00-0036040,00-0036900,00-0036973,00-0037239,00-0039040,00-0039139,00-0039376,00-0039424,JAX_DST",lev,50000,,,131.40495,0.0189,131.40495,0.017,131.40495,,144.7,381493,0.0,21.4854,0.3473,0.0081,0.0012,131.40495,201.83516,7.2854,0.8771797769759638
65,"00-0034383,00-0036223,00-0036900,00-0037239,00-0038563,00-0039139,00-0039424,00-0040743,JAX_DST",lev,49700,,,133.0635,0.008,133.0635,0.0076,133.0635,,172.4,122607,8.0,4.4657,0.3776,0.0023,0.0,133.0635,192.13939,4.4657,0.8945026643899244
66,"00-0036040,00-0036900,00-0037248,00-0038563,00-0039139,00-0039424,00-0040122,00-0040743,JAX_DST",lev,49800,,,133.08754,0.0095,133.08752,0.009,133.08755,,167.60000000000002,156415,8.0,7.2265,0.3666,0.0037,0.0005,133.08755,192.90323,5.3265,0.8814717669098437
67,"00-0032764,00-0036040,00-0036900,00-0038542,00-0038563,00-0039139,00-0039424,00-0040743,LV_DST",lev,49900,,,133.08684,0.008,133.08685,0.0072,133.08685,63.0,191.6,36098,10.0,4.6548,0.3695,0.0023,0.0003,133.08684,191.08345,4.5048,0.8717902527530248
68,"00-0036040,00-0036900,00-0038542,00-0039040,00-0039139,00-0039376,00-0039424,00-0040669,JAX_DST",lev,49000,,,122.50115,0.0026,122.50115,0.0025,122.50115,,130.0,546328,0.0,2.2816,0.1884,0.0005,0.0001,122.50115,181.93022,1.9816,0.43637704507278524
69,"00-0036040,00-0036275,00-0036900,00-0036963,00-0039139,00-0039361,00-0039376,00-0039424,JAX_DST",lev,49700,,,131.21977,0.0088,131.21977,0.0086,131.21977,,173.5,115478,8.0,4.962,0.3314,0.0017,0.0002,131.21977,192.9433,3.862,0.7798174625713699
70,"00-0036040,00-0036275,00-0036900,00-0036963,00-0036973,00-0039139,00-0039376,00-0039424,PHI_DST",lev,49700,,,131.18463,0.0145,131.18463,0.0148,131.18463,,157.0,249707,0.0,5.2703,0.344,0.0038,0.0002,131.18463,198.18964,5.2203,0.8352397750604359
71,"00-0036040,00-0036223,00-0036900,00-0036963,00-0038563,00-0039139,00-0039424,00-0040743,NYJ_DST",lev,49900,,,132.9367,0.0103,132.9367,0.0099,132.9367,,172.8,120094,8.0,4.1182,0.3697,0.0013,0.0,132.9367,194.20186,4.1182,0.870148178714918
72,"00-0036040,00-0036223,00-0036900,00-0036973,00-0037239,00-0039139,00-0039376,00-0039424,LV_DST",lev,49800,,,131.1748,0.0179,131.17479,0.0172,131.1748,,160.2,219060,0.0,10.8299,0.3494,0.0088,0.001,131.1748,202.1503,7.8799,0.8831607819101797
73,"00-0036040,00-0036900,00-0038563,00-0038597,00-0039040,00-0039139,00-0039424,00-0040743,PHI_DST",lev,49900,,,132.92552,0.0088,132.92552,0.0098,132.92552,,141.4,419315,0.0,9.8193,0.3634,0.0023,0.0005,132.9255,192.09029,4.8193,0.8620325995383308
74,"00-0036900,00-0036963,00-0036973,00-0037239,00-0039066,00-0039139,00-0039376,00-0039424,JAX_DST",lev,49700,,,131.37953,0.0181,131.37953,0.016,131.37953,,157.6,243728,0.0,5.7623,0.3427,0.0048,0.0003,131.37953,202.05054,5.4623,0.8383410991878901
75,"00-0036040,00-0036900,00-0036963,00-0038563,00-0039139,00-0039424,00-0040122,00-0040743,PIT_DST",lev,50000,,,132.89449,0.0126,132.8945,0.0117,132.89449,,191.4,36667,10.0,5.6293,0.3709,0.003,0.0004,132.89449,197.02475,5.0293,0.8865602423205542
76,"00-0034753,00-0036900,00-0037239,00-0038563,00-0038597,00-0039139,00-0039424,00-0040743,JAX_DST",lev,50000,,,132.56815,0.0105,132.56816,0.0102,132.56815,,166.5,165044,8.0,4.8356,0.3664,0.0023,0.0001,132.56816,194.6103,4.6856,0.8694865667257323
77,"00-0036040,00-0036223,00-0036963,00-0038563,00-0039040,00-0039139,00-0039424,00-0040743,JAX_DST",lev,50000,,,132.8641,0.0095,132.86412,0.0095,132.8641,,184.2,60580,8.0,5.0863,0.3723,0.0023,0.0002,132.8641,193.36458,4.7863,0.8875419797905726
78,"00-0036040,00-0036223,00-0036900,00-0036963,00-0039066,00-0039139,00-0039424,00-0040743,JAX_DST",lev,49700,,,134.19148,0.0102,134.19148,0.0104,134.19148,,181.3,72775,8.0,4.5455,0.3961,0.0016,0.0001,134.19148,194.47572,4.4455,0.9322717531619095
79,"00-0036040,00-0036900,00-0036963,00-0036973,00-0039139,00-0039376,00-0039424,00-0040122,BAL_DST",lev,50000,,,131.039,0.0155,131.039,0.0141,131.03902,,160.3,218069,0.0,105.6199,0.3389,0.0044,0.0003,131.039,199.65598,5.3199,0.8254085317318036
80,"00-0036040,00-0036223,00-0036900,00-0036963,00-0036973,00-0039139,00-0039376,00-0039424,CLE_DST",lev,49800,,,131.02798,0.0149,131.02797,0.0122,131.02797,,144.70000000000002,381493,0.0,15.8681,0.3431,0.0042,0.0007,131.02797,199.12457,5.4181,0.8335877421515806
81,"00-0036040,00-0036900,00-0038542,00-0039139,00-0039376,00-0039424,00-0039890,00-0040666,LAC_DST",lev,49000,,,122.36333,0.0021,122.36333,0.0018,122.363335,,125.7,590971,0.0,1.8921,0.1801,0.0006,0.0001,122.36333,180.61884,1.8921,0.4140176622116973
82,"00-0034844,00-0036040,00-0036900,00-0036963,00-0038563,00-0039139,00-0039424,00-0040743,BAL_DST",lev,50000,,,132.74428,0.0098,132.7443,0.01,132.7443,,152.7,294151,0.0,4.0002,0.3603,0.0014,0.0,132.74428,193.68701,4.0002,0.8472272960600934
83,"00-0036040,00-0036223,00-0036550,00-0036900,00-0039139,00-0039424,00-0040666,00-0040743,JAX_DST",lev,50000,,,132.6227,0.0089,132.62268,0.0063,132.62268,,152.7,294151,0.0,5.0106,0.358,0.0028,0.0002,132.6227,193.04733,4.8606,0.8468839081870277
84,"00-0036040,00-0036223,00-0036900,00-0036973,00-0037239,00-0038563,00-0039139,00-0039376,NYJ_DST",lev,49900,,,130.8708,0.0111,130.8708,0.0109,130.8708,,141.0,423784,0.0,5.3824,0.3385,0.0033,0.0003,130.8708,194.72432,4.9824,0.8183106586851182
85,"00-0034753,00-0036900,00-0036973,00-0037239,00-0039139,00-0039376,00-0039424,00-0040666,JAX_DST",lev,50000,,,130.61357,0.0121,130.61357,0.0107,130.61357,,137.9,458681,0.0,7.9695,0.3302,0.0042,0.0006,130.61357,196.39998,5.3195,0.8015321151307975
86,"00-0035662,00-0036040,00-0036223,00-0036900,00-0038542,00-0039139,00-0039376,00-0039424,DET_DST",lev,49000,,,122.85845,0.0016,122.85845,0.0021,122.85845,,142.5,406521,0.0,1.8808,0.189,0.0002,0.0,122.85845,178.69615,1.8808,0.4353325048583398
87,"00-0034829,00-0036442,00-0036900,00-0036963,00-0038563,00-0039139,00-0039361,00-0039424,JAX_DST",lev,49900,,,132.45323,0.0087,132.45323,0.01,132.45323,76.0,162.36,199464,0.0,6.1897,0.3618,0.0026,0.0005,132.45323,192.42662,4.8397,0.8589110668173158
88,"00-0035644,00-0036040,00-0036900,00-0036963,00-0038542,00-0038563,00-0039139,00-0039376,TEN_DST",lev,49000,,,123.10346,0.0035,123.10346,0.002,123.10345,,133.2,511583,0.0,1.9643,0.192,0.0005,0.0,123.10346,182.04556,1.9643,0.4432638706433785
89,"00-0036040,00-0036900,00-0036973,00-0037239,00-0038563,00-0039139,00-0039376,00-0040122,PIT_DST",lev,50000,,,130.82857,0.0131,130.82857,0.0135,130.82857,,159.6,224593,0.0,5.9987,0.3414,0.0059,0.0004,130.82857,198.11163,5.6487,0.8343056376168945
90,"00-0036040,00-0036900,00-0036963,00-0038563,00-0038597,00-0039139,00-0039424,00-0040743,MIN_DST",lev,50000,,,132.66185,0.0119,132.66185,0.013,132.66185,,164.5,181010,0.0,6.2698,0.3661,0.0027,0.0006,132.66185,195.22704,4.9698,0.8702522680054712
91,"00-0036040,00-0036900,00-0036963,00-0037157,00-0037239,00-0038563,00-0039139,00-0039376,JAX_DST",lev,49100,,,123.81056,0.0043,123.81058,0.0043,123.81058,,132.8,515867,0.0,2.0037,0.2046,0.0004,0.0,123.81056,184.01575,2.0037,0.4712686186360213
92,"00-0036040,00-0036223,00-0036900,00-0036963,00-0037809,00-0039139,00-0039376,00-0039424,DET_DST",lev,49000,,,123.14172,0.0032,123.141716,0.0031,123.141716,,143.5,395043,0.0,2.5253,0.2054,0.0007,0.0001,123.14172,182.91185,2.1253,0.4729674032880186
93,"00-0036040,00-0036900,00-0036963,00-0039139,00-0039361,00-0039376,00-0039424,00-0040666,LV_DST",lev,49900,,,130.8624,0.009,130.8624,0.0078,130.86241,,147.4,351101,0.0,5.5953,0.3237,0.0023,0.0002,130.8624,192.41089,3.8953,0.7592014728999764
94,"00-0036040,00-0036963,00-0036973,00-0037239,00-0038563,00-0039139,00-0039376,00-0040666,JAX_DST",lev,50000,,,130.76358,0.0161,130.76358,0.0135,130.76357,,153.7,283359,0.0,6.0065,0.3392,0.0047,0.0004,130.76358,199.15848,5.4565,0.8305466126672713
95,"00-0036040,00-0036900,00-0036973,00-0038542,00-0039139,00-0039376,00-0039424,00-0039915,JAX_DST",lev,49900,,,130.84213,0.0098,130.84213,0.01,130.84213,,153.39999999999998,286782,0.0,7.2855,0.3303,0.0034,0.0005,130.84213,193.38718,4.9355,0.7983959384612022
96,"00-0036040,00-0036900,00-0037239,00-0038563,00-0038597,00-0039139,00-0039361,00-0039376,LV_DST",lev,49900,,,130.75107,0.0091,130.75107,0.0081,130.75107,,144.2,387003,0.0,5.9127,0.3281,0.0018,0.0003,130.75107,192.78098,4.0127,0.7716730412723738
97,"00-0034844,00-0036040,00-0036900,00-0036973,00-0037239,00-0038563,00-0039139,00-0039376,BAL_DST",lev,50000,,,130.67838,0.0112,130.67838,0.0103,130.67838,,120.9,636266,0.0,5.5485,0.3316,0.0028,0.0002,130.67838,195.67152,4.5485,0.796940275876038
98,"00-0032764,00-0036040,00-0036554,00-0036900,00-0036973,00-0039139,00-0039376,00-0039424,JAX_DST",lev,50000,,,130.76225,0.0099,130.76225,0.0098,130.76225,,162.4,199187,0.0,6.11,0.3345,0.0046,0.0008,130.76225,193.28593,5.66,0.8130830713415996
99,"00-0035644,00-0036040,00-0036223,00-0036900,00-0036963,00-0038563,00-0039139,00-0039376,LAC_DST",lev,49000,,,122.930084,0.0028,122.93008,0.0025,122.930084,,129.0,556964,0.0,1.8418,0.1938,0.0002,0.0,122.930084,181.48602,1.8418,0.444410962308102
100,"00-0036040,00-0036223,00-0036963,00-0036973,00-0037239,00-0038563,00-0039139,00-0039376,LV_DST",lev,50000,,,130.65453,0.0154,130.65453,0.0148,130.65454,,170.5,135322,8.0,7.0276,0.3405,0.0044,0.0003,130.65454,199.17107,5.3776,0.8358589663913429
101,"00-0032764,00-0036040,00-0036900,00-0036963,00-0037228,00-0039139,00-0039376,00-0039424,JAX_DST",lev,50000,,,130.7147,0.0082,130.7147,0.0065,130.7147,,166.4,165876,8.0,8.6694,0.3296,0.0021,0.0004,130.7147,191.52132,4.2194,0.7807829363077441
102,"00-0036040,00-0036900,00-0036963,00-0036973,00-0039139,00-0039376,00-0039424,00-0040666,MIN_DST",lev,50000,,,130.70728,0.0154,130.70728,0.0126,130.70728,,135.9,481202,0.0,9.5191,0.3303,0.0036,0.0003,130.70728,199.93547,4.9691,0.8004036917541026
103,"00-0034383,00-0036040,00-0036900,00-0036963,00-0038597,00-0039139,00-0039424,00-0040743,JAX_DST",lev,50000,,,133.52184,0.0108,133.52185,0.0124,133.52185,,172.3,123237,8.0,11.9432,0.3857,0.0041,0.0006,133.52185,194.99852,5.6432,0.9265466673415358
104,"00-0036040,00-0036223,00-0036900,00-0036963,00-0038563,00-0038597,00-0039424,00-0040743,JAX_DST",lev,49900,,,132.44086,0.0084,132.44086,0.0084,132.44086,84.0,158.0,239936,0.0,5.093,0.3609,0.0027,0.0003,132.44086,191.762,4.793,0.8571588059760197
105,"00-0036040,00-0036900,00-0036973,00-0037239,00-0038563,00-0038597,00-0039139,00-0039376,MIN_DST",lev,50000,,,130.59593,0.0126,130.59593,0.0113,130.59593,,132.7,517121,0.0,5.584,0.3325,0.0044,0.0004,130.59593,197.38264,5.334,0.8091319079750896
106,"00-0034753,00-0036223,00-0036900,00-0037239,00-0038563,00-0039139,00-0039424,00-0040743,PHI_DST",lev,50000,,,132.10428,0.0089,132.10428,0.0077,132.10428,,163.8,186928,0.0,5.0927,0.3599,0.002,0.0003,132.10428,192.56006,4.4427,0.8491481819986763
107,"00-0032764,00-0036040,00-0036900,00-0037239,00-0038120,00-0038563,00-0039139,00-0039376,LV_DST",lev,50000,,,130.581,0.0064,130.581,0.0047,130.581,,165.2,175304,0.0,3.5639,0.3212,0.0014,0.0001,130.581,188.06534,3.5139,0.7505274772935898
108,"00-0032950,00-0035229,00-0036322,00-0036900,00-0036973,00-0038124,00-0038563,00-0039139,JAX_DST",lev,49600,,26.0,129.31927,0.0062,129.31927,0.005,129.31927,,173.02,118547,8.0,6.3112,0.3101,0.0035,0.0006,129.31927,188.66037,4.9112,0.7524549641949665
109,"00-0036040,00-0036900,00-0038542,00-0038563,00-0039139,00-0039424,00-0040122,00-0040743,TEN_DST",lev,50000,86.0,,132.39613,0.0068,132.39613,0.0067,132.39613,,176.0,100037,8.0,4.8836,0.3566,0.002,0.0005,132.39613,190.55513,4.6336,0.8485916299521398
110,"00-0036040,00-0036322,00-0036900,00-0038129,00-0038542,00-0039139,00-0039376,00-0039424,JAX_DST",lev,49100,,,122.62273,0.0014,122.62273,0.0012,122.62271,,156.20000000000002,257940,0.0,1.8534,0.1851,0.0006,0.0,122.62273,178.01292,1.8534,0.4254202441604435
111,"00-0033106,00-0036040,00-0036900,00-0036963,00-0036973,00-0038563,00-0039139,00-0040390,JAX_DST",lev,49300,,31.0,132.9904,0.0157,132.99042,0.015,132.99042,,132.84,515469,0.0,5.8645,0.3772,0.0045,0.0002,132.99042,199.4627,5.7145,0.9182526210695593
112,"00-0036900,00-0037239,00-0037809,00-0038542,00-0038563,00-0039139,00-0039376,00-0039424,LAC_DST",lev,49200,,,121.73363,0.0024,121.733635,0.0022,121.73363,,132.5,519290,0.0,1.8861,0.1828,0.0007,0.0,121.73363,179.69392,1.8861,0.4210001653460452
113,"00-0036040,00-0036900,00-0036963,00-0036973,00-0037239,00-0038563,00-0039139,00-0039376,CLE_DST",lev,49700,,,130.50877,0.0153,130.50877,0.0136,130.50877,,134.6,495808,0.0,4.9983,0.332,0.0039,0.0001,130.50877,199.67972,4.8983,0.8052934147261517
114,"00-0036550,00-0036900,00-0037239,00-0037809,00-0038542,00-0039139,00-0039376,00-0039424,JAX_DST",lev,49000,,,121.5628,0.0032,121.56281,0.0025,121.5628,,139.8,437161,0.0,2.139,0.1875,0.0008,0.0001,121.5628,180.04018,2.039,0.43310636646696965
115,"00-0036040,00-0036550,00-0036900,00-0037239,00-0038563,00-0039139,00-0040666,00-0040743,JAX_DST",lev,49900,80.0,,132.1035,0.0087,132.10349,0.0075,132.10349,47.0,142.60000000000002,405415,0.0,4.3416,0.3436,0.0016,0.0002,132.1035,192.11922,3.9916,0.8084260329342945
116,"00-0036040,00-0036550,00-0036900,00-0037239,00-0038542,00-0039139,00-0039376,00-0039890,PHI_DST",lev,49000,,,121.703766,0.0034,121.70377,0.0017,121.70377,,129.7,549617,0.0,2.0415,0.18,0.0009,0.0001,121.703766,181.12477,1.9915,0.4165185545499275
117,"00-0036040,00-0036223,00-0036900,00-0037239,00-0038563,00-0039066,00-0039139,00-0040743,JAX_DST",lev,49400,,,133.58582,0.0082,133.5858,0.0083,133.5858,,168.6,149021,8.0,3.938,0.3749,0.0011,0.0,133.58582,192.42433,3.938,0.8784189087380588
118,"00-0035644,00-0036223,00-0036900,00-0038542,00-0038563,00-0039139,00-0039376,00-0039424,LAC_DST",lev,49000,,,121.64245,0.0014,121.64245,0.0019,121.64245,,137.10000000000002,467743,0.0,1.8525,0.1722,0.0008,0.0,121.64245,177.77104,1.8525,0.39772744052031395
119,"00-0036040,00-0036900,00-0037228,00-0037239,00-0038563,00-0039040,00-0039139,00-0039376,JAX_DST",lev,50000,,,130.41945,0.0056,130.41945,0.0057,130.41945,,126.0,587849,0.0,3.8706,0.3224,0.0023,0.0,130.41945,188.01865,3.8706,0.7563199663410878
120,"00-0036040,00-0036900,00-0037248,00-0038563,00-0038597,00-0039139,00-0039424,00-0040743,TEN_DST",lev,50000,,,132.26015,0.0072,132.26015,0.0093,132.26015,,137.7,460933,0.0,6.3666,0.3471,0.0027,0.0007,132.26015,191.4403,5.0166,0.829347410097347
121,"00-0036040,00-0036550,00-0036900,00-0036963,00-0039139,00-0039424,00-0040122,00-0040743,JAX_DST",lev,50000,,,132.1384,0.0117,132.13841,0.0094,132.13841,,181.7,71006,8.0,4.7739,0.353,0.0022,0.0002,132.13843,195.55186,4.5739,0.8385116035006509
122,"00-0036040,00-0036900,00-0036963,00-0036973,00-0038597,00-0039139,00-0039376,00-0039424,NYJ_DST",lev,50000,,,130.4966,0.0158,130.49661,0.0145,130.49663,,146.4,362336,0.0,8.5661,0.3344,0.0047,0.0009,130.4966,199.63383,6.1661,0.8202475065169927
123,"00-0036040,00-0036223,00-0036900,00-0036963,00-0036973,00-0039376,00-0039424,00-0040666,JAX_DST",lev,49900,,,130.48628,0.0107,130.48628,0.01,130.48628,,129.4,552835,0.0,20.616,0.3262,0.0038,0.0008,130.48628,194.82976,5.166,0.7889720802396147
124,"00-0036040,00-0036900,00-0037239,00-0038563,00-0039139,00-0039361,00-0039376,00-0040666,PHI_DST",lev,49900,,,130.39622,0.0051,130.39622,0.0059,130.39622,,124.7,600697,0.0,3.5654,0.3114,0.0014,0.0002,130.39622,187.35588,3.4654,0.7227892037541332
125,"00-0036040,00-0036223,00-0036900,00-0038563,00-0039139,00-0039424,00-0040122,00-0040743,LAC_DST",lev,50000,,,132.22275,0.0075,132.22275,0.0078,132.22275,,171.8,126453,8.0,5.0182,0.3521,0.0022,0.0003,132.22275,191.2455,4.4182,0.8348345181327111
126,"00-0032764,00-0036040,00-0036900,00-0038563,00-0038597,00-0039139,00-0039424,00-0040743,PIT_DST",lev,49700,,,132.2096,0.0079,132.2096,0.0094,132.2096,,184.1,60950,8.0,4.4727,0.3533,0.0018,0.0002,132.2096,192.30588,4.2727,0.8332650601786598
127,"00-0036040,00-0036223,00-0036550,00-0036900,00-0037239,00-0038563,00-0039139,00-0040743,LV_DST",lev,49900,,,131.99446,0.0091,131.99445,0.0079,131.99445,89.0,159.39999999999998,226720,0.0,4.166,0.3474,0.0017,0.0001,131.99446,192.45789,4.066,0.8204975622239102
128,"00-0036040,00-0036275,00-0036900,00-0036963,00-0038563,00-0039139,00-0039424,00-0040743,TEN_DST",lev,49300,,,132.1961,0.0095,132.19612,0.0097,132.19612,,173.1,117987,8.0,6.4185,0.3515,0.0017,0.0001,132.19612,193.25897,4.0185,0.8284201984085939
129,"00-0036040,00-0036900,00-0036963,00-0039139,00-0039361,00-0039376,00-0039424,00-0040122,PHI_DST",lev,50000,,,130.43115,0.0076,130.43115,0.0067,130.43115,,163.8,186928,0.0,4.0527,0.3191,0.0019,0.0002,130.43115,191.78609,3.9027,0.7493126612739079
130,"00-0036040,00-0036550,00-0036900,00-0036973,00-0038542,00-0039139,00-0039424,00-0040743,JAX_DST",lev,49500,,,132.0429,0.0133,132.0429,0.0111,132.0429,,163.4,190508,0.0,6.8064,0.359,0.0052,0.0006,132.0429,196.9094,6.1564,0.8782888885589742
131,"00-0036900,00-0037239,00-0038542,00-0038563,00-0039066,00-0039139,00-0039424,00-0040743,JAX_DST",lev,49600,,,132.38464,0.0095,132.38464,0.0089,132.38464,,179.3,82411,8.0,4.3475,0.3574,0.0013,0.0001,132.38464,193.15889,4.0475,0.8409945404568998
132,"00-0034753,00-0034796,00-0036223,00-0036550,00-0036900,00-0038563,00-0039139,00-0040727,LAC_DST",lev,49000,,,122.91479,0.0038,122.91477,0.0033,122.91477,,115.46,681866,0.0,2.9291,0.2124,0.0021,0.0,122.91477,185.65735,2.9291,0.5081240383988012
133,"00-0036040,00-0036900,00-0036963,00-0036973,00-0039139,00-0039361,00-0039376,00-0039424,PIT_DST",lev,49400,,,130.38522,0.0145,130.38524,0.0126,130.38524,,157.9,240921,0.0,6.0295,0.3308,0.0037,0.0006,130.38522,198.0423,5.3295,0.8012239419044015
134,"00-0034753,00-0034796,00-0036223,00-0036550,00-0036900,00-0037809,00-0038563,00-0039139,PIT_DST",lev,49000,,,123.87312,0.0046,123.87312,0.0033,123.87312,,131.06,534569,0.0,4.577,0.2272,0.003,0.0005,123.87312,185.06113,3.627,0.5455336607601736
135,"00-0036040,00-0036410,00-0036900,00-0036973,00-0038597,00-0039139,00-0039376,00-0039424,JAX_DST",lev,49700,,43.0,130.37415,0.0157,130.37415,0.0138,130.37415,,130.60000000000002,539767,0.0,9.9599,0.3296,0.0072,0.0012,130.37415,199.94499,6.9099,0.8203151272019473
136,"00-0036040,00-0036900,00-0037239,00-0038597,00-0039139,00-0039361,00-0039376,00-0039424,JAX_DST",lev,49900,,,130.36957,0.0131,130.36957,0.0123,130.36957,,159.4,226565,0.0,11.9143,0.3274,0.004,0.0007,130.36957,197.30475,5.1643,0.7911842538130875
137,"00-0034383,00-0036900,00-0036963,00-0037239,00-0039139,00-0039361,00-0039376,00-0039424,JAX_DST",lev,50000,,,130.28114,0.0085,130.28114,0.0083,130.28114,,162.4,199187,0.0,4.2062,0.3247,0.0018,0.0001,130.28114,192.6768,4.0062,0.7666177416492864
138,"00-0036040,00-0036223,00-0036900,00-0036973,00-0039139,00-0039424,00-0039890,00-0040743,JAX_DST",lev,49200,,,132.54123,0.0125,132.54123,0.0127,132.54123,,167.2,159472,8.0,6.9705,0.3636,0.0059,0.0005,132.54123,197.2168,6.2705,0.8936395424718028
139,"00-0032764,00-0036040,00-0036900,00-0036963,00-0039139,00-0039361,00-0039376,00-0039424,TEN_DST",lev,50000,,,130.36385,0.0078,130.36385,0.0066,130.36385,,163.4,190508,0.0,4.841,0.3214,0.0019,0.0004,130.36385,191.65349,3.991,0.7547459502564944
140,"00-0036040,00-0036900,00-0036963,00-0038542,00-0038563,00-0039139,00-0039424,00-0040743,CLE_DST",lev,49900,,,132.1196,0.0093,132.11958,0.0089,132.11958,,169.0,146043,8.0,4.0079,0.3511,0.0014,0.0001,132.11957,192.79953,4.0079,0.8279416717644044
141,"00-0036040,00-0036900,00-0036963,00-0037228,00-0037239,00-0038563,00-0039139,00-0039376,LV_DST",lev,50000,,,130.27577,0.0089,130.27577,0.0084,130.27577,,144.1,388116,0.0,4.1238,0.3226,0.0026,0.0002,130.27577,192.7797,3.9738,0.7589302715824336
142,"00-0036900,00-0036973,00-0037239,00-0038597,00-0038935,00-0039139,00-0039376,00-0039424,JAX_DST",lev,50000,,,130.43745,0.0143,130.43745,0.0122,130.43745,,148.8,335789,0.0,11.0371,0.3347,0.0054,0.0007,130.43745,198.67685,5.8371,0.8206285140836349
143,"00-0036040,00-0036900,00-0036973,00-0037239,00-0038597,00-0039139,00-0039376,00-0039424,PHI_DST",lev,49900,54.0,11.0,130.33444,0.0203,130.33443,0.018,130.33443,52.0,142.9,402053,0.0,9.9139,0.3356,0.0092,0.0015,130.33443,204.10605,8.3639,0.850811390235315
144,"00-0034383,00-0036900,00-0036963,00-0036973,00-0037239,00-0039139,00-0039376,00-0039424,PHI_DST",lev,50000,,,130.246,0.0153,130.246,0.0143,130.246,,145.89999999999998,368007,0.0,5.5744,0.3368,0.0048,0.0001,130.24599,199.88509,5.5244,0.8245597372194865
145,"00-0036040,00-0036223,00-0036900,00-0038120,00-0039139,00-0039376,00-0039424,00-0039915,JAX_DST",lev,49800,,,130.31572,0.0049,130.31572,0.0047,130.31572,,156.2,257940,0.0,3.7158,0.3108,0.0014,0.0001,130.31573,187.29224,3.4158,0.7246836857287985
146,"00-0034844,00-0036040,00-0036223,00-0036900,00-0038563,00-0039139,00-0039424,00-0040743,DET_DST",lev,50000,,,132.06905,0.0059,132.06905,0.0055,132.06905,,154.10000000000002,279296,0.0,3.7847,0.3443,0.0016,0.0,132.06905,189.28448,3.7847,0.804632036400386
147,"00-0036040,00-0036550,00-0036900,00-0036973,00-0037239,00-0039139,00-0039376,00-0040122,JAX_DST",lev,50000,,,130.0725,0.0107,130.0725,0.0101,130.0725,,149.9,323839,0.0,6.3853,0.3247,0.0036,0.0006,130.0725,195.46674,5.0853,0.7869953743222113
148,"00-0036040,00-0036223,00-0036963,00-0036973,00-0037239,00-0039139,00-0039376,00-0039424,JAX_DST",lev,50000,,1.0,130.27303,0.023,130.27303,0.0198,130.27303,,185.7,54767,8.0,14.5813,0.3472,0.0098,0.0016,130.27303,206.15794,8.3813,0.8868357755293473
149,"00-0036040,00-0036275,00-0036900,00-0037239,00-0039139,00-0039376,00-0039424,00-0040666,JAX_DST",lev,50000,,,130.26912,0.009,130.26912,0.0099,130.26912,,164.0,185213,0.0,15.817,0.3197,0.002,0.0003,130.26912,192.7723,4.117,0.7603873760677068
150,"00-0036040,00-0036900,00-0038563,00-0039040,00-0039139,00-0039424,00-0040666,00-0040743,PIT_DST",lev,49700,,,132.02568,0.0062,132.02568,0.0062,132.02568,,146.9,356590,0.0,4.1496,0.3387,0.0017,0.0001,132.02568,188.97375,4.0496,0.7920338857225874
151,"00-0036040,00-0036223,00-0036900,00-0037239,00-0038563,00-0039139,00-0039361,00-0039376,MIN_DST",lev,50000,,,130.16719,0.0054,130.16719,0.0056,130.16719,,146.5,361167,0.0,3.5095,0.3138,0.0011,0.0001,130.1672,187.81267,3.4095,0.7306131122311995
152,"00-0034383,00-0036040,00-0036223,00-0036900,00-0036963,00-0039139,00-0039424,00-0040743,PHI_DST",lev,50000,,,133.05795,0.0091,133.05795,0.0096,133.05795,,169.6,141685,8.0,4.6203,0.3742,0.0025,0.0001,133.05795,192.79465,4.5703,0.8871486667416357
153,"00-0036040,00-0036223,00-0036900,00-0037248,00-0038563,00-0039139,00-0039424,00-0040743,MIN_DST",lev,49900,,,131.98552,0.0062,131.98552,0.0059,131.98552,,153.0,290781,0.0,4.355,0.3496,0.0017,0.0002,131.9855,188.5875,4.255,0.8243794578737496
154,"00-0035662,00-0036040,00-0036900,00-0036963,00-0038542,00-0039139,00-0039376,00-0039424,BUF_DST",lev,49100,,,122.14517,0.003,122.14517,0.0025,122.14517,,141.10000000000002,422660,0.0,1.893,0.1865,0.0006,0.0,122.14517,183.20581,1.893,0.4306266761743622
155,"00-0032764,00-0034753,00-0036040,00-0036900,00-0037239,00-0038563,00-0039139,00-0040743,JAX_DST",lev,49800,36.0,,132.71704,0.0087,132.71704,0.008,132.71703,21.0,180.5,76492,8.0,6.6932,0.3641,0.0031,0.0008,132.71706,192.61032,5.1932,0.867792966441925
156,"00-0034753,00-0034796,00-0036223,00-0036550,00-0036900,00-0036973,00-0039139,00-0039424,LV_DST",lev,50000,7.0,9.0,131.5279,0.0109,131.5279,0.0097,131.5279,7.0,152.46,296464,0.0,8.2709,0.3477,0.007,0.0006,131.5279,194.84068,6.7209,0.8607205238369148
157,"00-0036040,00-0036275,00-0036900,00-0036973,00-0037239,00-0038563,00-0039139,00-0039376,TEN_DST",lev,49300,,,130.1302,0.0099,130.1302,0.0102,130.1302,,141.3,420379,0.0,4.4877,0.3258,0.0031,0.0001,130.1302,193.70598,4.3877,0.7814468022580776
158,"00-0036040,00-0036223,00-0036900,00-0037239,00-0038563,00-0039139,00-0039376,00-0039811,JAX_DST",lev,49700,,,130.11708,0.0058,130.11707,0.0054,130.11708,,133.9,503743,0.0,3.9562,0.312,0.0016,0.0001,130.11708,187.25146,3.7562,0.7332006632875463
159,"00-0032764,00-0036040,00-0036900,00-0037239,00-0038120,00-0039139,00-0039376,00-0039424,JAX_DST",lev,50000,,,130.1995,0.0095,130.1995,0.009,130.1995,,180.4,76952,8.0,5.0107,0.323,0.0033,0.0003,130.1995,193.65715,4.6107,0.7727294092338458
160,"00-0034844,00-0034855,00-0037248,00-0038563,00-0038597,00-0039050,00-0039064,00-0040129,JAX_DST",boom,49600,,,119.67075,0.0013,119.67075,0.0013,119.67075,,110.34,718347,0.0,1.945,0.1791,0.0005,0.0,119.67075,176.92719,1.945,0.4179941066499356
161,"00-0034796,00-0036223,00-0036550,00-0036900,00-0038120,00-0039064,00-0039890,00-0040663,JAX_DST",boom,50000,47.0,48.0,124.2327,0.0066,124.2327,0.0053,124.2327,80.0,136.16,478093,0.0,113.4737,0.2565,0.0049,0.0014,124.2327,190.41406,5.4237,0.6384888974256754
162,"00-0035261,00-0036355,00-0036410,00-0037744,00-0038597,00-0039915,00-0040735,00-0041550,JAX_DST",boom,50000,,,116.58985,0.0008,116.58985,0.0013,116.58985,,113.56,696176,0.0,1.5374,0.1485,0.0005,0.0,116.58985,175.65445,1.5374,0.3452819643582563
163,"00-0036407,00-0036971,00-0038597,00-0038606,00-0039893,00-0040122,00-0040663,00-0040666,JAX_DST",boom,49100,,,117.954834,0.0025,117.95483,0.0018,117.95483,,137.9,458681,0.0,3.2462,0.1753,0.003,0.0003,117.954834,178.10664,3.1462,0.427880622772457
164,"00-0032764,00-0034827,00-0035710,00-0036223,00-0037664,00-0038559,00-0038996,00-0038997,JAX_DST",boom,49100,66.0,80.0,116.7971,0.0055,116.7971,0.0042,116.7971,,147.34,351801,0.0,117.8087,0.194,0.0068,0.0013,116.7971,186.99991,5.4587,0.5013034202157184
165,"00-0032764,00-0035229,00-0036554,00-0037248,00-0038597,00-0038608,00-0039163,00-0039849,JAX_DST",boom,49400,,,119.77501,0.0017,119.77501,0.0019,119.77501,,140.66,427365,0.0,3.6135,0.2037,0.0031,0.0003,119.77501,179.35208,3.4635,0.49936035813886465
166,"00-0034827,00-0036410,00-0036442,00-0036900,00-0037809,00-0039032,00-0039361,00-0041438,PHI_DST",boom,49900,,,118.1522,0.0026,118.15219,0.004,118.1522,,91.36,801659,0.0,2.8858,0.1764,0.0013,0.0001,118.15219,177.75769,2.2358,0.4152735945735511
167,"00-0034383,00-0035659,00-0035685,00-0037239,00-0037248,00-0038597,00-0038608,00-0039163,JAX_DST",boom,49200,,,118.43991,0.0038,118.43991,0.005,118.43991,,134.26,499633,0.0,6.3227,0.1992,0.0045,0.001,118.43991,182.9782,4.6227,0.5013664342121458
168,"00-0034753,00-0034796,00-0036223,00-0036900,00-0038597,00-0039391,00-0039849,00-0040870,JAX_DST",boom,49200,,,118.64697,0.0021,118.64697,0.0024,118.64697,,105.36,747814,0.0,2.1475,0.1719,0.0011,0.0001,118.64697,180.10861,2.0975,0.4072986204652775
169,"00-0033119,00-0034827,00-0037744,00-0038559,00-0038997,00-0040666,00-0041027,00-0041438,JAX_DST",boom,49900,,,109.7603,0.0015,109.7603,0.0019,109.7603,,124.38,603656,0.0,3.6486,0.1319,0.0027,0.0005,109.7603,174.33359,2.7486,0.32740625922775035
170,"00-0034960,00-0036322,00-0036971,00-0037740,00-0038120,00-0038996,00-0039893,00-0040784,LAC_DST",boom,49100,,,111.3534,0.0009,111.35341,0.0008,111.3534,,130.7,538828,0.0,2.3047,0.1229,0.0018,0.0002,111.3534,170.82463,2.0047,0.29761457937938474
171,"00-0036322,00-0036555,00-0036971,00-0038542,00-0039040,00-0039893,00-0041503,00-0041547,JAX_DST",boom,49400,,,114.05935,0.0005,114.05935,0.0006,114.05935,,153.60000000000002,284339,0.0,3.6757,0.132,0.0012,0.0003,114.05935,168.84605,1.8757,0.3128339588038786
172,"00-0030565,00-0036900,00-0037740,00-0038120,00-0038542,00-0039890,00-0040663,00-0041438,JAX_DST",boom,49000,,,117.77086,0.004,117.77086,0.0029,117.77086,,114.4,690181,0.0,4.3068,0.1861,0.0037,0.0004,117.77086,182.43092,3.4068,0.459640105868452
173,"00-0028118,00-0036322,00-0036555,00-0036970,00-0037239,00-0038124,00-0040666,00-0040667,JAX_DST",boom,49000,,,111.69705,0.0008,111.69705,0.0009,111.69704,,159.6,224593,0.0,1.6277,0.1064,0.0009,0.0001,111.69705,168.33922,1.4777,0.25039011681105355
174,"00-0028118,00-0034844,00-0036900,00-0038124,00-0038129,00-0038542,00-0038994,00-0039146,PHI_DST",boom,49900,,,116.1979,0.0015,116.1979,0.0012,116.1979,,92.8,797857,0.0,3.0069,0.1553,0.0014,0.0003,116.1979,175.38432,2.3069,0.3720698551782759
175,"00-0035685,00-0036554,00-0037239,00-0037248,00-0038608,00-0038935,00-0039163,00-0039915,JAX_DST",boom,49500,64.0,33.0,118.88242,0.0057,118.88242,0.006,118.88242,75.0,155.26,267509,0.0,8.5935,0.2071,0.0084,0.0011,118.88242,187.11021,5.9935,0.5357971109743307
176,"00-0034383,00-0035685,00-0036554,00-0037261,00-0039139,00-0039163,00-0040719,00-0040735,JAX_DST",boom,49100,,,120.23978,0.0043,120.23976,0.0061,120.23976,,155.95999999999998,260388,0.0,8.2156,0.2218,0.0081,0.0011,120.23978,185.47775,6.0656,0.5715846251713105
177,"00-0033858,00-0036264,00-0036410,00-0036554,00-0037525,00-0039139,00-0039915,00-0040667,JAX_DST",boom,49400,,,115.77688,0.001,115.77688,0.0006,115.77688,,158.78,232410,0.0,4.1579,0.1303,0.001,0.0003,115.77688,170.14368,1.7079,0.3047984939648375
178,"00-0031610,00-0036275,00-0036900,00-0038597,00-0039040,00-0039150,00-0039491,00-0039849,JAX_DST",boom,49400,,,125.3085,0.0028,125.3085,0.0035,125.3085,,162.33999999999995,199959,0.0,14.3087,0.2571,0.0026,0.0007,125.3085,182.9434,4.0587,0.6169269143082309
179,"00-0034844,00-0036290,00-0036900,00-0037240,00-0039150,00-0039342,00-0040124,00-0040666,JAX_DST",boom,49200,,,118.98445,0.0017,118.98445,0.0011,118.98446,,101.44,766936,0.0,1.7701,0.1614,0.0005,0.0,118.98446,174.39316,1.7701,0.3769634386322977
180,"00-0034796,00-0036554,00-0036900,00-0037292,00-0039064,00-0039139,00-0040784,00-0040870,LV_DST",boom,50000,,,119.225235,0.0022,119.22525,0.0022,119.22523,,142.06,411667,0.0,2.249,0.1734,0.0012,0.0001,119.22525,178.68921,2.249,0.4101818021400335
181,"00-0032764,00-0034753,00-0034796,00-0035208,00-0036223,00-0039064,00-0039849,00-0040122,JAX_DST",boom,49600,,15.0,121.56785,0.0083,121.56784,0.0064,121.56785,,185.76,54561,8.0,5.4183,0.2418,0.006,0.0004,121.56785,191.29137,4.9183,0.6088135326545704
182,"00-0026158,00-0036223,00-0036410,00-0036900,00-0038129,00-0038597,00-0038994,00-0040735,CLE_DST",boom,50000,,,118.92452,0.0058,118.92452,0.0051,118.92452,,73.1,826526,0.0,4.6325,0.1905,0.0034,0.0006,118.92452,186.96991,3.4825,0.4647962333480387
183,"00-0036389,00-0036912,00-0037248,00-0037809,00-0038393,00-0039040,00-0039849,00-0040735,JAX_DST",boom,49400,,,117.2476,0.001,117.2476,0.0012,117.2476,79.0,100.22,772415,0.0,2.2382,0.1668,0.0014,0.0,117.2476,177.23386,2.2382,0.3987094375950017
184,"00-0033921,00-0035685,00-0036040,00-0036963,00-0037239,00-0038563,00-0039139,00-0040743,PHI_DST",boom,49900,,,128.69948,0.0074,128.6995,0.008,128.6995,,186.0,53697,8.0,3.549,0.2995,0.0009,0.0002,128.69948,189.59546,3.399,0.7024854594889725
185,"00-0023459,00-0035640,00-0036894,00-0037664,00-0038542,00-0039040,00-0039849,00-0040666,JAX_DST",boom,49700,,,119.82511,0.0013,119.82511,0.0016,119.8251,,114.74,687640,0.0,5.5983,0.1982,0.0027,0.0005,119.82511,175.57048,3.3483,0.4818324582075249
186,"00-0035640,00-0036264,00-0036275,00-0036322,00-0037228,00-0038996,00-0039146,00-0040122,JAX_DST",boom,49300,,,120.770836,0.0026,120.770836,0.0028,120.77085,,173.57999999999998,114978,8.0,9.1629,0.2145,0.0043,0.0005,120.770836,178.64478,4.0629,0.5296447727961042
187,"00-0029604,00-0035261,00-0036912,00-0037291,00-0039040,00-0039066,00-0039139,00-0040129,JAX_DST",boom,49000,72.0,,122.09066,0.0017,122.09065,0.0018,122.09065,45.0,115.9,678592,0.0,2.1704,0.1909,0.0011,0.0,122.09066,176.82301,2.1704,0.4464481343636876
188,"00-0033106,00-0036040,00-0036963,00-0037240,00-0038454,00-0038544,00-0039139,00-0040735,JAX_DST",boom,49600,,,120.42017,0.0073,120.42019,0.0082,120.42017,,133.74,505505,0.0,2.5016,0.2003,0.0009,0.0002,120.42017,189.6284,2.5016,0.47296260979684923
189,"00-0034844,00-0035659,00-0036275,00-0036628,00-0036900,00-0039146,00-0039910,00-0040735,JAX_DST",boom,49300,,,116.21161,0.0011,116.21161,0.0013,116.211624,,100.46,771233,0.0,2.0014,0.1535,0.0012,0.0,116.21161,174.75172,2.0014,0.3663935418098028
190,"00-0036389,00-0036912,00-0036963,00-0037228,00-0037248,00-0038393,00-0039065,00-0041040,JAX_DST",boom,49400,,,116.9094,0.0018,116.9094,0.0016,116.9094,,137.42000000000002,464108,0.0,2.6611,0.1628,0.0009,0.0002,116.9094,177.57619,2.2611,0.38775733135014395
191,"00-0033293,00-0036252,00-0036442,00-0036554,00-0036900,00-0038129,00-0038542,00-0041069,JAX_DST",boom,49800,,,119.28951,0.0012,119.28951,0.0018,119.28951,,108.26,731257,0.0,2.3527,0.1774,0.0012,0.0003,119.28953,174.29788,2.2527,0.416114933420242
192,"00-0031588,00-0036555,00-0037248,00-0037809,00-0038393,00-0039064,00-0039910,00-0040666,JAX_DST",boom,49100,,,114.76263,0.0015,114.76261,0.0011,114.76261,,136.95999999999998,469343,0.0,2.1236,0.1458,0.0014,0.0001,114.76263,173.85342,2.0736,0.34973039639104525
193,"00-0033293,00-0035228,00-0035229,00-0036322,00-0036554,00-0037740,00-0038124,00-0040784,LAC_DST",boom,49100,49.0,,116.00233,0.0036,116.00233,0.0028,116.00233,,134.22,500095,0.0,4.6808,0.1812,0.0042,0.0006,116.00233,181.94522,3.7308,0.45478725137845377
194,"00-0034981,00-0036554,00-0037240,00-0037248,00-0039064,00-0039163,00-0040122,00-0040129,MIN_DST",boom,50000,,,115.16608,0.0008,115.16608,0.0012,115.16608,,145.56,371770,0.0,1.9224,0.1481,0.001,0.0,115.166084,172.12433,1.9224,0.3506839049363118
195,"00-0035644,00-0036322,00-0036973,00-0037228,00-0037239,00-0039064,00-0039139,00-0039376,LV_DST",boom,49800,,,121.51678,0.0045,121.51678,0.0046,121.51678,,181.4,72306,8.0,3.1587,0.2071,0.0021,0.0001,121.51678,186.5419,3.0587,0.4958238747831827
196,"00-0034829,00-0034960,00-0035685,00-0036442,00-0036900,00-0036919,00-0039915,00-0040719,JAX_DST",boom,49100,,,117.24822,0.0012,117.24824,0.0009,117.24822,,123.06,616171,0.0,1.7849,0.1582,0.0008,0.0,117.24822,174.86327,1.7849,0.36869725363958805
197,"00-0034844,00-0035228,00-0036322,00-0036410,00-0037740,00-0038994,00-0039811,00-0040584,JAX_DST",boom,49000,,,117.82535,0.0014,117.82535,0.002,117.82536,,87.12,810880,0.0,2.3125,0.1767,0.0016,0.0001,117.82535,178.36028,2.2625,0.4199386444690259
198,"00-0035640,00-0036265,00-0036554,00-0039064,00-0039918,00-0039919,00-0040122,00-0040126,JAX_DST",boom,49800,,,113.27,0.0006,113.27,0.0008,113.27,,154.16,278527,0.0,1.586,0.1276,0.0003,0.0001,113.27,169.05225,1.386,0.29734616048655965
199,"00-0033106,00-0036554,00-0036963,00-0036973,00-0037240,00-0039065,00-0039139,00-0040237,CLE_DST",boom,50000,14.0,2.0,125.43392,0.0165,125.43394,0.0167,125.43395,15.0,136.64,473058,0.0,109.2324,0.2789,0.0068,0.0014,125.43392,200.0835,6.5824,0.7093997639795206
200,"00-0031588,00-0032764,00-0036963,00-0037742,00-0037744,00-0038555,00-0039910,00-0039915,LV_DST",boom,49800,,,107.700424,0.0002,107.70041,0.0001,107.700424,,157.16,248041,0.0,0.8462,0.0805,0.0002,0.0,107.700424,164.32121,0.8462,0.18612599834298024
201,"00-0032764,00-0036355,00-0036912,00-0037744,00-0038573,00-0039915,00-0040663,00-0040666,JAX_DST",boom,49500,,,114.50486,0.0018,114.504875,0.0017,114.50485,,130.95999999999998,535763,0.0,1.6598,0.1381,0.001,0.0,114.50486,175.84178,1.6598,0.32620494125810445
202,"00-0036259,00-0036355,00-0037248,00-0037744,00-0038393,00-0038544,00-0039915,00-0040666,JAX_DST",boom,49300,,,115.433365,0.0035,115.433365,0.0037,115.433365,,109.16,725606,0.0,103.5274,0.1695,0.0022,0.0003,115.433365,183.5631,2.7774,0.4108825716666501
203,"00-0034857,00-0035659,00-0035685,00-0036555,00-0038933,00-0039139,00-0039146,00-0039901,JAX_DST",boom,49100,,,112.88722,0.0004,112.88722,0.0008,112.887215,,172.36,122820,8.0,101.9909,0.1212,0.001,0.0003,112.88722,167.75604,1.7909,0.2878781890961523
204,"00-0034827,00-0036040,00-0036973,00-0037239,00-0037240,00-0037248,00-0038994,00-0040743,JAX_DST",boom,49900,67.0,71.0,122.36821,0.0068,122.36821,0.0061,122.36821,50.0,145.0,378137,0.0,112.191,0.2355,0.0042,0.0009,122.36821,189.54077,4.391,0.5800859756410577
205,"00-0036275,00-0036322,00-0036555,00-0037228,00-0039918,00-0039919,00-0040126,00-0040735,PHI_DST",boom,50000,6.0,6.0,120.35106,0.0088,120.351074,0.0097,120.351074,6.0,159.56,224966,0.0,24.3406,0.2384,0.0115,0.0022,120.35106,192.62119,8.4406,0.6296191793475099
206,"00-0034855,00-0036223,00-0036900,00-0036963,00-0038129,00-0039589,00-0040124,00-0040719,LV_DST",boom,50000,,,123.07415,0.0023,123.074165,0.0013,123.07415,,112.54,703588,0.0,2.2766,0.2008,0.001,0.0,123.07415,179.39723,2.2766,0.46862429973116476
207,"00-0033921,00-0034855,00-0036900,00-0038542,00-0038933,00-0039746,00-0039915,00-0040129,NYJ_DST",boom,49900,,,114.907974,0.002,114.90796,0.0014,114.90796,,120.14,643259,0.0,1.4116,0.127,0.0007,0.0,114.907974,175.02745,1.4116,0.2965216112160605
208,"00-0034796,00-0036550,00-0036973,00-0037240,00-0039064,00-0039915,00-0040128,00-0040666,JAX_DST",boom,50000,63.0,,123.52235,0.0061,123.52235,0.0062,123.52235,33.0,133.06,512845,0.0,5.8786,0.2504,0.0041,0.0003,123.52235,187.96146,4.1786,0.6075236063578204
209,"00-0035659,00-0037239,00-0037809,00-0038120,00-0038124,00-0039139,00-0039424,00-0040743,JAX_DST",boom,49000,,,122.84622,0.003,122.84622,0.0038,122.84622,,196.4,25080,10.0,2.872,0.2167,0.0024,0.0001,122.84622,182.94063,2.872,0.5135546479571612
210,"00-0034753,00-0034796,00-0035261,00-0037248,00-0038120,00-0038606,00-0038997,00-0039064,LV_DST",boom,49800,,,118.94267,0.0021,118.94267,0.0034,118.94267,,141.96,412753,0.0,13.3086,0.1922,0.0019,0.0005,118.94267,179.27818,3.1586,0.46603964383399016
211,"00-0032764,00-0036555,00-0037239,00-0037740,00-0039150,00-0039491,00-0040124,00-0040126,JAX_DST",boom,49300,10.0,14.0,122.83882,0.0072,122.83882,0.0054,122.83882,11.0,203.84,13594,15.0,6.4214,0.241,0.0064,0.0007,122.83882,189.06181,5.3214,0.6088011545929279
212,"00-0036410,00-0036554,00-0037261,00-0038542,00-0038597,00-0038728,00-0039163,00-0040128,JAX_DST",boom,49400,,,116.2977,0.001,116.2977,0.001,116.2977,,133.16000000000005,511760,0.0,2.3015,0.1571,0.0016,0.0001,116.297714,173.98332,2.2015,0.3769815798990074
213,"00-0033119,00-0036322,00-0037744,00-0038393,00-0038559,00-0039915,00-0040583,00-0040666,JAX_DST",boom,49700,,,109.64337,0.0008,109.643364,0.0012,109.64335,,144.57999999999998,382864,0.0,1.3219,0.1123,0.0004,0.0,109.64337,171.3806,1.3219,0.26519803621005006
214,"00-0035685,00-0036355,00-0037744,00-0038542,00-0039040,00-0039915,00-0040170,00-0041550,JAX_DST",boom,49800,,,115.010124,0.0009,115.010124,0.0008,115.010124,,149.86,324370,0.0,1.391,0.1307,0.0005,0.0,115.010124,170.19649,1.391,0.30362561583016745
215,"00-0034827,00-0034844,00-0034857,00-0035685,00-0035689,00-0037248,00-0038124,00-0039893,MIN_DST",boom,50000,,,112.147675,0.0021,112.14769,0.0025,112.147675,,162.86,195041,0.0,4.0182,0.1465,0.0039,0.0005,112.147675,177.21745,3.3182,0.36865684971773355
216,"00-0032764,00-0033921,00-0034844,00-0036389,00-0036912,00-0038393,00-0040242,00-0040663,JAX_DST",boom,49000,79.0,,117.14963,0.0046,117.14963,0.0049,117.149635,40.0,133.62,506839,0.0,14.556,0.1889,0.0038,0.0003,117.14963,185.11447,3.356,0.4653536055698764
217,"00-0032764,00-0036442,00-0036900,00-0037664,00-0039139,00-0039361,00-0039814,00-0040785,JAX_DST",boom,49700,,,121.47721,0.0019,121.47723,0.0023,121.47723,,142.45999999999998,407001,0.0,2.3429,0.1887,0.0009,0.0001,121.47723,179.58168,2.2929,0.44107654785001416
218,"00-0034383,00-0036355,00-0036900,00-0038544,00-0038559,00-0039915,00-0040122,00-0040719,JAX_DST",boom,49000,,,123.09115,0.0032,123.09115,0.0033,123.09114,,116.96,670148,0.0,3.1624,0.2309,0.0022,0.0001,123.09115,183.32309,3.0624,0.5470164024404149
219,"00-0034844,00-0035710,00-0036550,00-0036912,00-0038544,00-0038997,00-0039139,00-0040128,JAX_DST",boom,49000,,,120.30623,0.0034,120.30621,0.0022,120.30623,,97.64,782350,0.0,3.599,0.1969,0.0024,0.0003,120.30623,182.83934,2.999,0.4745844000990663
220,"00-0036973,00-0039139,00-0039150,00-0040124,00-0040129,00-0040187,00-0040666,00-0040735,JAX_DST",boom,49700,,,126.36519,0.0029,126.3652,0.005,126.36519,,145.34,374430,0.0,3.294,0.2536,0.0014,0.0001,126.3652,183.00706,3.094,0.6003663493288552
221,"00-0034857,00-0035685,00-0036555,00-0037261,00-0038124,00-0038563,00-0038933,00-0039139,JAX_DST",boom,49200,,,119.627426,0.0014,119.62741,0.0025,119.62741,,212.26,6068,25.0,4.7415,0.1898,0.0025,0.0004,119.627426,176.82811,3.0415,0.4596470880400464
222,"00-0032764,00-0033293,00-0034753,00-0034796,00-0036900,00-0037664,00-0039064,00-0040669,JAX_DST",boom,49900,,,120.3311,0.0085,120.3311,0.0077,120.3311,,141.45999999999998,418538,0.0,5.4329,0.2184,0.005,0.0007,120.3311,191.9348,4.4329,0.549066894761332
223,"00-0035659,00-0035689,00-0036900,00-0036963,00-0037248,00-0039746,00-0039910,00-0041040,JAX_DST",boom,49500,,,106.90485,0.0002,106.90485,0.0007,106.90485,,96.16,787712,0.0,1.5225,0.0776,0.0008,0.0001,106.90485,164.86295,1.1225,0.18433982000072438
224,"00-0034827,00-0034857,00-0034981,00-0036223,00-0036275,00-0037238,00-0037261,00-0041027,JAX_DST",boom,49700,,,111.300865,0.0008,111.300865,0.0008,111.30087,,168.16,152175,8.0,1.9294,0.123,0.0013,0.0001,111.30087,169.97322,1.7294,0.29687366157258377
225,"00-0034855,00-0036900,00-0036912,00-0037740,00-0038129,00-0039798,00-0040129,00-0040666,LV_DST",boom,49900,,,118.69923,0.0022,118.69921,0.0018,118.69923,,79.24000000000001,821942,0.0,1.8621,0.1585,0.0011,0.0,118.69923,176.62698,1.8621,0.3697142703878175
226,"00-0034844,00-0036040,00-0036407,00-0036912,00-0038542,00-0039139,00-0039424,00-0040743,JAX_DST",boom,49500,,,125.221275,0.0027,125.221275,0.0028,125.221275,,167.3,158701,8.0,4.846,0.2436,0.001,0.0003,125.221275,183.6521,2.946,0.5722915936130529
227,"00-0032764,00-0037239,00-0037240,00-0039139,00-0039424,00-0039915,00-0040584,00-0040743,JAX_DST",boom,49000,,,124.48686,0.005,124.48686,0.0052,124.48688,,203.7,13730,15.0,2.5266,0.2355,0.0006,0.0,124.48686,186.65103,2.5266,0.5520132046258143
228,"00-0034383,00-0035689,00-0036275,00-0036554,00-0036900,00-0037239,00-0038597,00-0039163,JAX_DST",boom,49800,,,124.1685,0.0041,124.1685,0.0052,124.1685,,150.45999999999998,317812,0.0,5.3762,0.244,0.0037,0.0004,124.1685,184.64737,4.2762,0.5976832335202067
229,"00-0036275,00-0036290,00-0036322,00-0036555,00-0036973,00-0037239,00-0039918,00-0040735,JAX_DST",boom,50000,,51.0,122.70553,0.0071,122.70553,0.0068,122.70553,,208.56,8685,20.0,7.6431,0.2436,0.0044,0.0011,122.70553,189.7794,4.9431,0.605212151872719
230,"00-0035228,00-0036275,00-0036322,00-0037525,00-0037809,00-0038120,00-0038124,00-0038994,JAX_DST",boom,49600,,50.0,115.234825,0.0037,115.234825,0.0028,115.234825,,154.22000000000003,278101,0.0,5.3056,0.1773,0.0044,0.0005,115.234825,183.66388,3.8056,0.44099148216802003
231,"00-0032764,00-0033106,00-0036322,00-0036912,00-0036963,00-0039065,00-0039424,00-0041490,JAX_DST",boom,49400,,,114.14863,0.0008,114.14863,0.0008,114.14863,,165.64,171808,8.0,1.012,0.1124,0.0,0.0,114.14863,172.44913,1.012,0.2556321477816852
232,"00-0033921,00-0034855,00-0036900,00-0037239,00-0038935,00-0039361,00-0040129,00-0040666,CLE_DST",boom,50000,12.0,20.0,126.91543,0.0104,126.91543,0.0107,126.91543,3.0,109.54,723394,0.0,7.9967,0.2864,0.006,0.001,126.91543,194.31715,5.8467,0.7164979143316142
233,"00-0030279,00-0035710,00-0037239,00-0039064,00-0040122,00-0040124,00-0040128,00-0040719,JAX_DST",boom,50000,,,120.200386,0.0026,120.200386,0.002,120.2004,,159.74,223378,0.0,2.4862,0.1903,0.0015,0.0001,120.2004,176.64473,2.4362,0.4518363571020654
234,"00-0030279,00-0036410,00-0036442,00-0036900,00-0036919,00-0040126,00-0040669,00-0040719,JAX_DST",boom,49300,,,113.422966,0.0009,113.42295,0.0005,113.42295,,62.06,830078,0.0,1.5978,0.1127,0.0002,0.0001,113.422966,172.47264,1.1978,0.26037254321449654
235,"00-0031588,00-0033246,00-0036322,00-0037238,00-0038542,00-0039355,00-0039910,00-0040666,JAX_DST",boom,49400,,,106.967026,0.0001,106.967026,0.0002,106.967026,,123.46,612437,0.0,1.1156,0.088,0.0007,0.0,106.967026,163.77132,1.1156,0.20643114318617822
236,"00-0034981,00-0035261,00-0035685,00-0036554,00-0037238,00-0037248,00-0037664,00-0039163,JAX_DST",boom,49200,,,111.85466,0.0024,111.85466,0.0019,111.85466,,114.96,685763,0.0,4.2498,0.1509,0.0038,0.0004,111.85466,177.77832,3.3998,0.38151320844377806
237,"00-0032464,00-0034844,00-0035659,00-0038542,00-0039918,00-0039919,00-0040124,00-0040663,JAX_DST",boom,49000,,,115.01602,0.0007,115.01602,0.0008,115.01602,,133.16,511760,0.0,2.3491,0.1461,0.0012,0.0003,115.01602,173.83061,2.0991,0.3462711003075918
238,"00-0036554,00-0037239,00-0037248,00-0038608,00-0039163,00-0039811,00-0040124,00-0040128,JAX_DST",boom,49800,,,119.438225,0.0017,119.438225,0.002,119.438225,,122.36,622763,0.0,3.7456,0.1921,0.0029,0.0004,119.438225,177.9616,3.2456,0.47023288049788564
239,"00-0032764,00-0035228,00-0036322,00-0037238,00-0037248,00-0038124,00-0038935,00-0040506,JAX_DST",boom,49100,,,113.86455,0.0009,113.86455,0.0003,113.86455,,144.52,383516,0.0,1.7626,0.1376,0.0008,0.0001,113.86455,170.19696,1.6626,0.3219119379350777
240,"00-0035644,00-0036900,00-0036973,00-0037239,00-0039139,00-0040719,00-0040743,00-0041523,JAX_DST",boom,49400,,,127.8386,0.0084,127.8386,0.0078,127.8386,,166.5,165044,8.0,6.3652,0.2888,0.0044,0.001,127.8386,192.58702,5.0652,0.7020232039288263
241,"00-0032764,00-0034857,00-0035689,00-0036963,00-0037228,00-0037261,00-0039064,00-0040583,JAX_DST",boom,49300,,,113.29826,0.001,113.29826,0.0014,113.29826,,174.65999999999997,107874,8.0,13.0303,0.1342,0.0011,0.0004,113.29826,171.22304,2.0803,0.3196953870343671
242,"00-0034844,00-0035659,00-0036322,00-0037664,00-0037809,00-0039849,00-0039910,00-0040784,PHI_DST",boom,49800,,,110.835365,0.0007,110.835365,0.0003,110.835365,,89.25999999999999,806575,0.0,2.6988,0.1154,0.001,0.0005,110.835365,168.47304,1.8988,0.27704092901629346
243,"00-0036275,00-0036442,00-0036900,00-0038597,00-0038619,00-0040666,00-0040735,00-0041094,JAX_DST",boom,49400,,55.0,120.30506,0.0049,120.30508,0.0046,120.30506,,108.56,729343,0.0,13.8263,0.1997,0.0029,0.0004,120.30506,186.46219,3.2763,0.4846207743362986
244,"00-0027973,00-0036223,00-0036900,00-0036912,00-0037744,00-0038393,00-0039355,00-0041027,JAX_DST",boom,49900,,,108.00621,0.0008,108.00621,0.0009,108.00621,,103.4,757851,0.0,0.9036,0.0804,0.0006,0.0,108.006226,164.89992,0.9036,0.18729950356637054
245,"00-0036355,00-0037239,00-0039040,00-0039041,00-0039139,00-0039915,00-0040666,00-0041550,JAX_DST",boom,49700,,,122.18095,0.0035,122.18095,0.0046,122.18096,,135.16,489310,0.0,3.2908,0.2122,0.0018,0.0002,122.18096,184.39781,2.9408,0.5036136078023272
246,"00-0034844,00-0035659,00-0036389,00-0036912,00-0036919,00-0038996,00-0039040,00-0040024,LAC_DST",boom,49000,,,110.49393,0.0011,110.49393,0.0005,110.49393,,69.32,828284,0.0,1.2461,0.1154,0.0003,0.0,110.49393,171.58534,1.2461,0.27090174189224203
247,"00-0034383,00-0034827,00-0034844,00-0036554,00-0038120,00-0038393,00-0038542,00-0039163,JAX_DST",boom,49500,71.0,,121.16895,0.0026,121.16895,0.0028,121.16895,90.0,162.56,197745,0.0,15.0494,0.2244,0.0051,0.0008,121.16895,182.6843,4.6494,0.5594547924839405
248,"00-0035644,00-0036410,00-0036442,00-0036900,00-0038117,00-0038544,00-0039040,00-0039361,JAX_DST",boom,49800,,,123.68465,0.004,123.68465,0.0043,123.68465,,97.96,781123,0.0,2.6316,0.2286,0.0011,0.0,123.68465,183.95056,2.6316,0.5353930220382461
249,"00-0034829,00-0036442,00-0036554,00-0036900,00-0038117,00-0038120,00-0038544,00-0039361,JAX_DST",boom,49600,,,125.22707,0.0032,125.22707,0.0034,125.22707,,127.96,567791,0.0,3.6659,0.255,0.0021,0.0002,125.22707,182.00363,3.2659,0.6048813447220076
250,"00-0034827,00-0036223,00-0036554,00-0038542,00-0038728,00-0039163,00-0040128,00-0040242,JAX_DST",boom,49400,,,116.363335,0.0013,116.363335,0.0012,116.36335,,159.16,228648,0.0,2.7234,0.1729,0.0021,0.0002,116.363335,172.9271,2.6234,0.41719333924910407
251,"00-0033106,00-0034351,00-0036963,00-0036973,00-0037740,00-0039139,00-0039491,00-0040669,JAX_DST",boom,49200,,,124.78925,0.0072,124.78925,0.0084,124.78924,,184.94,57737,8.0,5.7887,0.2483,0.0024,0.0003,124.78925,190.45853,3.5887,0.5944444877114369
252,"00-0034753,00-0034796,00-0035261,00-0036223,00-0039064,00-0039849,00-0039893,00-0040719,JAX_DST",boom,49700,,,119.59114,0.003,119.59114,0.0035,119.59115,,131.45999999999998,530312,0.0,13.9406,0.2089,0.0033,0.0006,119.59114,180.18744,3.6906,0.5086340666647607
253,"00-0026158,00-0032764,00-0036410,00-0036900,00-0039066,00-0039361,00-0039893,00-0040122,JAX_DST",boom,49300,,,123.58865,0.0033,123.58862,0.0048,123.58862,,136.6,473468,0.0,2.9272,0.2267,0.0016,0.0001,123.58865,184.84158,2.8272,0.5358184737103487
254,"00-0033293,00-0035659,00-0036554,00-0036912,00-0037239,00-0039686,00-0039910,00-0040242,JAX_DST",boom,49000,,,109.266624,0.001,109.266624,0.0009,109.266624,,117.36,667014,0.0,2.634,0.1122,0.0021,0.0003,109.26664,170.6543,1.984,0.2718988851751903
255,"00-0033921,00-0034829,00-0035261,00-0036410,00-0036442,00-0036900,00-0039874,00-0040122,JAX_DST",boom,49400,,,119.56905,0.0035,119.56906,0.0041,119.56905,,107.36,736529,0.0,2.5759,0.1955,0.0007,0.0001,119.56905,182.38449,2.3759,0.4622889887298198
256,"00-0034383,00-0035685,00-0036554,00-0037248,00-0038117,00-0039040,00-0039163,00-0040735,JAX_DST",boom,49500,42.0,62.0,120.03059,0.0048,120.0306,0.0055,120.0306,39.0,128.86,558383,0.0,12.714,0.2302,0.008,0.0006,120.0306,186.47598,5.914,0.5920736291040097
257,"00-0034844,00-0036389,00-0036912,00-0038393,00-0039066,00-0039139,00-0040122,00-0041040,JAX_DST",boom,49300,,61.0,120.69206,0.0064,120.69208,0.0062,120.69208,,169.22,144526,8.0,4.5055,0.2113,0.0032,0.0004,120.69208,190.08424,3.7055,0.5198297132896524
258,"00-0032764,00-0034857,00-0035689,00-0036900,00-0037261,00-0037740,00-0038597,00-0040138,JAX_DST",boom,49300,,,115.22719,0.0016,115.22719,0.0013,115.22717,,143.86,390744,0.0,1.8601,0.1401,0.0013,0.0,115.22719,174.28853,1.8601,0.3334709698012277
259,"00-0033119,00-0037228,00-0037744,00-0038117,00-0038559,00-0039849,00-0040666,00-0041027,JAX_DST",boom,49000,41.0,18.0,111.79525,0.0055,111.79525,0.004,111.79525,,111.28,712057,0.0,18.0745,0.1631,0.0079,0.0025,111.79525,186.37634,6.6245,0.43241901291613305
260,"00-0034753,00-0034796,00-0036963,00-0037238,00-0039139,00-0040122,00-0040870,00-0041132,JAX_DST",boom,49300,,,115.681076,0.0015,115.681076,0.0015,115.681076,,160.46,216533,0.0,1.5664,0.1348,0.0006,0.0001,115.681076,175.07858,1.5664,0.31515927808253574
261,"00-0036355,00-0036410,00-0036555,00-0037744,00-0039915,00-0040184,00-0040666,00-0041438,JAX_DST",boom,49100,,,114.72096,0.0023,114.72096,0.0019,114.72096,,120.66,638341,0.0,101.9877,0.1457,0.0011,0.0002,114.72098,176.10536,1.9877,0.3455572727997162
262,"00-0029604,00-0036554,00-0037238,00-0037291,00-0038563,00-0039040,00-0039065,00-0039139,JAX_DST",boom,49600,,,122.0065,0.0032,122.0065,0.0034,122.0065,,123.9,608361,0.0,14.1688,0.2133,0.0029,0.0004,122.0065,180.48871,3.3688,0.5138676376815725
263,"00-0033106,00-0034975,00-0036900,00-0036963,00-0039065,00-0039139,00-0039915,00-0041067,LV_DST",boom,49800,,76.0,122.67998,0.0073,122.67998,0.0056,122.67998,,138.94,446942,0.0,3.7333,0.2118,0.0025,0.0004,122.67998,189.45862,3.2333,0.5064255646796649
264,"00-0036555,00-0038120,00-0038606,00-0039918,00-0039919,00-0040128,00-0040129,00-0040735,JAX_DST",boom,49000,,,118.22572,0.0019,118.22572,0.0018,118.22572,,155.36,266381,0.0,3.2576,0.1797,0.002,0.0004,118.22572,178.88014,2.7576,0.43095159439776326
265,"00-0033106,00-0036040,00-0036963,00-0039065,00-0039139,00-0039915,00-0040583,00-0040735,JAX_DST",boom,49400,,,122.9097,0.0052,122.9097,0.0062,122.9097,,154.64,273882,0.0,2.9038,0.2184,0.0013,0.0001,122.9097,187.84357,2.7038,0.5175867050299676
266,"00-0034827,00-0034844,00-0036554,00-0038597,00-0039163,00-0039893,00-0040122,00-0041472,JAX_DST",boom,50000,,,117.16591,0.001,117.16591,0.0014,117.16591,,149.76,325300,0.0,5.0346,0.1619,0.0012,0.0003,117.16591,173.94124,2.2346,0.38662370461704176
267,"00-0034351,00-0036389,00-0036626,00-0036912,00-0036973,00-0038544,00-0038597,00-0039139,JAX_DST",boom,49600,,,124.15551,0.0033,124.1555,0.0038,124.1555,,144.62,382433,0.0,2.5901,0.2213,0.0014,0.0,124.15551,181.88068,2.5901,0.5182586380184896
268,"00-0033537,00-0036555,00-0036900,00-0037248,00-0037744,00-0040719,00-0040782,00-0041547,JAX_DST",boom,49100,,,111.42397,0.0006,111.42399,0.0005,111.42399,,107.9,733412,0.0,1.4788,0.1073,0.0004,0.0001,111.424,166.90955,1.3288,0.2542018607597637
269,"00-0034351,00-0034837,00-0037238,00-0038120,00-0038542,00-0039139,00-0040676,00-0040705,LAC_DST",boom,49000,,,112.35929,0.0006,112.359276,0.0004,112.35929,,134.3,499216,0.0,1.3763,0.1082,0.001,0.0,112.35929,167.96747,1.3763,0.256535569472062
270,"00-0033293,00-0035228,00-0036275,00-0036322,00-0038606,00-0038994,00-0039139,00-0040598,JAX_DST",boom,49500,,,117.746475,0.0048,117.746475,0.0039,117.746475,,147.12,354191,0.0,5.1733,0.1915,0.0039,0.0006,117.746475,186.05186,3.8733,0.48028807633485093
271,"00-0032764,00-0036040,00-0036963,00-0036973,00-0037239,00-0038559,00-0039376,00-0039915,JAX_DST",boom,49100,,,122.60175,0.0063,122.60175,0.0055,122.60175,,170.2,137385,8.0,13.6918,0.2202,0.0024,0.0004,122.60175,188.73904,3.2418,0.5269172586769197
272,"00-0033307,00-0033885,00-0036223,00-0036355,00-0036900,00-0039915,00-0040666,00-0040784,PHI_DST",boom,49200,,64.0,121.78916,0.0042,121.78915,0.0051,121.78915,,108.36,730567,0.0,4.1744,0.2235,0.0032,0.0005,121.78916,185.13223,3.5744,0.5408469157835856
273,"00-0035229,00-0036264,00-0036963,00-0038124,00-0038544,00-0038597,00-0039146,00-0040122,JAX_DST",boom,49100,,,121.73322,0.0029,121.73322,0.0029,121.73322,,178.68,85728,8.0,4.9508,0.211,0.0029,0.0002,121.73322,178.68814,3.1508,0.5082083687533013
274,"00-0030279,00-0035710,00-0036223,00-0036554,00-0037664,00-0039139,00-0040128,00-0040870,JAX_DST",boom,49500,,39.0,117.57517,0.0079,117.57517,0.0082,117.57519,,139.64,439168,0.0,8.8174,0.2017,0.0088,0.0015,117.57517,191.62813,6.3674,0.5315124077283877
275,"00-0034960,00-0036963,00-0036971,00-0036973,00-0038606,00-0038710,00-0039139,00-0040124,JAX_DST",boom,49800,,,120.57029,0.0021,120.57029,0.0031,120.570274,,165.60000000000002,172041,8.0,2.9782,0.194,0.0025,0.0001,120.57029,181.28764,2.8782,0.46385056457097135
276,"00-0034383,00-0034855,00-0036900,00-0038542,00-0039361,00-0039915,00-0040129,00-0041048,JAX_DST",boom,49300,,,122.96869,0.0053,122.9687,0.0052,122.9687,,128.04,567195,0.0,4.2008,0.2359,0.0032,0.0004,122.96869,186.00526,3.9008,0.5751059411053753
277,"00-0036442,00-0036900,00-0038619,00-0039066,00-0039139,00-0039361,00-0039919,00-0040122,JAX_DST",boom,50000,,,129.50984,0.005,129.50983,0.0058,129.50983,,145.56,371770,0.0,3.4421,0.3059,0.0012,0.0,129.50984,187.44519,3.4421,0.719458844370881
278,"00-0033119,00-0034844,00-0036555,00-0037740,00-0037744,00-0039811,00-0039849,00-0039915,JAX_DST",boom,49200,,,118.912476,0.0012,118.912476,0.0022,118.912476,,127.78,569788,0.0,3.4372,0.1867,0.0018,0.0004,118.91249,177.45964,2.8372,0.45024195527321265
279,"00-0033293,00-0034753,00-0034796,00-0036963,00-0038542,00-0038997,00-0039064,00-0039890,PHI_DST",boom,50000,,,119.45743,0.0022,119.45743,0.003,119.45743,,154.56,274579,0.0,2.9022,0.1922,0.0013,0.0002,119.45743,180.23726,2.6022,0.4588927518402231
280,"00-0031588,00-0036410,00-0036442,00-0037240,00-0039139,00-0039814,00-0040129,00-0040784,PHI_DST",boom,49800,,,116.3475,0.0016,116.3475,0.0006,116.3475,,106.96,738825,0.0,1.4169,0.1322,0.0007,0.0,116.3475,174.6502,1.4169,0.3057900455526423
281,"00-0033921,00-0035229,00-0035631,00-0036275,00-0036442,00-0036900,00-0036963,00-0037248,JAX_DST",boom,50000,,,123.921425,0.0027,123.92141,0.003,123.921425,,132.16,522827,0.0,4.225,0.2194,0.0013,0.0004,123.921425,179.54523,2.825,0.5147919955585929
282,"00-0033921,00-0034844,00-0034855,00-0036555,00-0036900,00-0039849,00-0040126,00-0040129,CLE_DST",boom,49900,69.0,,123.28438,0.0037,123.284386,0.0029,123.284386,31.0,74.44,825755,0.0,3.5969,0.2289,0.0011,0.0002,123.28438,183.84828,2.9969,0.5454088436355797
283,"00-0035659,00-0035662,00-0038542,00-0038544,00-0039139,00-0039686,00-0039910,00-0040666,JAX_DST",boom,49100,,,115.1542,0.0012,115.1542,0.0007,115.1542,,115.96,678043,0.0,1.7008,0.1223,0.0011,0.0001,115.1542,171.87155,1.5508,0.28831221334851437
284,"00-0031588,00-0034844,00-0034960,00-0035659,00-0036223,00-0038606,00-0039910,00-0040128,LV_DST",boom,50000,,,112.470665,0.0015,112.47067,0.0018,112.47067,,126.46,583174,0.0,2.7967,0.1428,0.0021,0.0002,112.47067,175.54051,2.4967,0.348570857696321
285,"00-0033106,00-0036973,00-0037240,00-0039065,00-0039139,00-0039849,00-0039915,00-0041438,JAX_DST",boom,49900,78.0,23.0,126.358826,0.0101,126.358826,0.0083,126.35881,,131.44,530614,0.0,15.6275,0.2738,0.0043,0.0007,126.358826,194.01065,4.8775,0.67095262373221
286,"00-0036407,00-0036900,00-0036973,00-0037239,00-0039139,00-0040126,00-0040743,00-0041067,JAX_DST",boom,49900,,,125.96445,0.0069,125.96445,0.0061,125.96445,,140.8,425995,0.0,6.3684,0.2578,0.0028,0.0007,125.96444,189.60388,3.9684,0.6174245505550554
287,"00-0034383,00-0034844,00-0036550,00-0036554,00-0037248,00-0039163,00-0039893,00-0040666,JAX_DST",boom,49300,,,119.26498,0.0024,119.26498,0.0024,119.26498,,95.36,790280,0.0,103.8553,0.1978,0.0033,0.0006,119.26498,180.93167,3.5553,0.48429660860170787
288,"00-0035659,00-0036912,00-0038542,00-0039040,00-0039910,00-0039912,00-0040390,00-0041027,JAX_DST",boom,49100,,,108.20785,0.0005,108.20785,0.0003,108.20785,,97.26,783588,0.0,0.9795,0.0843,0.0006,0.0,108.20785,163.1954,0.9795,0.19686053477981963
289,"00-0031588,00-0033662,00-0034844,00-0036900,00-0036970,00-0037228,00-0037238,00-0039893,JAX_DST",boom,49400,,,108.61534,0.0005,108.61535,0.0001,108.61534,,72.22,826992,0.0,1.0216,0.0927,0.0005,0.0,108.61535,166.29454,1.0216,0.2169824949128119
290,"00-0032764,00-0034827,00-0035710,00-0037664,00-0039040,00-0039361,00-0039491,00-0040128,JAX_DST",boom,49000,55.0,,121.2127,0.0025,121.2127,0.0033,121.21268,44.0,174.44,109192,8.0,5.0298,0.2167,0.0024,0.0004,121.2127,180.41121,3.3298,0.5239566047343922
291,"00-0033293,00-0035228,00-0035229,00-0036322,00-0038542,00-0039064,00-0039146,00-0039915,JAX_DST",boom,49700,25.0,10.0,121.20344,0.0073,121.20344,0.0055,121.20344,22.0,152.92,291673,0.0,21.413,0.231,0.0074,0.0011,121.20344,189.1731,6.213,0.5896577317924045
292,"00-0036322,00-0036555,00-0037740,00-0037744,00-0038994,00-0039811,00-0039923,00-0040124,JAX_DST",boom,50000,,,113.32815,0.0009,113.32815,0.001,113.32815,,121.5,630801,0.0,16.4464,0.1396,0.0021,0.0004,113.32815,172.17429,2.3464,0.3382397026878968
293,"00-0034855,00-0036410,00-0037256,00-0037664,00-0038129,00-0038597,00-0040129,00-0040784,LAC_DST",boom,49100,,,111.85407,0.0013,111.854065,0.0013,111.854065,,82.04,818713,0.0,1.3129,0.1196,0.0005,0.0,111.85407,172.34302,1.3129,0.277476282196114
294,"00-0031588,00-0034351,00-0035685,00-0036389,00-0036555,00-0036912,00-0037248,00-0038994,LV_DST",boom,49900,,,116.526924,0.0014,116.52691,0.0016,116.52691,,147.72,347528,0.0,2.0474,0.1692,0.0009,0.0,116.526924,176.10509,2.0474,0.4019450831841871
295,"00-0035640,00-0036275,00-0036355,00-0037228,00-0037744,00-0038544,00-0039915,00-0040719,JAX_DST",boom,49600,59.0,42.0,121.37128,0.0043,121.37128,0.0031,121.37128,53.0,139.16000000000005,444169,0.0,8.0785,0.2209,0.0033,0.0009,121.37128,182.52179,4.1785,0.535718775122161
296,"00-0036555,00-0036973,00-0038117,00-0039139,00-0039918,00-0039919,00-0040126,00-0041438,JAX_DST",boom,49900,60.0,,125.0899,0.0049,125.08991,0.0046,125.0899,49.0,150.16,320906,0.0,7.9637,0.2591,0.0051,0.0011,125.08991,184.77423,5.1137,0.6341430565170076
297,"00-0034771,00-0035685,00-0036252,00-0036554,00-0036894,00-0038542,00-0039040,00-0039915,JAX_DST",boom,49300,,,111.38992,0.001,111.38992,0.0007,111.38992,,148.6,337975,0.0,2.276,0.1236,0.0019,0.0001,111.38994,170.13881,1.976,0.2966197684947885
298,"00-0033921,00-0034855,00-0036900,00-0037248,00-0038129,00-0038933,00-0039064,00-0039361,JAX_DST",boom,49900,61.0,40.0,124.90165,0.0077,124.90165,0.0085,124.901665,56.0,125.94,588441,0.0,6.5723,0.2746,0.0056,0.0008,124.90165,189.97357,5.3723,0.6831380898555123
299,"00-0032764,00-0034844,00-0035659,00-0037740,00-0038120,00-0039064,00-0039686,00-0039910,PHI_DST",boom,49900,,,115.9195,0.0011,115.91949,0.0013,115.9195,,137.06,468070,0.0,2.6084,0.1663,0.0015,0.0001,115.91949,175.66872,2.3084,0.39736842502918673
300,"00-0032764,00-0036040,00-0037740,00-0039040,00-0039139,00-0039424,00-0040735,00-0040743,JAX_DST",boom,49200,,,127.42225,0.0031,127.42225,0.0044,127.42225,,187.4,48824,10.0,3.2622,0.267,0.0006,0.0001,127.42225,183.01393,2.8622,0.6201867998586514
301,"00-0023459,00-0032764,00-0035640,00-0036252,00-0036970,00-0039139,00-0039890,00-0040666,JAX_DST",boom,49200,,,121.37159,0.0022,121.3716,0.0025,121.37159,,136.54000000000002,474266,0.0,13.0812,0.2085,0.0029,0.0002,121.3716,179.79837,3.1812,0.5045028285124509
302,"00-0036040,00-0036275,00-0037239,00-0038997,00-0039139,00-0039376,00-0039919,00-0040666,JAX_DST",boom,49300,,,122.260086,0.0031,122.26008,0.0024,122.260086,,153.79999999999998,282488,0.0,8.4798,0.1984,0.0014,0.0002,122.260086,180.62436,2.4798,0.4648019407156648
303,"00-0036912,00-0037248,00-0039040,00-0039361,00-0039491,00-0039918,00-0040735,00-0041558,JAX_DST",boom,49100,,,117.61558,0.0016,117.61558,0.0006,117.61558,,147.66,348000,0.0,1.7155,0.1594,0.0004,0.0,117.61558,172.24545,1.7155,0.3715127716913345
304,"00-0034351,00-0034844,00-0036389,00-0036912,00-0039355,00-0039915,00-0040129,00-0040666,JAX_DST",boom,50000,62.0,29.0,120.80253,0.0057,120.80253,0.0061,120.80253,,118.52,657314,0.0,4.4105,0.2226,0.0037,0.0005,120.802536,186.83676,3.9605,0.5488934899099093
305,"00-0033921,00-0035659,00-0036275,00-0036410,00-0036442,00-0038994,00-0039139,00-0039814,JAX_DST",boom,49900,,,119.250725,0.0012,119.250725,0.0013,119.250725,,121.76,628223,0.0,1.666,0.1625,0.0006,0.0,119.250725,174.94125,1.666,0.3756197913523471
306,"00-0033293,00-0034827,00-0036264,00-0036322,00-0038996,00-0040129,00-0040666,00-0040667,JAX_DST",boom,49500,,,116.84736,0.0016,116.84736,0.0025,116.847374,,148.28,341478,0.0,10.1128,0.1704,0.0024,0.0002,116.84736,177.44182,2.8128,0.4132798718790509
307,"00-0035685,00-0036040,00-0036554,00-0036900,00-0037239,00-0038618,00-0039139,00-0039376,JAX_DST",boom,49800,,,123.72545,0.0043,123.72545,0.0053,123.72545,,155.7,263039,0.0,9.9204,0.2315,0.0032,0.0003,123.72545,186.79352,3.7204,0.5621985510636325
308,"00-0034844,00-0035662,00-0036389,00-0036900,00-0036912,00-0037664,00-0039065,00-0040242,LV_DST",boom,50000,,,119.91585,0.0045,119.91585,0.0042,119.91585,,90.72,803302,0.0,8.2348,0.1994,0.003,0.0004,119.91585,184.81648,3.4348,0.48912528252156434
309,"00-0034827,00-0034857,00-0036275,00-0036555,00-0037248,00-0038608,00-0038933,00-0040124,JAX_DST",boom,50000,33.0,21.0,117.49182,0.005,117.49182,0.0041,117.49182,82.0,180.26,77634,8.0,8.4426,0.2008,0.0071,0.0012,117.49185,184.89432,5.8426,0.5211373991696459
310,"00-0034753,00-0034796,00-0036223,00-0039064,00-0039139,00-0039342,00-0039491,00-0040124,PHI_DST",boom,50000,,,122.58586,0.0056,122.58586,0.0046,122.58586,,181.86,70267,8.0,110.4283,0.2351,0.0027,0.0007,122.58586,188.4362,3.8783,0.5753060068949151
311,"00-0032764,00-0034796,00-0034844,00-0035685,00-0036550,00-0036963,00-0040128,00-0040870,JAX_DST",boom,49200,,38.0,118.615875,0.0048,118.615875,0.0051,118.615875,,159.26,227762,0.0,4.9814,0.1926,0.0044,0.0008,118.615875,186.75298,4.1314,0.4808227019865005
312,"00-0036275,00-0036963,00-0037252,00-0038128,00-0039040,00-0039880,00-0039915,00-0040122,JAX_DST",boom,49500,11.0,13.0,123.69576,0.0073,123.69578,0.0058,123.69578,4.0,171.4,129159,8.0,10.5454,0.2526,0.0071,0.0021,123.69578,190.0421,6.6454,0.6370450081234549
313,"00-0034855,00-0036275,00-0036410,00-0036963,00-0036973,00-0038129,00-0038542,00-0040237,JAX_DST",boom,49600,,,125.73025,0.0026,125.73025,0.0028,125.73025,,151.94,302150,0.0,3.7245,0.2435,0.0019,0.0003,125.73025,180.23376,3.3745,0.5738495185884482
314,"00-0035640,00-0036410,00-0036442,00-0036900,00-0037228,00-0040129,00-0040242,00-0040736,JAX_DST",boom,49500,,,122.229576,0.0045,122.229576,0.0036,122.229576,,85.25999999999999,814116,0.0,4.2203,0.2267,0.0025,0.0004,122.229576,185.24786,3.3703,0.5481327087845095
315,"00-0032950,00-0034844,00-0035229,00-0035659,00-0036322,00-0036554,00-0036973,00-0038124,JAX_DST",boom,49400,,,120.07863,0.0019,120.07863,0.0024,120.07863,,161.12,210582,0.0,3.8305,0.2022,0.0022,0.0003,120.07863,177.95543,3.0305,0.48518226850798635
316,"00-0034855,00-0035261,00-0036223,00-0036900,00-0038563,00-0038597,00-0040129,00-0041094,JAX_DST",boom,49800,,,124.00832,0.0044,124.00832,0.0031,124.00832,,96.14,787918,0.0,3.0567,0.2439,0.0013,0.0001,124.00834,183.66147,2.9567,0.5772509367883328
317,"00-0030279,00-0034960,00-0036223,00-0036971,00-0038606,00-0039065,00-0039139,00-0040784,PHI_DST",boom,49500,,84.0,116.65535,0.0024,116.65533,0.0024,116.65535,,150.3,319464,0.0,7.3482,0.1637,0.0029,0.001,116.655334,176.31871,3.3982,0.39682126701564013
318,"00-0036407,00-0036410,00-0036963,00-0036971,00-0038606,00-0038935,00-0039040,00-0040122,JAX_DST",boom,49900,52.0,,122.74442,0.0018,122.744415,0.0029,122.744415,30.0,157.2,247758,0.0,3.6427,0.224,0.0024,0.0003,122.74442,179.2122,3.3427,0.5350326032520807
319,"00-0033119,00-0036223,00-0036275,00-0038559,00-0039849,00-0039915,00-0040128,00-0041027,JAX_DST",boom,49400,84.0,,117.7847,0.0047,117.78471,0.0048,117.78471,67.0,148.38,340442,0.0,116.9219,0.2028,0.0062,0.0014,117.7847,185.87987,5.5719,0.5193191671951637
320,"00-0036259,00-0036900,00-0037252,00-0037666,00-0038128,00-0038542,00-0038597,00-0040122,JAX_DST",boom,49200,,,116.68842,0.0012,116.68844,0.0019,116.68842,,123.5,612183,0.0,5.942,0.1481,0.0015,0.0001,116.68842,175.5321,2.042,0.3510590847386301
321,"00-0033293,00-0034351,00-0034844,00-0036322,00-0036389,00-0036912,00-0037238,00-0040164,JAX_DST",boom,49800,,52.0,114.0114,0.0049,114.0114,0.0028,114.0114,,126.82,579738,0.0,3.8381,0.1613,0.003,0.0006,114.0114,182.0565,3.0381,0.3963442566683941
322,"00-0034829,00-0035659,00-0036442,00-0036900,00-0038994,00-0038997,00-0039361,00-0040719,JAX_DST",boom,49400,,,119.05557,0.0018,119.05557,0.0016,119.05557,,90.36,804094,0.0,2.2014,0.1802,0.0007,0.0001,119.05557,175.01228,2.1014,0.4206288024877874
323,"00-0035640,00-0036275,00-0036555,00-0036912,00-0037248,00-0039918,00-0040126,00-0041051,JAX_DST",boom,49400,,,117.193665,0.0024,117.193665,0.002,117.19365,,135.56,484898,0.0,3.0356,0.1797,0.0025,0.0001,117.193665,181.34517,2.8856,0.4392327104923631
324,"00-0035229,00-0035685,00-0036554,00-0037248,00-0038544,00-0038608,00-0039139,00-0039163,JAX_DST",boom,49300,,78.0,120.57787,0.0059,120.57787,0.0061,120.57787,,149.45999999999998,328606,0.0,9.0389,0.2178,0.0085,0.0015,120.57787,186.57076,6.5389,0.567443029525229
325,"00-0034960,00-0036275,00-0036971,00-0037664,00-0038606,00-0039040,00-0040122,00-0040663,JAX_DST",boom,49400,,,117.03331,0.001,117.033325,0.0014,117.03331,,166.5,165044,8.0,2.7538,0.1642,0.0016,0.0001,117.03331,172.65178,2.1038,0.39126419949334734
326,"00-0032764,00-0034753,00-0034796,00-0038563,00-0039064,00-0039139,00-0039893,00-0041125,JAX_DST",boom,49000,,,118.5049,0.005,118.50491,0.0061,118.5049,,168.45999999999998,150054,8.0,14.1204,0.1968,0.0028,0.0004,118.5049,185.93918,3.3204,0.4833193184212792
327,"00-0038120,00-0038393,00-0038542,00-0039139,00-0039910,00-0039912,00-0040129,00-0041040,JAX_DST",boom,49100,,,112.59136,0.0003,112.59136,0.0007,112.59135,,165.36,173861,0.0,3.3803,0.0985,0.0009,0.0005,112.59136,166.60477,1.5803,0.23385033620263357
328,"00-0033526,00-0036410,00-0036442,00-0036900,00-0038933,00-0039424,00-0040122,00-0040129,JAX_DST",boom,49900,,82.0,121.00952,0.0048,121.00954,0.0042,121.00952,,136.16,478093,0.0,4.8562,0.2064,0.0022,0.0004,121.00952,185.95891,3.1562,0.4973263831256061
329,"00-0034844,00-0035261,00-0036410,00-0037664,00-0038542,00-0039910,00-0039912,00-0041040,JAX_DST",boom,49100,,,107.8092,0.0003,107.8092,0.0002,107.8092,,110.76,715522,0.0,1.0865,0.0756,0.0005,0.0001,107.80921,162.73723,1.0365,0.17745886813256034
330,"00-0034351,00-0035659,00-0036223,00-0036410,00-0037238,00-0037809,00-0039910,00-0040784,PHI_DST",boom,49100,,,112.05218,0.0007,112.05218,0.0006,112.05218,,98.86,777921,0.0,3.1628,0.1172,0.0018,0.0004,112.05218,169.86473,1.9128,0.2806129703861772
331,"00-0030565,00-0035261,00-0036963,00-0037740,00-0038120,00-0039139,00-0039893,00-0040736,JAX_DST",boom,49400,56.0,87.0,120.977,0.0043,120.977,0.0057,120.977,88.0,138.5,451904,0.0,17.8302,0.2121,0.0043,0.0007,120.977,185.63184,4.2302,0.5244823282596004
332,"00-0026158,00-0036223,00-0036410,00-0036900,00-0036919,00-0040124,00-0040128,00-0040138,JAX_DST",boom,49000,,,114.71822,0.0016,114.71822,0.0015,114.71822,,83.10000000000001,817269,0.0,1.5066,0.1365,0.001,0.0,114.71822,174.8862,1.5066,0.31823842973438105
333,"00-0031588,00-0034844,00-0036223,00-0037239,00-0037809,00-0038563,00-0039910,00-0040735,JAX_DST",boom,49500,,,117.88804,0.0016,117.88802,0.0015,117.88802,,131.26,532574,0.0,2.7529,0.16,0.0023,0.0002,117.88804,175.51958,2.5029,0.384919523674882
334,"00-0033293,00-0034351,00-0035228,00-0036259,00-0036322,00-0036900,00-0038685,00-0040666,JAX_DST",boom,49000,,,115.026276,0.0029,115.026276,0.003,115.026276,,93.92,794731,0.0,3.6996,0.1553,0.0028,0.0003,115.026276,180.363,2.7996,0.3812550804273624
335,"00-0035710,00-0036223,00-0036252,00-0036275,00-0036900,00-0037664,00-0039796,00-0040128,JAX_DST",boom,49700,,,117.89648,0.0035,117.89648,0.0051,117.89648,,116.94,670438,0.0,3.6383,0.1915,0.0036,0.0003,117.89648,184.06302,3.5383,0.4748050533524095
336,"00-0034857,00-0035685,00-0037248,00-0037261,00-0037740,00-0038544,00-0038933,00-0039064,JAX_DST",boom,49900,,90.0,116.41316,0.0035,116.41316,0.0038,116.41316,,167.06,160522,8.0,4.2771,0.1796,0.0051,0.0005,116.41316,181.70312,4.1771,0.45650124224585514
337,"00-0035685,00-0036554,00-0037240,00-0037261,00-0038608,00-0039139,00-0039163,00-0040128,JAX_DST",boom,49800,,,117.83927,0.0051,117.83927,0.0055,117.83927,,150.06,322080,0.0,107.3355,0.1945,0.0069,0.0012,117.83927,184.93414,5.4355,0.5023328281151257
338,"00-0035228,00-0035229,00-0036223,00-0036259,00-0036410,00-0036900,00-0040666,00-0040667,JAX_DST",boom,49400,,,122.97133,0.0027,122.97134,0.0038,122.97133,,90.22,804491,0.0,3.5781,0.2221,0.0027,0.0003,122.97133,182.2818,3.4281,0.5337899150278193
339,"00-0035228,00-0035229,00-0036322,00-0036912,00-0037664,00-0039811,00-0040122,00-0040719,JAX_DST",boom,49000,77.0,,118.73242,0.0022,118.73242,0.0021,118.73244,,126.02,587729,0.0,3.1481,0.1836,0.0025,0.0002,118.73244,177.6282,2.9481,0.4431350276550925
340,"00-0035662,00-0036442,00-0036900,00-0038129,00-0038542,00-0038597,00-0038619,00-0039361,JAX_DST",boom,49400,,,123.5724,0.0069,123.5724,0.0063,123.5724,,111.56,710165,0.0,5.1323,0.2524,0.0039,0.0004,123.5724,190.2794,4.1323,0.6147651445610228
341,"00-0034383,00-0035659,00-0036554,00-0037248,00-0037740,00-0038606,00-0039163,00-0039361,JAX_DST",boom,49000,,,118.906685,0.0017,118.9067,0.0022,118.9067,,127.96,567791,0.0,4.5484,0.1988,0.0029,0.0004,118.906685,178.52148,3.4484,0.4846311634478441
342,"00-0034351,00-0035659,00-0036389,00-0036555,00-0036912,00-0038597,00-0040666,00-0041550,JAX_DST",boom,49100,,,116.92113,0.0026,116.92111,0.0022,116.92113,,124.92,598478,0.0,1.9881,0.1602,0.0013,0.0,116.92113,179.06042,1.9881,0.3785648201021306
343,"00-0035640,00-0035685,00-0036555,00-0037744,00-0039811,00-0039918,00-0039919,00-0040735,JAX_DST",boom,49100,,,116.926125,0.0014,116.92614,0.002,116.92614,,156.76,252074,0.0,2.7567,0.1705,0.0021,0.0003,116.92614,175.6442,2.5067,0.40888470316363534
344,"00-0032764,00-0036040,00-0036223,00-0037239,00-0037291,00-0039139,00-0039890,00-0040743,JAX_DST",boom,49700,,,127.3637,0.0046,127.36368,0.0048,127.36368,,204.5,12739,15.0,3.3294,0.2774,0.002,0.0,127.3637,186.40643,3.3294,0.6532296798608664
345,"00-0034753,00-0035659,00-0036410,00-0036442,00-0036555,00-0036900,00-0039361,00-0039890,JAX_DST",boom,49200,,,123.31671,0.0032,123.31671,0.0039,123.31671,,106.56,741106,0.0,3.3863,0.2346,0.0016,0.0002,123.31671,183.45392,3.0363,0.5564752288095647
346,"00-0034844,00-0035659,00-0036389,00-0036912,00-0037248,00-0038498,00-0039361,00-0041547,JAX_DST",boom,49200,,,114.44841,0.002,114.448425,0.0019,114.44841,,98.42,779606,0.0,3.0139,0.1525,0.0015,0.0002,114.448425,177.50081,2.1139,0.3658933164690118
347,"00-0035228,00-0035229,00-0036322,00-0036973,00-0038117,00-0039064,00-0039139,00-0039811,JAX_DST",boom,49400,3.0,83.0,127.271835,0.0046,127.27185,0.0041,127.27183,5.0,152.32,298208,0.0,6.6292,0.2863,0.0039,0.0007,127.271835,185.92586,4.7792,0.6958097605288384
348,"00-0034844,00-0036410,00-0036900,00-0036973,00-0038606,00-0040663,00-0040668,00-0041547,JAX_DST",boom,49400,,,117.79143,0.0014,117.79143,0.0009,117.79143,,81.1,819838,0.0,2.0864,0.1606,0.0012,0.0,117.791435,176.53183,2.0864,0.3807294469633403
349,"00-0033921,00-0034855,00-0036410,00-0037228,00-0037744,00-0039040,00-0040237,00-0041027,JAX_DST",boom,49500,,,115.38383,0.0008,115.383835,0.0011,115.383835,,103.84,755772,0.0,2.1301,0.1422,0.0012,0.0002,115.38383,173.9505,1.9801,0.33651592871374125
350,"00-0034827,00-0034857,00-0036554,00-0037228,00-0038120,00-0038933,00-0039040,00-0040729,JAX_DST",boom,49800,,,117.0088,0.0009,117.00881,0.0014,117.0088,,173.86,112955,8.0,2.5807,0.172,0.0023,0.0,117.0088,173.70712,2.5807,0.41891984463951404
351,"00-0023459,00-0035640,00-0036223,00-0036894,00-0037228,00-0037261,00-0038542,00-0039064,JAX_DST",boom,49100,28.0,49.0,119.544685,0.004,119.5447,0.0036,119.544685,64.0,155.84,261667,0.0,6.0916,0.2172,0.0057,0.001,119.544685,184.70377,5.3916,0.5508733237936488
352,"00-0034796,00-0036223,00-0036550,00-0036973,00-0037248,00-0038933,00-0039064,00-0040727,JAX_DST",boom,49300,,,120.35356,0.0043,120.35358,0.0037,120.35356,,147.76,347018,0.0,21.8732,0.2113,0.0034,0.0009,120.35358,183.65279,3.9732,0.5173461056203094
353,"00-0032764,00-0033293,00-0035710,00-0036322,00-0036410,00-0038997,00-0039811,00-0040128,JAX_DST",boom,49300,,,119.49397,0.0031,119.49397,0.0035,119.49397,,131.14,533900,0.0,3.9059,0.1993,0.0038,0.0002,119.49397,180.9892,3.5059,0.487651414903359
354,"00-0036355,00-0038544,00-0039066,00-0039139,00-0039849,00-0039915,00-0040122,00-0040666,JAX_DST",boom,49400,2.0,4.0,128.80988,0.0102,128.80988,0.0118,128.80988,10.0,146.26,363765,0.0,16.1704,0.3165,0.0054,0.0007,128.80988,194.67516,5.6704,0.7843468436302637
355,"00-0032764,00-0036290,00-0036963,00-0037238,00-0039150,00-0039361,00-0039491,00-0040124,JAX_DST",boom,49000,,,119.92711,0.0021,119.92711,0.002,119.92711,,202.04,15814,15.0,10.1694,0.192,0.002,0.0002,119.92711,179.7584,2.8694,0.45833385679954947
356,"00-0033106,00-0034844,00-0036912,00-0036963,00-0036973,00-0037240,00-0038558,00-0039361,CLE_DST",boom,49700,46.0,,122.66342,0.0055,122.66342,0.0033,122.66342,42.0,110.84,715072,0.0,2.8667,0.215,0.0014,0.0001,122.66342,186.04024,2.7667,0.5096375403482555
357,"00-0033106,00-0035659,00-0036963,00-0038120,00-0039040,00-0039065,00-0039424,00-0040242,JAX_DST",boom,49000,,,122.03877,0.003,122.03879,0.002,122.03877,,137.24,466227,0.0,2.867,0.2089,0.002,0.0002,122.03877,181.23244,2.767,0.4941291548044432
358,"00-0032764,00-0034827,00-0036554,00-0038542,00-0038618,00-0039064,00-0039163,00-0040663,JAX_DST",boom,49400,,,117.1993,0.0019,117.19929,0.0023,117.1993,,185.56,55289,8.0,13.8258,0.1889,0.0038,0.0006,117.1993,178.04466,3.7258,0.46602768505665415
359,"00-0033921,00-0034855,00-0036900,00-0038129,00-0039139,00-0039146,00-0039361,00-0040126,JAX_DST",boom,49900,,,127.21936,0.0088,127.21936,0.0082,127.21936,,108.64,728944,0.0,15.2911,0.2928,0.0042,0.0006,127.21936,192.29025,4.9411,0.7160471313304763
360,"00-0030279,00-0035710,00-0036223,00-0039064,00-0039361,00-0039919,00-0040128,00-0040666,JAX_DST",boom,50000,,,122.56152,0.0068,122.56152,0.0072,122.56152,,135.44,486397,0.0,8.3296,0.2386,0.0058,0.0011,122.56152,188.42102,5.4296,0.6015199793308736
361,"00-0033921,00-0034351,00-0035659,00-0036223,00-0036389,00-0036912,00-0037228,00-0040735,JAX_DST",boom,49800,65.0,,121.0076,0.0021,121.00759,0.0022,121.0076,55.0,129.32,553707,0.0,2.4316,0.2105,0.0011,0.0,121.0076,178.84981,2.4316,0.4982697216597475
362,"00-0036223,00-0036290,00-0036355,00-0038559,00-0038597,00-0039915,00-0040666,00-0040727,JAX_DST",boom,49000,,,117.74345,0.0037,117.74345,0.003,117.74345,,127.76,569990,0.0,4.7733,0.1776,0.0017,0.0004,117.74345,183.67548,2.6733,0.4271059461733078
363,"00-0030279,00-0032764,00-0035685,00-0035710,00-0036223,00-0036900,00-0040128,00-0040669,PHI_DST",boom,49900,,,120.378075,0.0057,120.37809,0.0056,120.37809,,129.04,556704,0.0,21.7034,0.2139,0.0051,0.0007,120.378075,188.28038,4.3534,0.535944364496454
364,"00-0036275,00-0037744,00-0039342,00-0039849,00-0039918,00-0040126,00-0040666,00-0040735,LAC_DST",boom,49000,,,113.208534,0.0021,113.20853,0.0035,113.20855,,122.26,623714,0.0,8.2264,0.1495,0.0021,0.0003,113.208534,178.00905,2.2764,0.36289658789859125
365,"00-0023459,00-0035640,00-0036223,00-0038542,00-0039919,00-0040126,00-0040242,00-0041489,JAX_DST",boom,49000,,,112.22195,0.001,112.22195,0.0014,112.22195,,110.74,715733,0.0,3.2934,0.1269,0.001,0.0004,112.22195,170.23962,1.8934,0.3026032901468586
366,"00-0032764,00-0036275,00-0036554,00-0036900,00-0036973,00-0039150,00-0039491,00-0040187,JAX_DST",boom,49300,,,127.06985,0.0021,127.06984,0.0038,127.06985,,200.04,18711,15.0,6.2069,0.2729,0.0033,0.0004,127.06985,183.43413,4.2569,0.6588098144838918
367,"00-0036554,00-0036971,00-0038542,00-0038606,00-0038933,00-0039893,00-0040719,00-0041037,JAX_DST",boom,49800,,,112.23263,0.0023,112.232635,0.0024,112.232635,,162.60000000000002,197428,0.0,4.0681,0.1492,0.0039,0.0004,112.23263,177.54431,3.1681,0.37511349210022993
368,"00-0034351,00-0034844,00-0036264,00-0036322,00-0036912,00-0038090,00-0038124,00-0040122,JAX_DST",boom,49500,,,114.6278,0.0012,114.6278,0.0024,114.6278,,181.08,73847,8.0,2.6039,0.1513,0.0015,0.0002,114.6278,176.35864,2.1539,0.36061983828646266
369,"00-0035228,00-0036223,00-0036259,00-0036322,00-0038597,00-0038996,00-0040122,00-0040138,JAX_DST",boom,49600,,,117.89545,0.0011,117.89545,0.0012,117.89545,,142.22,409915,0.0,2.4208,0.1701,0.0012,0.0001,117.89545,175.0212,2.2208,0.4033016315098268
370,"00-0034351,00-0034844,00-0035659,00-0036389,00-0036912,00-0037291,00-0039919,00-0040122,JAX_DST",boom,49600,8.0,17.0,117.82527,0.0061,117.825264,0.0041,117.82527,8.0,130.72,538567,0.0,4.3349,0.198,0.0047,0.0005,117.82527,185.65575,3.8349,0.49145252722909755
371,"00-0034796,00-0034798,00-0036223,00-0036900,00-0037240,00-0038996,00-0039032,00-0039064,JAX_DST",boom,49800,,,116.23765,0.0013,116.23765,0.0009,116.23765,,124.06,606678,0.0,1.6473,0.1435,0.0007,0.0,116.23765,173.20164,1.6473,0.33642385805584135
372,"00-0034844,00-0036912,00-0037809,00-0038400,00-0039139,00-0039893,00-0039915,00-0040867,JAX_DST",boom,49400,,,108.3727,0.0013,108.3727,0.0018,108.3727,,100.2,772495,0.0,1.1462,0.1042,0.0003,0.0,108.3727,173.30199,1.1462,0.24480882540550014
373,"00-0033119,00-0034383,00-0038542,00-0038559,00-0039040,00-0039849,00-0040666,00-0041438,JAX_DST",boom,49000,,,117.55596,0.0017,117.55596,0.0014,117.55595,,110.88,714692,0.0,3.4013,0.1762,0.0022,0.0001,117.55598,174.23633,2.7513,0.4237169273121125
374,"00-0026158,00-0036410,00-0036900,00-0039066,00-0039139,00-0039361,00-0040122,00-0041547,JAX_DST",boom,49700,,,126.5433,0.0048,126.5433,0.0059,126.54329,,137.7,460933,0.0,3.9981,0.2582,0.0018,0.0004,126.5433,187.35683,3.4981,0.6096505125611791
375,"00-0033106,00-0037240,00-0038542,00-0039065,00-0039139,00-0039146,00-0039424,00-0040242,JAX_DST",boom,49200,,,120.677124,0.0058,120.677124,0.0051,120.677124,,154.14,278935,0.0,2.6465,0.2057,0.0014,0.0001,120.677124,187.88617,2.5465,0.4870561634281412
376,"00-0032764,00-0034351,00-0034827,00-0035659,00-0036389,00-0036912,00-0036973,00-0039146,JAX_DST",boom,49500,,,120.53995,0.0022,120.53995,0.0029,120.53995,,155.22,267996,0.0,2.7513,0.2057,0.0017,0.0,120.53995,179.3489,2.7513,0.4923171606442513
377,"00-0035228,00-0036322,00-0037228,00-0038542,00-0038589,00-0038994,00-0039064,00-0040784,PHI_DST",boom,49300,,,114.0133,0.0014,114.01331,0.0009,114.0133,,113.42,697345,0.0,2.1685,0.1412,0.0012,0.0001,114.0133,175.12448,2.0185,0.33963588538518374
378,"00-0036275,00-0037005,00-0037240,00-0039064,00-0039139,00-0039918,00-0039919,00-0040735,JAX_DST",boom,50000,40.0,45.0,123.03766,0.0085,123.03766,0.0087,123.03765,62.0,183.96,61505,8.0,23.0627,0.2461,0.0063,0.0011,123.03766,191.62212,5.3627,0.6187386822425804
379,"00-0032950,00-0034844,00-0035229,00-0036275,00-0036322,00-0036912,00-0038124,00-0039919,LAC_DST",boom,49000,,,114.36159,0.0016,114.36159,0.0013,114.36157,,160.62,215110,0.0,2.9937,0.1514,0.0015,0.0003,114.36159,177.0236,2.2937,0.3644370185648341
380,"00-0033921,00-0034855,00-0035229,00-0035659,00-0036223,00-0038597,00-0038997,00-0040129,JAX_DST",boom,49300,,,119.81508,0.0034,119.81509,0.0036,119.81509,,114.84,686900,0.0,3.59,0.2025,0.002,0.0003,119.81509,183.16605,3.09,0.4874165974164398
381,"00-0032764,00-0033858,00-0034827,00-0036264,00-0036322,00-0038542,00-0038555,00-0040667,JAX_DST",boom,49000,,,108.30218,0.0002,108.30218,0.0002,108.30218,,185.08,57215,8.0,1.0137,0.0904,0.0003,0.0,108.30218,164.11879,1.0137,0.21119814574019666
382,"00-0032764,00-0035644,00-0037664,00-0039040,00-0039064,00-0039139,00-0040743,00-0041067,JAX_DST",boom,49100,,,117.4616,0.0016,117.4616,0.0016,117.4616,,188.3,45754,10.0,1.8096,0.1526,0.0008,0.0,117.4616,176.21216,1.8096,0.3550491202068345
383,"00-0036555,00-0036973,00-0037238,00-0038542,00-0038618,00-0039918,00-0039919,00-0040126,JAX_DST",boom,49200,,,118.87813,0.0022,118.87813,0.002,118.87813,,138.96,446482,0.0,6.6235,0.19,0.0037,0.0007,118.87813,178.99068,3.7235,0.4650342533839006
384,"00-0034827,00-0034844,00-0034857,00-0036912,00-0036973,00-0038618,00-0038933,00-0040666,JAX_DST",boom,50000,,,119.30504,0.0027,119.30504,0.0031,119.30502,,144.26,386293,0.0,10.8441,0.1944,0.003,0.0008,119.30504,181.19955,3.6441,0.47448091102895096
385,"00-0033921,00-0034753,00-0036252,00-0036410,00-0036442,00-0036900,00-0036973,00-0037228,JAX_DST",boom,49700,20.0,16.0,127.103424,0.0075,127.103424,0.0073,127.103424,23.0,92.36,798960,0.0,5.2071,0.2883,0.0034,0.0004,127.103424,190.00214,4.4571,0.6963376473754177
386,"00-0033921,00-0036275,00-0036555,00-0039139,00-0039918,00-0040124,00-0040126,00-0041051,JAX_DST",boom,49500,,,121.57285,0.005,121.57286,0.0063,121.57285,,166.76,162863,8.0,4.4358,0.2255,0.0035,0.0004,121.57286,187.57976,3.9858,0.5559289212967726
387,"00-0032764,00-0033293,00-0034753,00-0034796,00-0036252,00-0038542,00-0038997,00-0039064,LV_DST",boom,49800,13.0,,119.95995,0.0069,119.95995,0.0057,119.95996,14.0,173.96,112180,8.0,113.5669,0.2241,0.0057,0.0008,119.95995,190.08412,4.9169,0.5687150156395863
388,"00-0034827,00-0036355,00-0039139,00-0039849,00-0039915,00-0040189,00-0040666,00-0040867,JAX_DST",boom,49400,,,119.13399,0.0036,119.13399,0.0032,119.13399,,129.36,553113,0.0,3.473,0.1886,0.0016,0.0004,119.13399,180.84973,2.723,0.4486646090188815
389,"00-0033921,00-0034855,00-0036900,00-0036912,00-0037248,00-0037525,00-0040129,00-0040584,NYJ_DST",boom,50000,,,116.768074,0.002,116.76806,0.0019,116.768074,,83.34,816956,0.0,1.8558,0.1513,0.0009,0.0001,116.768074,177.72766,1.8558,0.35561651237430303
390,"00-0033293,00-0035228,00-0036322,00-0036410,00-0037240,00-0037248,00-0038994,00-0040598,JAX_DST",boom,49300,,,112.81058,0.0026,112.81058,0.0025,112.81058,,82.12,818620,0.0,2.9085,0.151,0.0031,0.0002,112.810585,179.90797,2.7085,0.3718138189997755
391,"00-0036410,00-0036442,00-0036900,00-0037240,00-0038129,00-0038597,00-0039391,00-0039890,JAX_DST",boom,50000,,,119.248474,0.0057,119.248474,0.0049,119.248474,,82.16,818537,0.0,103.7975,0.1901,0.002,0.0005,119.248474,187.36751,2.8475,0.4579693267363994
392,"00-0034844,00-0036389,00-0036912,00-0037239,00-0037742,00-0039065,00-0039139,00-0040867,CLE_DST",boom,49800,,,115.61809,0.0039,115.6181,0.0054,115.6181,,123.12,615751,0.0,2.1534,0.1583,0.0016,0.0,115.61807,182.63097,2.1534,0.3776697563893277
393,"00-0036139,00-0036355,00-0037744,00-0038120,00-0038997,00-0039139,00-0039915,00-0040184,JAX_DST",boom,49800,,,117.33263,0.0011,117.332634,0.001,117.332634,,141.16,421844,0.0,1.5345,0.1384,0.0004,0.0001,117.332634,172.15683,1.4845,0.32089794935116167
394,"00-0033921,00-0034855,00-0035229,00-0035261,00-0036410,00-0039139,00-0039361,00-0040129,JAX_DST",boom,49600,85.0,,126.09459,0.0093,126.09459,0.0094,126.09459,65.0,133.04,513342,0.0,113.7794,0.2796,0.0053,0.0011,126.09459,192.95927,5.4794,0.6986269094041445
395,"00-0032764,00-0036355,00-0036973,00-0037239,00-0037744,00-0038544,00-0039915,00-0040727,JAX_DST",boom,50000,,60.0,123.15124,0.0066,123.15122,0.0055,123.15122,,163.96,185487,0.0,14.0567,0.2408,0.0035,0.0003,123.15124,189.73378,4.1067,0.5888125421921304
396,"00-0036410,00-0036900,00-0036973,00-0037239,00-0039065,00-0039139,00-0039376,00-0039424,JAX_DST",boom,50000,,,129.26434,0.0149,129.26434,0.014,129.26436,,138.4,453061,0.0,8.4426,0.3201,0.0048,0.0009,129.26434,199.62024,5.7926,0.7857041795892166
397,"00-0031588,00-0036389,00-0036894,00-0036912,00-0036963,00-0037248,00-0038393,00-0040242,JAX_DST",boom,49300,,,116.03262,0.0021,116.03262,0.0024,116.032616,,143.62,393764,0.0,3.1397,0.1669,0.0022,0.0003,116.03262,176.77007,2.5897,0.4027929659255157
398,"00-0036900,00-0037239,00-0037240,00-0037263,00-0039040,00-0040128,00-0040743,00-0041099,JAX_DST",boom,49300,,,114.7763,0.0012,114.7763,0.0007,114.7763,,115.3,683186,0.0,1.0811,0.1034,0.0004,0.0,114.77631,171.13902,1.0811,0.23579580434960407
399,"00-0034827,00-0035710,00-0038997,00-0039064,00-0039361,00-0040128,00-0040129,00-0041027,JAX_DST",boom,49200,,,117.10344,0.0025,117.10344,0.0031,117.10344,,137.64,461620,0.0,2.8083,0.1753,0.0018,0.0002,117.10345,179.25587,2.5583,0.42375152251963366
400,"00-0034827,00-0035685,00-0036040,00-0037239,00-0037664,00-0039139,00-0039376,00-0040666,JAX_DST",boom,49900,,,121.95671,0.0032,121.95671,0.0023,121.95671,,168.5,149720,8.0,2.4235,0.1966,0.0012,0.0001,121.95671,179.20766,2.3235,0.45898793537598975
401,"00-0033119,00-0036223,00-0037238,00-0037744,00-0037746,00-0038559,00-0039915,00-0041438,LV_DST",boom,49800,,,107.816025,0.001,107.816025,0.0005,107.816025,,126.28,585035,0.0,1.8414,0.0968,0.0013,0.0002,107.816025,167.89133,1.5914,0.23083859557062122
402,"00-0035631,00-0036322,00-0036410,00-0036442,00-0037239,00-0039361,00-0040128,00-0040666,MIN_DST",boom,50000,,,117.51412,0.0009,117.51412,0.0011,117.51412,,140.26,431998,0.0,1.3789,0.1312,0.0004,0.0001,117.51412,173.88828,1.3289,0.29936777538344506
403,"00-0033106,00-0034351,00-0034827,00-0036275,00-0036963,00-0036973,00-0037240,00-0039849,JAX_DST",boom,49600,,,124.92532,0.0047,124.92532,0.0046,124.92532,,168.83999999999995,147366,8.0,3.6953,0.2456,0.0018,0.0003,124.92532,185.22554,3.3453,0.5839705115574643
404,"00-0035640,00-0036259,00-0036264,00-0038124,00-0038996,00-0039040,00-0040122,00-0040129,JAX_DST",boom,49000,,,117.47665,0.0014,117.47665,0.0006,117.47665,,148.28,341478,0.0,2.8272,0.1693,0.0021,0.0003,117.47665,174.85478,2.6772,0.4086963219137043
405,"00-0034844,00-0036223,00-0036554,00-0037248,00-0037740,00-0038115,00-0040170,00-0040676,JAX_DST",boom,49000,,,114.8002,0.0004,114.800186,0.001,114.800186,,114.6,688729,0.0,2.5251,0.1395,0.0011,0.0003,114.8002,168.548,1.9751,0.3292762661562841
406,"00-0033106,00-0035644,00-0036963,00-0037240,00-0037666,00-0039040,00-0039139,00-0040784,PHI_DST",boom,49900,,,118.44872,0.006,118.44875,0.007,118.44872,,125.14,596484,0.0,3.0231,0.1861,0.0017,0.0002,118.44872,188.28357,2.6231,0.44249610505245746
407,"00-0030279,00-0034753,00-0034796,00-0034844,00-0037238,00-0038120,00-0038542,00-0040870,JAX_DST",boom,49200,,,114.17595,0.0005,114.17595,0.0012,114.17595,,130.76,538059,0.0,2.0451,0.139,0.0012,0.0002,114.17595,171.67432,1.8951,0.3295730124330789
408,"00-0035228,00-0036259,00-0036900,00-0036970,00-0038597,00-0038685,00-0038994,00-0040666,JAX_DST",boom,49900,,,116.0334,0.0019,116.0334,0.0022,116.0334,,47.82,830931,0.0,2.7277,0.1473,0.0013,0.0001,116.0334,176.56888,2.0777,0.34973154101313847
409,"00-0033106,00-0035685,00-0036554,00-0037228,00-0037239,00-0037240,00-0039065,00-0039811,JAX_DST",boom,49700,,,122.672676,0.0034,122.672676,0.004,122.672676,,144.04000000000002,388942,0.0,3.5538,0.224,0.0024,0.0002,122.672676,182.83315,3.2538,0.5376571496685647
410,"00-0036322,00-0036973,00-0037239,00-0038994,00-0038996,00-0039923,00-0040666,00-0040784,LV_DST",boom,49900,,,118.07245,0.0028,118.07245,0.0019,118.07245,,116.0,677832,0.0,103.4313,0.167,0.0021,0.0005,118.07245,179.63051,2.7313,0.40294791067341174
411,"00-0035640,00-0036040,00-0036963,00-0036973,00-0037239,00-0040122,00-0040743,00-0040784,LV_DST",boom,49800,5.0,56.0,128.03384,0.0092,128.03384,0.0106,128.03384,9.0,182.0,69592,8.0,13.7567,0.3061,0.0046,0.0008,128.03384,192.82094,5.6567,0.7521233779168901
412,"00-0033885,00-0034827,00-0036355,00-0037248,00-0038120,00-0038597,00-0039849,00-0039915,JAX_DST",boom,49500,,,122.79881,0.0029,122.79883,0.0033,122.79881,,137.06,468070,0.0,4.6578,0.2331,0.0036,0.0006,122.79883,182.73105,4.0078,0.5671862738218135
413,"00-0034796,00-0034798,00-0034844,00-0035659,00-0036223,00-0039064,00-0039146,00-0039361,JAX_DST",boom,49600,,,117.8835,0.0019,117.883484,0.0012,117.8835,,137.16,466867,0.0,2.8709,0.1725,0.0015,0.0005,117.8835,176.42995,2.4709,0.4093158912813991
414,"00-0036275,00-0036900,00-0036971,00-0038120,00-0038606,00-0039849,00-0039893,00-0040663,JAX_DST",boom,49600,17.0,,122.9911,0.0026,122.99111,0.0021,122.9911,,135.2,489138,0.0,5.2144,0.2274,0.0036,0.0004,122.9911,180.06335,3.9644,0.5592151634164791
415,"00-0031588,00-0032764,00-0034844,00-0036973,00-0037740,00-0037809,00-0038997,00-0039910,JAX_DST",boom,49600,,,118.43965,0.0017,118.43965,0.0015,118.43965,,131.45999999999998,530312,0.0,3.5567,0.1781,0.0017,0.0002,118.43965,175.4447,2.5567,0.426614397055671
416,"00-0034844,00-0035662,00-0036389,00-0036912,00-0037239,00-0037248,00-0037291,00-0037809,JAX_DST",boom,49500,,,117.09985,0.0026,117.09985,0.0028,117.09986,,105.42,747665,0.0,5.6356,0.1779,0.0026,0.0005,117.09986,180.50241,3.0856,0.432460416186734
417,"00-0034981,00-0035685,00-0036410,00-0036963,00-0037248,00-0038608,00-0039163,00-0040122,JAX_DST",boom,49300,,,116.34543,0.0024,116.34543,0.0032,116.345436,,150.16,320906,0.0,4.4872,0.169,0.0036,0.0004,116.345436,179.48103,3.4872,0.4207597969992972
418,"00-0033293,00-0034351,00-0034827,00-0034857,00-0036554,00-0037248,00-0038994,00-0039901,JAX_DST",boom,49400,,,109.74935,0.0018,109.74935,0.0025,109.74935,,141.56,417294,0.0,5.8532,0.1384,0.0036,0.0005,109.74935,175.71588,2.9532,0.3479157866579464
419,"00-0032764,00-0034844,00-0036275,00-0036410,00-0039491,00-0039918,00-0040126,00-0041051,JAX_DST",boom,49200,,,118.86572,0.0026,118.86572,0.0027,118.86572,,178.66,85747,8.0,12.8077,0.1875,0.0014,0.0004,118.86574,181.64438,2.6577,0.4501599767992464
420,"00-0033921,00-0034383,00-0034827,00-0035685,00-0036554,00-0039139,00-0039163,00-0040124,JAX_DST",boom,49900,9.0,12.0,123.58782,0.0068,123.58782,0.0087,123.58782,18.0,170.45999999999998,135634,8.0,22.9704,0.2573,0.0102,0.0017,123.58782,189.46523,7.7204,0.670240553322537
421,"00-0033921,00-0034855,00-0036900,00-0037740,00-0039139,00-0039361,00-0040129,00-0041131,LV_DST",boom,50000,,85.0,125.1851,0.0089,125.1851,0.0095,125.1851,,123.24,614723,0.0,4.6635,0.263,0.004,0.0001,125.1851,192.01212,4.5135,0.6476232852823663
422,"00-0034855,00-0035261,00-0036410,00-0036555,00-0037239,00-0038129,00-0040124,00-0040129,JAX_DST",boom,49400,,,121.52753,0.0036,121.52753,0.003,121.52753,,124.24,605168,0.0,3.009,0.2121,0.0016,0.0001,121.52753,181.63307,2.809,0.507047595113104
423,"00-0034829,00-0035685,00-0036442,00-0036900,00-0037240,00-0038597,00-0039050,00-0039064,JAX_DST",boom,49200,,,117.1114,0.003,117.1114,0.0033,117.1114,,135.36,487154,0.0,1.9121,0.1646,0.0006,0.0001,117.1114,181.79677,1.9121,0.38909622139145533
424,"00-0032764,00-0035659,00-0036912,00-0037740,00-0037809,00-0039910,00-0040236,00-0040242,JAX_DST",boom,49100,,,109.870026,0.0017,109.870026,0.0015,109.870026,,134.16,500578,0.0,5.0826,0.1232,0.0034,0.0006,109.870026,174.06725,2.8826,0.3080614303887166
425,"00-0031588,00-0034351,00-0034827,00-0035659,00-0035685,00-0039139,00-0039910,00-0040242,JAX_DST",boom,49800,45.0,34.0,116.63145,0.0041,116.63145,0.0048,116.63144,72.0,176.36,97988,8.0,15.1108,0.182,0.006,0.0016,116.63145,182.03725,5.1608,0.4658422909847543
426,"00-0033921,00-0034855,00-0035659,00-0036139,00-0036900,00-0036963,00-0037311,00-0038120,JAX_DST",boom,49400,,,118.20843,0.0009,118.208435,0.0007,118.208435,,98.14,780562,0.0,1.6112,0.1518,0.0005,0.0,118.20843,173.74567,1.6112,0.3503489905368385
427,"00-0032950,00-0033293,00-0036322,00-0036973,00-0037238,00-0038994,00-0038996,00-0040122,JAX_DST",boom,49300,,,117.9505,0.0047,117.9505,0.0035,117.9505,,138.92000000000002,447228,0.0,20.5193,0.1926,0.0057,0.001,117.9505,184.77737,4.7693,0.48869167355040866
428,"00-0033119,00-0036322,00-0038542,00-0039041,00-0039139,00-0039491,00-0039849,00-0039915,JAX_DST",boom,49500,,,118.78904,0.0014,118.78905,0.0018,118.78904,,189.88,40827,10.0,2.2687,0.1655,0.0015,0.0001,118.78904,174.27039,2.2187,0.3900725235783836
429,"00-0034827,00-0034844,00-0034857,00-0035689,00-0036554,00-0037228,00-0039893,00-0040122,LV_DST",boom,50000,,,115.8147,0.0011,115.8147,0.0008,115.8147,,161.56,206529,0.0,3.5198,0.1573,0.0021,0.0005,115.8147,172.74048,2.7198,0.381332110668059
430,"00-0036389,00-0036900,00-0038393,00-0038597,00-0039040,00-0039065,00-0040867,00-0041040,JAX_DST",boom,49700,,,116.15486,0.002,116.15486,0.0013,116.15488,,114.32,690801,0.0,1.9149,0.1387,0.0013,0.0001,116.15486,176.66612,1.8149,0.3285456210428174
431,"00-0035228,00-0036322,00-0036407,00-0036900,00-0037228,00-0038542,00-0038589,00-0038994,JAX_DST",boom,49500,,,117.7736,0.0014,117.7736,0.0016,117.7736,,95.22,790808,0.0,3.4877,0.1766,0.0012,0.0004,117.7736,175.63687,2.5877,0.42361119522679
432,"00-0033106,00-0036040,00-0036963,00-0036973,00-0037524,00-0039139,00-0040124,00-0040666,LV_DST",boom,49900,,,127.93033,0.0106,127.93033,0.0101,127.93033,,145.74,369861,0.0,4.1783,0.2947,0.0028,0.0002,127.93033,194.51205,4.1283,0.7068701514405008
433,"00-0031610,00-0032764,00-0036410,00-0036442,00-0036555,00-0036900,00-0037238,00-0040237,JAX_DST",boom,49400,,,119.3848,0.002,119.3848,0.0014,119.3848,,112.16,706011,0.0,2.4136,0.1781,0.0008,0.0002,119.3848,177.8796,2.1136,0.418630784671726
434,"00-0035659,00-0036355,00-0037240,00-0038544,00-0039139,00-0039849,00-0040189,00-0040666,JAX_DST",boom,49200,,74.0,120.6888,0.0044,120.68879,0.0042,120.6888,,99.26,776240,0.0,4.1984,0.2052,0.0023,0.0003,120.6888,184.36974,3.0484,0.4921129790006821
435,"00-0032764,00-0036900,00-0037252,00-0038128,00-0039040,00-0039064,00-0040122,00-0041525,JAX_DST",boom,49900,,,123.36205,0.007,123.36205,0.0066,123.36205,,154.8,272226,0.0,21.1765,0.2408,0.0058,0.0011,123.36205,187.99031,5.5265,0.6025772170894701
436,"00-0034960,00-0036264,00-0036322,00-0037664,00-0038124,00-0038589,00-0040122,00-0040666,LAC_DST",boom,49000,,,108.13665,0.0004,108.13665,0.0002,108.13665,,159.68,223954,0.0,0.8604,0.0817,0.0005,0.0,108.13665,162.89407,0.8604,0.1897271550972573
437,"00-0030279,00-0033526,00-0036410,00-0036442,00-0036900,00-0039361,00-0040128,00-0040784,PHI_DST",boom,49600,,,117.38495,0.0031,117.38495,0.0032,117.38495,,86.06,812795,0.0,2.2418,0.1838,0.0015,0.0,117.38495,181.09138,2.2418,0.43429037511368335
438,"00-0034796,00-0034844,00-0037740,00-0038542,00-0038544,00-0039064,00-0040128,00-0040870,JAX_DST",boom,49700,,,118.40365,0.0016,118.40365,0.0016,118.40365,,141.26,420844,0.0,2.1916,0.1776,0.0006,0.0001,118.40365,179.64612,2.0416,0.41972782532809605
439,"00-0033858,00-0036252,00-0036264,00-0036322,00-0037239,00-0039146,00-0040666,00-0041027,JAX_DST",boom,49100,,,112.52986,0.0003,112.52985,0.0003,112.52988,,142.98000000000002,401104,0.0,2.0547,0.1144,0.0008,0.0001,112.52986,169.37878,1.4047,0.26823042561829374
440,"00-0033293,00-0038542,00-0038994,00-0039040,00-0039918,00-0039919,00-0040126,00-0040218,JAX_DST",boom,49200,,,113.98899,0.0009,113.988976,0.001,113.98899,,108.36,730567,0.0,3.1389,0.1396,0.0019,0.0002,113.98899,173.10439,2.2389,0.3342548559062061
441,"00-0033526,00-0034857,00-0035689,00-0036554,00-0036900,00-0036988,00-0037248,00-0039915,JAX_DST",boom,49500,,,111.655975,0.001,111.655975,0.0013,111.655975,,125.26,595141,0.0,4.1825,0.127,0.0017,0.0005,111.655975,172.6986,2.2825,0.307872380374458
442,"00-0036912,00-0037238,00-0038117,00-0038542,00-0040676,00-0040719,00-0041032,00-0041438,JAX_DST",boom,49000,,,107.26142,0.0003,107.26142,0.0008,107.26142,,107.6,735238,0.0,1.3926,0.0965,0.0007,0.0001,107.26142,165.91843,1.2926,0.22889276378201104
443,"00-0036322,00-0037664,00-0038117,00-0038120,00-0039040,00-0039139,00-0039648,00-0040676,JAX_DST",boom,50000,,,116.1256,0.0007,116.1256,0.0005,116.1256,,145.8,369093,0.0,2.1489,0.1377,0.0009,0.0002,116.1256,170.69022,1.7489,0.3232787789481133
444,"00-0035228,00-0035685,00-0036322,00-0036410,00-0038994,00-0039811,00-0040124,00-0040126,LV_DST",boom,50000,,,119.0352,0.0016,119.0352,0.0031,119.0352,,97.82,781727,0.0,2.4085,0.1924,0.0013,0.0,119.0352,178.14821,2.4085,0.45944228137186255
445,"00-0034844,00-0036963,00-0037239,00-0037742,00-0039910,00-0039912,00-0039915,00-0040122,JAX_DST",boom,49700,,,115.44332,0.0006,115.44334,0.0008,115.44334,,154.46,275513,0.0,2.4401,0.1129,0.0005,0.0003,115.44332,169.94716,1.4401,0.26123993795945316
446,"00-0035229,00-0036264,00-0036275,00-0036410,00-0036900,00-0038124,00-0040667,00-0040719,JAX_DST",boom,49000,,,121.51288,0.0023,121.51286,0.0028,121.51288,,159.57999999999998,224889,0.0,6.1708,0.2183,0.0036,0.0005,121.51288,181.1903,3.9708,0.5322816206353095
447,"00-0033293,00-0033921,00-0035228,00-0035229,00-0036223,00-0036322,00-0036900,00-0040667,JAX_DST",boom,49800,,77.0,123.71555,0.0064,123.71555,0.0067,123.71555,,121.52,630685,0.0,108.9565,0.2572,0.0073,0.0014,123.71555,189.14977,6.3065,0.651817405739687
448,"00-0035659,00-0036252,00-0038120,00-0038597,00-0039918,00-0039919,00-0040124,00-0040126,LV_DST",boom,49900,87.0,,120.44494,0.0023,120.44495,0.0021,120.44495,,122.76,619014,0.0,2.7736,0.204,0.0018,0.0,120.44494,179.21082,2.7736,0.48880975900246265
449,"00-0036223,00-0036555,00-0036900,00-0037740,00-0039150,00-0040124,00-0040126,00-0040187,JAX_DST",boom,49000,,,122.477776,0.0038,122.477776,0.003,122.477776,,128.74,559768,0.0,6.7451,0.2297,0.0041,0.0006,122.477776,184.49863,4.1951,0.5668797206539441
450,"00-0036040,00-0036900,00-0037239,00-0038120,00-0039139,00-0039915,00-0040727,00-0040743,CLE_DST",boom,49800,,,129.48106,0.0056,129.48108,0.0073,129.48108,,162.6,197428,0.0,3.2048,0.3013,0.0012,0.0,129.48106,189.68619,3.2048,0.7045764739420641
451,"00-0033921,00-0034829,00-0036410,00-0036442,00-0036963,00-0038597,00-0039139,00-0040218,LV_DST",boom,50000,,79.0,122.426926,0.0057,122.426926,0.0069,122.426926,,148.26,341627,0.0,10.8041,0.2231,0.0024,0.0005,122.426926,188.62122,3.4541,0.5379487103954452
452,"00-0033119,00-0037740,00-0037744,00-0038124,00-0038559,00-0039146,00-0040666,00-0041027,LV_DST",boom,49900,,,111.11635,0.0029,111.11636,0.0028,111.11636,,141.48000000000002,418313,0.0,103.8288,0.1384,0.0032,0.0008,111.11636,178.00725,3.1788,0.34793945052603836
453,"00-0036410,00-0036442,00-0036900,00-0038542,00-0038597,00-0038935,00-0039589,00-0039880,JAX_DST",boom,50000,,,120.7917,0.0058,120.7917,0.0054,120.7917,,107.96,733005,0.0,7.0941,0.2098,0.0017,0.0003,120.7917,186.6549,2.9941,0.5061378904773999
454,"00-0036275,00-0036970,00-0038124,00-0038542,00-0039150,00-0039342,00-0040122,00-0040124,JAX_DST",boom,49400,,,119.9551,0.0014,119.9551,0.0019,119.955086,,198.04,21984,10.0,3.7206,0.2054,0.0028,0.0003,119.9551,179.05939,3.3206,0.496411356593281
455,"00-0035640,00-0036275,00-0036290,00-0038542,00-0038559,00-0039918,00-0039919,00-0040124,JAX_DST",boom,49000,,,115.32935,0.0022,115.32935,0.0027,115.32935,,165.76,170824,8.0,5.5208,0.1725,0.003,0.0008,115.32935,180.06544,3.3708,0.42235610759755454
456,"00-0034383,00-0034857,00-0037238,00-0037261,00-0038124,00-0038933,00-0039040,00-0040122,JAX_DST",boom,49200,,,114.65365,0.0007,114.65365,0.0009,114.65365,,176.66,96200,8.0,1.9524,0.1461,0.0012,0.0001,114.65365,169.29977,1.9024,0.3489582779510074
457,"00-0028118,00-0033858,00-0035261,00-0036322,00-0036554,00-0037248,00-0039040,00-0039146,JAX_DST",boom,49400,,,111.533875,0.0002,111.533875,0.0009,111.533875,,102.3,762986,0.0,1.9215,0.1166,0.0007,0.0002,111.533875,168.305,1.5715,0.2764148464058493
458,"00-0033106,00-0036754,00-0036900,00-0036963,00-0036973,00-0039066,00-0039139,00-0039491,JAX_DST",boom,49000,,,129.065,0.0099,129.065,0.0092,129.06499,,161.24,209458,0.0,5.5593,0.3044,0.003,0.0002,129.065,193.82579,4.2593,0.72661478401923
459,"00-0034827,00-0036554,00-0037238,00-0037240,00-0039139,00-0039163,00-0039359,00-0040242,JAX_DST",boom,49500,,,114.30927,0.0012,114.30927,0.0016,114.30927,,141.66000000000005,416124,0.0,2.4834,0.1378,0.0016,0.0002,114.30927,171.70795,2.0334,0.3280558256323193
460,"00-0029604,00-0034844,00-0036900,00-0037291,00-0039066,00-0039139,00-0039880,00-0040122,JAX_DST",boom,49100,18.0,37.0,126.25165,0.0057,126.25165,0.006,126.25165,17.0,136.5,474539,0.0,5.6929,0.2608,0.0046,0.0006,126.25165,186.78894,4.6429,0.6360755543165465
461,"00-0034383,00-0036355,00-0038542,00-0038559,00-0039915,00-0040122,00-0040666,00-0040727,JAX_DST",boom,49000,,86.0,120.30829,0.0049,120.30829,0.0041,120.30829,,145.86,368074,0.0,115.8567,0.2111,0.0036,0.0006,120.30827,184.75282,3.7567,0.5176640930224227
462,"00-0034857,00-0035685,00-0036554,00-0036973,00-0036988,00-0038933,00-0039361,00-0040129,JAX_DST",boom,49300,,,117.076675,0.0027,117.076675,0.0023,117.0767,,180.56,76177,8.0,3.6674,0.1773,0.0028,0.0003,117.07669,178.33943,3.2174,0.43538927694205704
463,"00-0035228,00-0036322,00-0036410,00-0038120,00-0038124,00-0038994,00-0040236,00-0040663,JAX_DST",boom,49700,,,114.82885,0.0018,114.82885,0.0018,114.82885,,139.72,438166,0.0,2.0939,0.1507,0.0015,0.0,114.82885,174.57593,2.0939,0.3597097718922692
464,"00-0035659,00-0036389,00-0036912,00-0036963,00-0038120,00-0038498,00-0039919,00-0040666,NYJ_DST",boom,49800,,,115.651985,0.0004,115.65198,0.0004,115.651985,,113.42,697345,0.0,1.4678,0.1325,0.0004,0.0001,115.651985,171.13998,1.4178,0.30514452694841687
465,"00-0035228,00-0035229,00-0036912,00-0036963,00-0037248,00-0038994,00-0040242,00-0040667,JAX_DST",boom,49300,,,116.74452,0.0015,116.74452,0.0012,116.74452,,102.22,763380,0.0,14.0148,0.1574,0.0028,0.0003,116.74452,175.68153,2.7148,0.38218037253112075
466,"00-0035662,00-0036389,00-0036912,00-0036963,00-0038597,00-0039139,00-0039491,00-0039912,LV_DST",boom,49900,,,120.54644,0.0029,120.54644,0.0019,120.546425,,167.92000000000002,154040,8.0,2.3727,0.181,0.0011,0.0002,120.54644,179.46233,2.2227,0.4250396067553022
467,"00-0036040,00-0036973,00-0037239,00-0039064,00-0039139,00-0040122,00-0040729,00-0040743,JAX_DST",boom,49900,,47.0,128.5389,0.0123,128.5389,0.0108,128.53891,81.0,216.2,4067,30.0,10.3575,0.3104,0.0051,0.0009,128.5389,196.94226,5.9075,0.762360845588161
468,"00-0034844,00-0034855,00-0036410,00-0038129,00-0038544,00-0039040,00-0039919,00-0040129,JAX_DST",boom,49500,,,120.58578,0.0024,120.58576,0.0019,120.58576,,83.94,816098,0.0,2.2512,0.189,0.0015,0.0,120.58578,179.28374,2.2512,0.44573078683277145
469,"00-0036442,00-0036900,00-0036912,00-0038120,00-0038129,00-0038597,00-0038619,00-0039032,PHI_DST",boom,49900,,,119.77261,0.0047,119.77263,0.0035,119.77263,,84.46000000000001,815275,0.0,3.1623,0.1977,0.0025,0.0003,119.77261,184.41214,3.0123,0.476233574457329
470,"00-0036554,00-0036973,00-0037248,00-0038120,00-0038124,00-0040584,00-0040676,00-0041438,JAX_DST",boom,49200,,,119.1174,0.001,119.1174,0.0018,119.1174,,143.7,392836,0.0,3.3331,0.1923,0.002,0.0002,119.1174,174.53809,2.8831,0.46535500606324803
471,"00-0031588,00-0036223,00-0036275,00-0039342,00-0039918,00-0040126,00-0040666,00-0040735,JAX_DST",boom,49600,,75.0,120.25176,0.0039,120.25175,0.0054,120.25176,,147.06,354724,0.0,20.3294,0.2102,0.0034,0.0009,120.25176,184.84464,4.0794,0.519910655470569
472,"00-0036040,00-0036223,00-0036963,00-0036973,00-0039424,00-0039893,00-0040666,00-0040743,JAX_DST",boom,49200,,,127.69135,0.0074,127.69135,0.007,127.69135,,162.4,199187,0.0,5.0845,0.2946,0.0033,0.0005,127.69135,190.9943,4.5845,0.7115240905891593
473,"00-0031588,00-0032268,00-0036275,00-0036900,00-0036912,00-0037240,00-0037809,00-0038120,JAX_DST",boom,49800,,,116.845924,0.0015,116.845924,0.0012,116.845924,,110.3,718527,0.0,1.7012,0.1473,0.0008,0.0,116.84594,173.77376,1.7012,0.3470903577647206
474,"00-0032764,00-0034796,00-0036223,00-0038542,00-0039064,00-0040727,00-0040870,00-0041032,JAX_DST",boom,49000,,,113.11713,0.0029,113.11713,0.0033,113.11713,,185.16,56809,8.0,3.4098,0.153,0.0028,0.0003,113.11713,181.8667,2.7598,0.3754610466051578
475,"00-0033119,00-0035685,00-0036223,00-0037744,00-0038542,00-0038997,00-0039849,00-0040727,LV_DST",boom,49800,,,115.098625,0.001,115.098625,0.0017,115.098625,,155.27999999999997,267401,0.0,3.066,0.1603,0.0026,0.0003,115.098625,174.70787,2.666,0.3890069079737711
476,"00-0033106,00-0036322,00-0036963,00-0038551,00-0038935,00-0039139,00-0039919,00-0040669,JAX_DST",boom,49100,,,113.68775,0.0023,113.68775,0.0025,113.68776,,153.44,286161,0.0,2.0986,0.1292,0.0004,0.0001,113.68776,179.26265,1.4486,0.3016345687572183
477,"00-0036550,00-0036963,00-0037012,00-0039139,00-0039915,00-0040189,00-0040666,00-0041027,JAX_DST",boom,49400,,,113.161865,0.0027,113.161865,0.0033,113.161865,,126.0,587849,0.0,2.9616,0.1262,0.0014,0.0006,113.161865,179.77097,2.0116,0.29907300312330615
478,"00-0035228,00-0035229,00-0036900,00-0038124,00-0038563,00-0038994,00-0039139,00-0040242,JAX_DST",boom,49000,21.0,,125.23901,0.0039,125.23901,0.0033,125.239,13.0,121.02,635250,0.0,5.0612,0.2529,0.0031,0.0004,125.23901,183.79633,4.1612,0.6136821777317153
479,"00-0034975,00-0035710,00-0036223,00-0036554,00-0037664,00-0040122,00-0040128,00-0040667,JAX_DST",boom,49200,,,115.0966,0.0026,115.09659,0.0034,115.09659,,145.74,369861,0.0,4.9978,0.1727,0.0035,0.0004,115.0966,180.75496,3.2478,0.42900686703050744
480,"00-0031588,00-0035640,00-0036912,00-0036963,00-0038597,00-0039032,00-0039910,00-0039912,JAX_DST",boom,49600,,,109.96489,0.0003,109.964874,0.0004,109.964874,,114.36,690327,0.0,1.2228,0.0957,0.0005,0.0001,109.96489,164.75198,1.1228,0.22257521763267726
481,"00-0033293,00-0035228,00-0035229,00-0036322,00-0036554,00-0039139,00-0039146,00-0040735,PHI_DST",boom,50000,,,121.966774,0.0064,121.966774,0.0047,121.966774,59.0,132.72,516855,0.0,7.001,0.237,0.0061,0.0009,121.966774,188.72617,5.151,0.5962297763829518
482,"00-0026158,00-0035229,00-0036410,00-0036554,00-0036900,00-0039040,00-0039361,00-0040784,BAL_DST",boom,50000,,,122.0089,0.0033,122.0089,0.0034,122.0089,,91.8,800579,0.0,2.6557,0.2142,0.0013,0.0001,122.0089,180.97295,2.6557,0.5057545429391488
483,"00-0031588,00-0035659,00-0036900,00-0037228,00-0038555,00-0039065,00-0039910,00-0040122,JAX_DST",boom,49900,,,115.79253,0.0019,115.79253,0.0008,115.79253,,109.86,721182,0.0,2.8668,0.1523,0.0026,0.0002,115.792534,174.46179,2.5668,0.36635739746829027
484,"00-0034827,00-0034844,00-0036264,00-0036322,00-0038933,00-0039146,00-0040666,00-0040667,JAX_DST",boom,49900,,,115.56884,0.0022,115.56884,0.0015,115.56884,,152.48000000000002,296435,0.0,13.1342,0.1527,0.003,0.0005,115.56885,176.03027,3.0342,0.3740800357670898
485,"00-0033106,00-0036963,00-0036973,00-0037740,00-0038608,00-0039065,00-0040124,00-0040719,JAX_DST",boom,49400,,,122.642624,0.0029,122.64262,0.0018,122.642624,,121.04,635013,0.0,2.3127,0.2097,0.0006,0.0,122.642624,181.05069,2.3127,0.4891741202895153
486,"00-0034837,00-0037744,00-0038117,00-0038120,00-0039139,00-0039849,00-0040676,00-0040735,JAX_DST",boom,49300,,,114.0093,0.0011,114.0093,0.0012,114.0093,,133.2,511583,0.0,103.246,0.1321,0.0021,0.0004,114.0093,172.44495,2.346,0.3196063718096923
487,"00-0036963,00-0037238,00-0037252,00-0038124,00-0038128,00-0039139,00-0040122,00-0041523,JAX_DST",boom,49700,,,122.0747,0.0023,122.0747,0.0029,122.0747,,192.1,34744,10.0,3.2696,0.2093,0.0022,0.0002,122.0747,181.47227,3.0696,0.5015317985659601
488,"00-0032764,00-0033537,00-0036407,00-0036900,00-0038542,00-0038606,00-0038933,00-0041037,JAX_DST",boom,49000,,,111.840126,0.001,111.840126,0.0018,111.840126,,159.6,224593,0.0,1.9129,0.1101,0.0013,0.0002,111.840126,168.38756,1.6629,0.2645059903432045
489,"00-0034753,00-0034844,00-0035659,00-0036912,00-0039355,00-0039910,00-0040124,00-0041027,JAX_DST",boom,49000,,,110.18125,0.0008,110.18125,0.0009,110.18124,,84.75999999999999,814852,0.0,1.6744,0.1123,0.0009,0.0002,110.18125,169.13544,1.6244,0.2676120194320881
490,"00-0034981,00-0036554,00-0036963,00-0037248,00-0038117,00-0038120,00-0039163,00-0041438,JAX_DST",boom,49200,,,116.03928,0.0015,116.03928,0.0014,116.039276,,134.16,500578,0.0,3.6376,0.1673,0.0021,0.0004,116.0393,176.18373,2.7376,0.40752880343033904
491,"00-0034351,00-0035659,00-0036626,00-0036963,00-0039139,00-0039849,00-0039910,00-0040122,JAX_DST",boom,50000,,,120.192474,0.0027,120.192474,0.0015,120.192474,,164.06,184711,0.0,4.0516,0.1841,0.0024,0.0004,120.192474,178.99567,2.9516,0.44321855134514737
492,"00-0030279,00-0032764,00-0034351,00-0035710,00-0036223,00-0037664,00-0039146,00-0040666,JAX_DST",boom,49000,,,117.55063,0.0046,117.55064,0.0049,117.55063,,144.74,381038,0.0,4.3119,0.1903,0.0036,0.0005,117.55063,185.11572,3.8119,0.4748829458762666
493,"00-0036223,00-0036322,00-0037252,00-0038128,00-0038563,00-0038597,00-0039040,00-0039880,JAX_DST",boom,49100,50.0,,119.79194,0.0049,119.79195,0.0043,119.79192,48.0,133.2,511583,0.0,9.8309,0.2055,0.0048,0.0014,119.79194,184.65518,4.8309,0.5118269611426687
494,"00-0036223,00-0037248,00-0038606,00-0038997,00-0039491,00-0039918,00-0040126,00-0040735,LV_DST",boom,49900,,,118.84091,0.0017,118.84093,0.0027,118.84091,,158.56,234385,0.0,2.8212,0.1966,0.0015,0.0001,118.84091,178.24103,2.6212,0.4681129981558046
495,"00-0033106,00-0034844,00-0035261,00-0037239,00-0038117,00-0038542,00-0039065,00-0040669,JAX_DST",boom,49400,,,118.44445,0.0012,118.444466,0.0018,118.44447,,123.94,607982,0.0,6.0048,0.1576,0.0007,0.0002,118.44445,173.89029,1.8048,0.3668425454816432
496,"00-0028986,00-0035261,00-0037238,00-0038120,00-0038597,00-0040124,00-0040126,00-0040735,JAX_DST",boom,49700,,,116.70905,0.001,116.70904,0.0007,116.70905,,86.5,812043,0.0,1.7853,0.1543,0.0004,0.0001,116.70905,173.92247,1.7853,0.36251660562238536
497,"00-0034351,00-0036389,00-0036555,00-0036912,00-0039064,00-0039491,00-0040242,00-0040666,JAX_DST",boom,49300,39.0,68.0,119.862114,0.0039,119.8621,0.0024,119.8621,28.0,181.12,73628,8.0,3.6166,0.1992,0.0025,0.0003,119.862114,180.81454,3.1666,0.4797093636241911
498,"00-0032950,00-0036275,00-0036322,00-0037256,00-0038597,00-0038994,00-0039146,00-0040126,JAX_DST",boom,49100,,,111.87312,0.0017,111.87312,0.001,111.87312,,127.32,574613,0.0,4.2255,0.1284,0.0014,0.0005,111.87312,172.86052,2.1255,0.30707220649059663
499,"00-0036223,00-0036963,00-0037291,00-0037744,00-0038128,00-0039040,00-0039880,00-0041525,JAX_DST",boom,49000,,,113.98502,0.0023,113.98502,0.0016,113.98502,,137.1,467743,0.0,2.354,0.1398,0.0018,0.0001,113.98502,178.2916,2.154,0.34100717763189126
500,"00-0034981,00-0036554,00-0036900,00-0037248,00-0037261,00-0038606,00-0039163,00-0039361,JAX_DST",boom,49300,,,117.77136,0.0025,117.77138,0.0033,117.77138,,118.86,654095,0.0,5.0138,0.1845,0.0028,0.0003,117.77138,178.69783,3.2638,0.453760424038505
501,"00-0032764,00-0034753,00-0034796,00-0036223,00-0036554,00-0037238,00-0037740,00-0040887,JAX_DST",boom,49900,,,117.02912,0.0024,117.02912,0.003,117.02912,,155.86,261555,0.0,2.5596,0.179,0.0015,0.0001,117.02912,179.11856,2.4096,0.4308791229243214
502,"00-0034827,00-0034857,00-0035685,00-0035689,00-0037248,00-0038124,00-0040124,00-0040784,PHI_DST",boom,49600,,,112.817986,0.002,112.81798,0.0017,112.817986,,160.36,217678,0.0,5.0712,0.1608,0.0036,0.0007,112.817986,177.25896,3.3712,0.40108672065312323
503,"00-0037239,00-0037261,00-0037744,00-0039139,00-0039391,00-0039424,00-0040743,00-0041027,JAX_DST",boom,50000,,,116.03137,0.0016,116.03137,0.0011,116.03137,,177.4,92250,8.0,1.4979,0.1349,0.0005,0.0,116.03137,175.98706,1.4979,0.31375998628800816
504,"00-0033106,00-0036963,00-0039040,00-0039065,00-0039491,00-0040122,00-0040666,00-0041099,JAX_DST",boom,49300,,,121.268,0.0022,121.268,0.0014,121.268,,160.64,214942,0.0,1.9403,0.1823,0.0007,0.0,121.26801,179.21674,1.9403,0.4221857868230662
505,"00-0028118,00-0034753,00-0035261,00-0036322,00-0037248,00-0038124,00-0039040,00-0039146,JAX_DST",boom,49200,,,113.336,0.0011,113.336,0.0015,113.336,,118.7,655694,0.0,2.2595,0.137,0.0013,0.0002,113.336,172.62845,2.0095,0.3283422363332976
506,"00-0034829,00-0036223,00-0036322,00-0036410,00-0036442,00-0036919,00-0037524,00-0038597,JAX_DST",boom,49600,,,114.60421,0.0026,114.60421,0.0021,114.604225,,134.76,494024,0.0,1.9828,0.1459,0.0009,0.0001,114.60421,179.25166,1.7828,0.34445526841714436
507,"00-0033106,00-0034844,00-0037240,00-0039065,00-0039139,00-0039424,00-0040122,00-0041547,JAX_DST",boom,49400,,70.0,123.35148,0.0078,123.35146,0.0069,123.35148,,158.74,232797,0.0,3.411,0.2298,0.0016,0.0003,123.35148,190.22858,3.061,0.5494701603631506
508,"00-0033921,00-0036963,00-0036973,00-0037239,00-0038996,00-0039424,00-0040122,00-0040743,LAC_DST",boom,49000,,,123.86613,0.0071,123.86611,0.0076,123.86611,60.0,178.3,87544,8.0,3.2171,0.2452,0.0019,0.0,123.86613,189.81294,3.2171,0.5878735056503647
509,"00-0032764,00-0033217,00-0034796,00-0036550,00-0036900,00-0037239,00-0037256,00-0039064,JAX_DST",boom,49400,,72.0,116.7701,0.0057,116.7701,0.0062,116.7701,,148.36,340756,0.0,5.1085,0.1777,0.0033,0.0005,116.7701,185.8119,3.7085,0.4425328053760797
510,"00-0036322,00-0036963,00-0039032,00-0039893,00-0040122,00-0040663,00-0040668,00-0041547,LAC_DST",boom,49000,,,103.99989,0.0001,103.999886,0.0003,103.999886,,120.9,636266,0.0,1.6464,0.0627,0.0004,0.0002,103.99989,160.62363,0.8464,0.14682672686504047
511,"00-0036275,00-0036900,00-0039065,00-0039150,00-0039491,00-0039811,00-0040122,00-0040124,JAX_DST",boom,49000,31.0,88.0,127.0933,0.0038,127.0933,0.0042,127.0933,61.0,184.54,59213,8.0,4.9933,0.2799,0.0036,0.0004,127.0933,185.74493,4.4433,0.680485747504847
512,"00-0033119,00-0035685,00-0036275,00-0037744,00-0038559,00-0038563,00-0040129,00-0040666,JAX_DST",boom,49700,,,118.65934,0.0015,118.65934,0.0021,118.65934,,154.18,278507,0.0,2.7854,0.1839,0.0021,0.0001,118.65934,176.16165,2.6854,0.4423860254105072
513,"00-0033921,00-0035659,00-0036223,00-0036442,00-0036900,00-0036919,00-0038120,00-0040379,PHI_DST",boom,50000,,,119.90668,0.0007,119.90668,0.0013,119.90668,,84.76,814806,0.0,1.9947,0.1665,0.0008,0.0001,119.90668,174.20549,1.8447,0.3846913082195804
514,"00-0032764,00-0035710,00-0036554,00-0037248,00-0037664,00-0039890,00-0040124,00-0040128,LV_DST",boom,49900,,,119.46368,0.002,119.46368,0.0026,119.46368,,133.34,509964,0.0,5.767,0.2006,0.0033,0.0005,119.46368,179.27306,3.567,0.4928568634602222
515,"00-0031588,00-0036275,00-0036290,00-0036554,00-0038542,00-0039918,00-0040124,00-0040126,LV_DST",boom,49900,,,117.272415,0.0027,117.272415,0.0019,117.272415,,176.66,96200,8.0,4.8568,0.1805,0.0026,0.0006,117.27242,180.48726,3.2568,0.4423407807242047
516,"00-0036252,00-0038997,00-0039040,00-0039139,00-0039150,00-0039491,00-0040124,00-0040126,JAX_DST",boom,49700,,,123.12505,0.0026,123.12505,0.0022,123.12505,,159.44,226154,0.0,3.6674,0.2303,0.002,0.0001,123.12505,180.09984,3.0174,0.5461723524394342
517,"00-0031610,00-0036223,00-0036407,00-0036442,00-0036900,00-0038597,00-0040129,00-0041069,JAX_DST",boom,49100,,,117.15319,0.0031,117.153175,0.0034,117.153175,,96.96,784637,0.0,2.607,0.1696,0.0012,0.0002,117.15319,179.99715,2.257,0.4016824147264471
518,"00-0034351,00-0035659,00-0036389,00-0036555,00-0036963,00-0037240,00-0038393,00-0040122,JAX_DST",boom,49500,,,120.2174,0.003,120.2174,0.0029,120.217384,,176.72,95935,8.0,3.187,0.195,0.002,0.0003,120.2174,180.67577,2.837,0.464791216422407
519,"00-0035261,00-0036410,00-0038117,00-0039139,00-0040122,00-0040676,00-0041032,00-0041438,LAC_DST",boom,49000,,,112.201126,0.0013,112.20113,0.0022,112.201126,,127.3,574780,0.0,10.2641,0.1325,0.002,0.0005,112.201126,176.09824,2.4641,0.32414249656550775
520,"00-0036973,00-0037239,00-0038124,00-0039139,00-0040663,00-0040668,00-0040719,00-0041037,JAX_DST",boom,49000,,,115.674835,0.0011,115.67485,0.0009,115.674835,,160.10000000000002,219925,0.0,4.0497,0.1435,0.0013,0.0005,115.674835,173.46178,2.1497,0.34030889746091225
521,"00-0030279,00-0034753,00-0036139,00-0036963,00-0038997,00-0039139,00-0039164,00-0040124,LAC_DST",boom,49000,,,105.05533,0.0004,105.05533,0.0004,105.05533,,106.7,740399,0.0,0.7207,0.068,0.0001,0.0,105.05533,167.07452,0.7207,0.1577937886239134
522,"00-0030565,00-0036912,00-0036963,00-0037740,00-0039032,00-0039139,00-0040128,00-0041511,JAX_DST",boom,50000,,,114.10005,0.0014,114.10004,0.0019,114.10005,,129.5,551651,0.0,1.3571,0.1232,0.0005,0.0,114.10005,171.61325,1.3571,0.28668283130070576
523,"00-0034844,00-0036912,00-0037740,00-0039040,00-0040122,00-0040584,00-0040676,00-0041438,JAX_DST",boom,49900,37.0,,118.75159,0.0024,118.75159,0.0014,118.75159,66.0,116.8,671553,0.0,3.5096,0.1824,0.0023,0.0002,118.75159,178.06676,2.7596,0.4402068615114924
524,"00-0033921,00-0034857,00-0035685,00-0036322,00-0037248,00-0038933,00-0039361,00-0039901,LV_DST",boom,49900,,,112.72215,0.0024,112.72215,0.0021,112.72215,,173.36,116451,8.0,106.3807,0.1484,0.0038,0.0011,112.72215,178.29022,3.7807,0.37494725532792855
525,"00-0033119,00-0036139,00-0037744,00-0038559,00-0038606,00-0039361,00-0039915,00-0040129,JAX_DST",boom,49200,,,112.56455,0.0011,112.56456,0.0008,112.56455,,139.78,437435,0.0,2.5221,0.1273,0.0011,0.0003,112.56455,172.72932,1.8721,0.30458655393444045
526,"00-0036389,00-0036554,00-0036912,00-0036963,00-0040024,00-0040122,00-0040242,00-0040584,JAX_DST",boom,49200,,,114.79945,0.001,114.79944,0.0009,114.79945,,151.02,311870,0.0,1.4155,0.1286,0.0007,0.0,114.79945,170.43156,1.4155,0.29966838002401147
527,"00-0033106,00-0034827,00-0036963,00-0036973,00-0037248,00-0037525,00-0038563,00-0039065,JAX_DST",boom,49400,,,122.22558,0.0029,122.22558,0.0024,122.22558,,133.24,511075,0.0,103.4865,0.2167,0.0017,0.0002,122.22558,183.1804,2.9365,0.5165250150562338
528,"00-0031588,00-0034829,00-0035659,00-0036912,00-0038542,00-0039361,00-0039910,00-0041438,JAX_DST",boom,49200,,,113.65972,0.0014,113.65972,0.0016,113.65972,,137.06,468070,0.0,2.9504,0.1421,0.0021,0.0004,113.65972,173.25003,2.5004,0.3441956837411201
529,"00-0033293,00-0036912,00-0036971,00-0036973,00-0037248,00-0038606,00-0039893,00-0040663,JAX_DST",boom,49500,82.0,,119.30402,0.0017,119.30402,0.0012,119.30402,57.0,112.5,703801,0.0,3.5517,0.1897,0.0031,0.0003,119.30402,178.2276,3.3017,0.46273038764760965
530,"00-0028986,00-0036275,00-0036900,00-0036963,00-0039491,00-0039919,00-0040126,00-0040719,JAX_DST",boom,49900,,73.0,121.24335,0.0045,121.24335,0.004,121.24334,,134.1,501423,0.0,5.3692,0.2089,0.0035,0.0007,121.24335,186.87418,4.0692,0.5157626750219486
531,"00-0032764,00-0033293,00-0036275,00-0036554,00-0037261,00-0037744,00-0038608,00-0039163,JAX_DST",boom,49800,,,116.51467,0.0015,116.51467,0.0011,116.51467,,172.95999999999998,118949,8.0,4.2632,0.171,0.003,0.0004,116.51467,175.60289,3.2132,0.41828204104649674
532,"00-0036410,00-0036876,00-0037239,00-0038120,00-0038542,00-0040666,00-0040676,00-0041438,JAX_DST",boom,50000,,,117.41236,0.0012,117.41238,0.0007,117.41238,,136.0,479986,0.0,1.6132,0.1424,0.0006,0.0,117.41238,172.70634,1.6132,0.3328305220092683
533,"00-0026158,00-0033921,00-0034383,00-0036410,00-0036900,00-0038542,00-0038597,00-0039146,PHI_DST",boom,50000,,41.0,120.31256,0.0065,120.31255,0.0067,120.31255,,86.0,812925,0.0,10.6775,0.2111,0.0035,0.0006,120.31255,187.69774,3.9275,0.5176195756669123
534,"00-0034351,00-0036389,00-0036912,00-0038597,00-0039139,00-0039491,00-0040242,00-0040727,JAX_DST",boom,49500,,,120.96644,0.0027,120.96642,0.0023,120.96644,,180.52,76444,8.0,2.3906,0.1943,0.0015,0.0,120.96644,178.51079,2.3906,0.4570465915698398
535,"00-0029604,00-0034365,00-0036322,00-0036973,00-0037239,00-0037291,00-0039040,00-0039139,PHI_DST",boom,49900,,,121.31324,0.0022,121.31325,0.0017,121.31325,,149.89999999999998,324052,0.0,3.5631,0.19,0.0008,0.0001,121.31324,178.24867,2.1631,0.4429283306175353
536,"00-0029604,00-0034365,00-0036900,00-0037248,00-0038563,00-0038597,00-0038606,00-0039040,JAX_DST",boom,49600,,,122.228676,0.0018,122.228676,0.0025,122.228676,,95.3,790544,0.0,2.4772,0.2091,0.0013,0.0,122.228676,178.73497,2.4772,0.4951254106086073
537,"00-0033293,00-0034829,00-0036442,00-0036900,00-0038597,00-0039491,00-0039849,00-0040129,JAX_DST",boom,49400,43.0,,123.321075,0.0068,123.32106,0.0055,123.32106,,131.36,531660,0.0,4.923,0.2513,0.0044,0.0003,123.321075,190.60683,4.173,0.6157863843919428
538,"00-0033106,00-0036275,00-0036554,00-0037239,00-0037240,00-0039361,00-0040126,00-0040390,JAX_DST",boom,49200,,,121.021774,0.0023,121.021774,0.0026,121.021774,,147.04000000000002,355181,0.0,2.4575,0.1867,0.0012,0.0001,121.021774,179.054,2.3575,0.43839071191464146
539,"00-0031588,00-0034351,00-0034844,00-0036389,00-0036555,00-0038559,00-0039040,00-0040867,JAX_DST",boom,49100,,,113.3941,0.002,113.39411,0.0029,113.39411,,133.32,510145,0.0,2.5031,0.1474,0.0014,0.0002,113.39411,177.38503,2.1531,0.35171537119244606
540,"00-0031588,00-0034351,00-0034960,00-0036389,00-0036900,00-0038597,00-0039040,00-0040867,CLE_DST",boom,50000,,,115.57009,0.0022,115.5701,0.0018,115.57009,,111.22,712547,0.0,1.7427,0.1384,0.001,0.0001,115.57009,175.61394,1.6927,0.3251938305111659
541,"00-0026158,00-0033293,00-0036410,00-0036900,00-0036912,00-0036963,00-0038129,00-0040236,PHI_DST",boom,49900,,,116.67129,0.0015,116.67127,0.0019,116.6713,,91.1,802357,0.0,1.4113,0.143,0.0002,0.0,116.67129,176.32378,1.4113,0.3310812897109529
542,"00-0032464,00-0036275,00-0038542,00-0038559,00-0039918,00-0040124,00-0040126,00-0040666,LV_DST",boom,49800,,,119.24614,0.0037,119.24614,0.0031,119.24614,,164.76,178861,0.0,3.8397,0.1936,0.003,0.0003,119.24615,184.99869,3.2897,0.47450591232291484
543,"00-0033921,00-0034855,00-0036040,00-0036275,00-0036410,00-0039040,00-0039361,00-0040129,JAX_DST",boom,49500,4.0,8.0,126.00215,0.0099,126.00215,0.0107,126.00215,16.0,137.84,459366,0.0,6.7491,0.2849,0.0055,0.0007,126.00215,193.93958,5.5491,0.7106479643632497
544,"00-0034844,00-0036223,00-0037239,00-0038997,00-0039139,00-0040189,00-0040743,00-0041067,JAX_DST",boom,49700,,,120.86783,0.0028,120.86783,0.0015,120.86783,,164.2,183498,0.0,2.3504,0.1836,0.0007,0.0001,120.86783,179.94017,2.2004,0.42820138728990603
545,"00-0034827,00-0034857,00-0035685,00-0036900,00-0038933,00-0039344,00-0039890,00-0039915,JAX_DST",boom,49300,,,115.14078,0.0011,115.14078,0.0019,115.14078,,164.16,183814,0.0,2.8942,0.144,0.0012,0.0003,115.140785,173.23094,2.0442,0.3449500759782616
546,"00-0031588,00-0036389,00-0036912,00-0038120,00-0038997,00-0039361,00-0040126,00-0040867,JAX_DST",boom,49300,,,114.16859,0.0012,114.16857,0.0012,114.16859,,113.82,694415,0.0,1.8556,0.1354,0.0013,0.0001,114.16859,173.78711,1.7556,0.3213949811070941
547,"00-0033921,00-0034855,00-0035640,00-0036410,00-0036963,00-0038129,00-0039139,00-0039874,JAX_DST",boom,49900,,,121.53818,0.0035,121.53818,0.0036,121.53818,,124.64,601292,0.0,3.0916,0.2025,0.0012,0.0005,121.538185,183.75449,2.6916,0.4756252199990724
548,"00-0034796,00-0036550,00-0036963,00-0039064,00-0039139,00-0039890,00-0040128,00-0040583,JAX_DST",boom,49900,,,119.31812,0.0032,119.31812,0.0039,119.31812,,161.56,206529,0.0,2.7368,0.1926,0.0017,0.0001,119.31812,182.74971,2.6368,0.4625031354929243
549,"00-0038542,00-0038559,00-0039150,00-0040122,00-0040124,00-0040126,00-0040218,00-0040666,JAX_DST",boom,49400,,,117.72625,0.0012,117.72625,0.0009,117.72625,,145.84,368746,0.0,1.8607,0.1602,0.0007,0.0001,117.72625,173.83359,1.8107,0.37522109419744293
550,"00-0036555,00-0036900,00-0036912,00-0037240,00-0038120,00-0040584,00-0040676,00-0041438,JAX_DST",boom,49100,,,117.97186,0.0019,117.97186,0.0008,117.97185,,105.8,745554,0.0,3.4579,0.1626,0.0017,0.0003,117.97186,175.87987,2.3579,0.38792870652761746
551,"00-0032950,00-0036223,00-0036322,00-0038994,00-0039361,00-0039811,00-0040126,00-0040129,JAX_DST",boom,49800,,,120.37305,0.0025,120.37305,0.0026,120.37305,,125.82,589711,0.0,4.1142,0.2129,0.0032,0.0004,120.37306,181.17287,3.6142,0.5184270261085365
552,"00-0036554,00-0037252,00-0038128,00-0038542,00-0039040,00-0040122,00-0040124,00-0041523,JAX_DST",boom,49600,26.0,,120.58153,0.0035,120.58153,0.0036,120.58151,26.0,159.2,228388,0.0,106.8743,0.2165,0.0051,0.001,120.58153,182.76611,4.6743,0.5407974660676141
553,"00-0030279,00-0032764,00-0033526,00-0035710,00-0036223,00-0036410,00-0038124,00-0040128,JAX_DST",boom,49200,,,116.18555,0.0042,116.18555,0.0046,116.18555,,159.54,225303,0.0,4.4463,0.1759,0.0048,0.0003,116.18555,184.23428,3.4963,0.4383549864478764
554,"00-0033921,00-0034796,00-0036223,00-0037238,00-0039064,00-0039139,00-0039901,00-0040879,PHI_DST",boom,49900,,,113.69365,0.0005,113.69365,0.0002,113.693634,,141.86,413927,0.0,1.2267,0.1235,0.0003,0.0,113.69365,171.33571,1.2267,0.284556884616353
555,"00-0034829,00-0036275,00-0036442,00-0036900,00-0038563,00-0040122,00-0040129,00-0040735,JAX_DST",boom,49600,53.0,25.0,126.25335,0.0058,126.253334,0.0065,126.25335,43.0,147.76,347018,0.0,10.6941,0.2785,0.0037,0.0008,126.25335,187.3538,4.6941,0.6749260884198713
556,"00-0036900,00-0036971,00-0038606,00-0038608,00-0038935,00-0039139,00-0039146,00-0040784,PIT_DST",boom,49000,,,118.82111,0.001,118.8211,0.0018,118.82111,,129.60000000000002,550585,0.0,2.0406,0.1623,0.0012,0.0,118.82112,174.25957,2.0406,0.3860376882594741
557,"00-0030279,00-0034753,00-0035710,00-0036223,00-0038120,00-0038559,00-0038997,00-0039139,JAX_DST",boom,49400,,57.0,120.81825,0.0057,120.81825,0.005,120.81825,,143.94,389956,0.0,16.759,0.2165,0.0061,0.0007,120.81825,187.4916,4.959,0.5490769426375779
558,"00-0031588,00-0033921,00-0034753,00-0034844,00-0036410,00-0036442,00-0036900,00-0040238,JAX_DST",boom,49900,,,115.24485,0.0015,115.24485,0.0015,115.24485,,81.96000000000001,818799,0.0,1.3492,0.132,0.0005,0.0,115.24485,175.0528,1.3492,0.30427383500380384
559,"00-0034351,00-0034857,00-0036900,00-0036912,00-0038933,00-0039139,00-0039901,00-0040583,LV_DST",boom,50000,,,114.23681,0.0005,114.236824,0.0011,114.23681,,151.56,306028,0.0,1.8455,0.1223,0.0009,0.0001,114.236824,171.88103,1.5455,0.2878943747762847
560,"00-0035659,00-0036040,00-0036389,00-0036912,00-0038393,00-0038597,00-0038606,00-0039040,JAX_DST",boom,49800,22.0,,119.723526,0.0026,119.723526,0.0029,119.723526,20.0,127.82,569423,0.0,12.8327,0.1881,0.0021,0.0003,119.72354,180.35541,2.6827,0.4495936039362891
561,"00-0036410,00-0037248,00-0038117,00-0038120,00-0038597,00-0039064,00-0039648,00-0040676,JAX_DST",boom,49000,,,114.95215,0.001,114.95215,0.0013,114.95215,,122.9,617780,0.0,3.2348,0.1374,0.0011,0.0005,114.95215,172.08102,2.1348,0.3261945034562976
562,"00-0034753,00-0034796,00-0035640,00-0036040,00-0036223,00-0036550,00-0036963,00-0038542,JAX_DST",boom,49600,,,123.092384,0.003,123.09238,0.0043,123.092384,,159.36,226996,0.0,7.6153,0.2286,0.0022,0.0003,123.092384,183.1901,3.5153,0.5504314732931047
563,"00-0023459,00-0034844,00-0036862,00-0036894,00-0036900,00-0036912,00-0038542,00-0040735,JAX_DST",boom,49600,,,117.28151,0.0013,117.281525,0.0009,117.281525,,103.44,757668,0.0,4.7975,0.1604,0.0019,0.0002,117.281525,175.60155,2.3475,0.3810168286993244
564,"00-0036264,00-0036900,00-0038994,00-0038996,00-0039040,00-0039849,00-0040666,00-0040948,JAX_DST",boom,49000,,,117.7099,0.0008,117.7099,0.0008,117.7099,,74.38,825777,0.0,1.6047,0.1444,0.0007,0.0,117.709915,170.52591,1.6047,0.33783151390692046
565,"00-0035659,00-0036555,00-0036900,00-0038544,00-0039918,00-0039919,00-0040126,00-0040242,JAX_DST",boom,49400,,,120.4311,0.0034,120.4311,0.0025,120.43109,,104.06,754548,0.0,8.0995,0.2062,0.0031,0.0005,120.4311,181.30708,3.6495,0.5020673470047262
566,"00-0036275,00-0036555,00-0039893,00-0039918,00-0040124,00-0040126,00-0040242,00-0040735,JAX_DST",boom,49000,,,117.99144,0.0049,117.991425,0.0059,117.99144,73.0,150.95999999999998,312474,0.0,13.9874,0.2058,0.0049,0.0008,117.99144,186.62543,4.3874,0.5159903068816497
567,"00-0034753,00-0034796,00-0036550,00-0036963,00-0037664,00-0038542,00-0039139,00-0039424,LV_DST",boom,49900,,,123.13,0.0054,123.13,0.0046,123.13,,178.46,86743,8.0,3.8701,0.2299,0.0032,0.0002,123.13,188.0985,3.7701,0.5570540329351368
568,"00-0032764,00-0034827,00-0034844,00-0036971,00-0038606,00-0038935,00-0040129,00-0040784,PHI_DST",boom,49100,,,118.27631,0.0011,118.27631,0.0015,118.27631,78.0,148.3,341225,0.0,2.4598,0.1756,0.0012,0.0002,118.2763,175.27162,2.3098,0.4186522945573999
569,"00-0032464,00-0032764,00-0036223,00-0036900,00-0038997,00-0039491,00-0039918,00-0040126,JAX_DST",boom,49900,,,123.11402,0.0032,123.11402,0.0035,123.11402,,176.76,95690,8.0,4.6457,0.228,0.0023,0.0006,123.11402,181.97357,3.6457,0.5525063040165974
570,"00-0037239,00-0039040,00-0039139,00-0039491,00-0039918,00-0039919,00-0040126,00-0040729,TEN_DST",boom,50000,,,120.74311,0.0019,120.743126,0.0021,120.743126,,171.96,125341,8.0,2.1515,0.1869,0.0009,0.0001,120.74311,178.4841,2.1515,0.43629688730693944
571,"00-0033293,00-0035685,00-0036264,00-0036912,00-0037248,00-0038124,00-0038559,00-0038996,JAX_DST",boom,49900,15.0,,118.72292,0.0016,118.722916,0.0021,118.722916,29.0,150.38,318679,0.0,4.7574,0.1951,0.0026,0.0005,118.72292,176.15588,3.3074,0.47553376818514115
572,"00-0033293,00-0036322,00-0036355,00-0038046,00-0038120,00-0038542,00-0039849,00-0039915,JAX_DST",boom,49400,,,121.02444,0.0017,121.02442,0.0023,121.02442,,146.06,365903,0.0,3.6318,0.2095,0.0022,0.0004,121.02442,178.78244,3.1318,0.5003527775804212
573,"00-0032764,00-0034753,00-0034844,00-0035228,00-0036259,00-0036275,00-0036322,00-0038124,JAX_DST",boom,50000,,,121.61343,0.0039,121.61343,0.0027,121.61343,,172.12,124393,8.0,4.633,0.221,0.0037,0.0007,121.613434,183.87054,4.033,0.5388363899872902
574,"00-0032764,00-0034365,00-0036223,00-0036410,00-0036442,00-0036900,00-0038120,00-0040237,PHI_DST",boom,50000,,,123.4452,0.0034,123.4452,0.0045,123.4452,,117.06,669338,0.0,4.9597,0.2262,0.0017,0.0003,123.44519,183.22482,3.1597,0.5366797668426251
575,"00-0033921,00-0034829,00-0034855,00-0036275,00-0036322,00-0039139,00-0040666,00-0041048,JAX_DST",boom,49100,,,119.0614,0.0011,119.06141,0.0013,119.06141,,174.84,106787,8.0,1.6064,0.1515,0.0006,0.0,119.0614,176.45686,1.6064,0.35153705647341205
576,"00-0031588,00-0035261,00-0036040,00-0037239,00-0039139,00-0039361,00-0039893,00-0040743,JAX_DST",boom,49400,,,124.39258,0.0034,124.39258,0.0024,124.39258,,173.60000000000002,114739,8.0,3.4427,0.231,0.0012,0.0003,124.39258,180.91597,3.0927,0.5427760746478864
577,"00-0034351,00-0035228,00-0036259,00-0036900,00-0036973,00-0038124,00-0038597,00-0038994,JAX_DST",boom,49800,,63.0,123.959724,0.0046,123.959724,0.0043,123.959724,,109.82,721602,0.0,16.3963,0.2361,0.0048,0.0008,123.959724,184.64517,4.7463,0.5783141633695983
578,"00-0036264,00-0036322,00-0036973,00-0038563,00-0038996,00-0039146,00-0040122,00-0040666,JAX_DST",boom,49100,57.0,58.0,123.45091,0.0032,123.45093,0.0034,123.45093,41.0,147.68,347971,0.0,3.9881,0.233,0.0025,0.0004,123.45093,181.52878,3.6881,0.5650243228170794
579,"00-0035228,00-0036322,00-0038393,00-0038994,00-0039040,00-0039139,00-0039811,00-0041032,JAX_DST",boom,49700,,,118.2671,0.0016,118.2671,0.0017,118.2671,,123.42000000000002,612960,0.0,2.3758,0.1782,0.0017,0.0,118.2671,180.08875,2.3758,0.4249265712786648
580,"00-0035228,00-0036259,00-0036275,00-0036322,00-0038542,00-0039139,00-0040584,00-0040667,PHI_DST",boom,50000,,,119.470924,0.0019,119.47091,0.0022,119.47091,,161.42000000000002,207801,0.0,2.6117,0.1855,0.0012,0.0002,119.470924,177.22208,2.4117,0.440654150913378
581,"00-0033921,00-0036223,00-0036259,00-0036322,00-0038996,00-0039040,00-0039923,00-0040124,JAX_DST",boom,49600,,,114.98259,0.0011,114.9826,0.0008,114.98259,,110.20000000000002,719226,0.0,7.865,0.1404,0.0008,0.0002,114.9826,172.08102,1.915,0.33154247586515545
582,"00-0034796,00-0036550,00-0037744,00-0038559,00-0039064,00-0039344,00-0040128,00-0040666,JAX_DST",boom,49300,,,110.7755,0.0015,110.7755,0.0013,110.7755,,132.86,514988,0.0,1.4885,0.1218,0.0006,0.0001,110.77551,171.86848,1.4385,0.2865238686035627
583,"00-0036407,00-0036554,00-0036963,00-0036971,00-0037248,00-0038935,00-0039893,00-0040719,JAX_DST",boom,49900,29.0,27.0,119.72411,0.004,119.7241,0.0037,119.72411,,130.6,539767,0.0,7.1545,0.2107,0.0068,0.0009,119.72411,185.33713,5.2045,0.5366119125417372
584,"00-0033293,00-0036322,00-0038115,00-0038120,00-0038994,00-0039139,00-0040676,00-0041438,JAX_DST",boom,49100,,,113.635925,0.0017,113.635925,0.0011,113.63594,,135.8,482281,0.0,3.8085,0.1468,0.0016,0.0004,113.635925,175.8377,2.3585,0.35434183783086387
585,"00-0031588,00-0034383,00-0034827,00-0036223,00-0036554,00-0039139,00-0039163,00-0039491,JAX_DST",boom,49700,,,122.822174,0.003,122.822174,0.0041,122.82219,,200.16,18499,15.0,4.1833,0.2368,0.0038,0.0002,122.82219,182.12756,3.8833,0.5839614674783655
586,"00-0034855,00-0037248,00-0038129,00-0038597,00-0038994,00-0039361,00-0040129,00-0041547,JAX_DST",boom,49600,,,119.3198,0.0051,119.31981,0.0045,119.3198,,103.34,758160,0.0,5.8717,0.2063,0.0034,0.0005,119.3198,184.01288,3.5217,0.5049569897871165
587,"00-0033921,00-0035228,00-0036322,00-0037744,00-0038994,00-0039811,00-0039915,00-0040784,PHI_DST",boom,50000,,,116.099884,0.0012,116.09988,0.0022,116.09988,,97.52,782780,0.0,2.3823,0.1583,0.0014,0.0002,116.09988,176.1372,2.1823,0.37973363421779754
588,"00-0034798,00-0035710,00-0036223,00-0037240,00-0037664,00-0038542,00-0038997,00-0040124,JAX_DST",boom,49300,,,113.75546,0.0039,113.75545,0.0034,113.75546,,117.64,664786,0.0,3.8356,0.1569,0.0037,0.0003,113.75546,182.80714,3.3356,0.3899758330047286
589,"00-0032764,00-0033921,00-0035631,00-0036442,00-0036900,00-0037239,00-0037256,00-0038996,JAX_DST",boom,49000,,,116.4994,0.0011,116.4994,0.0008,116.4994,,128.26,564660,0.0,1.3313,0.128,0.0005,0.0,116.4994,173.42372,1.3313,0.29356076126800207
590,"00-0033106,00-0035659,00-0036963,00-0036973,00-0039065,00-0039849,00-0040122,00-0040242,JAX_DST",boom,49800,32.0,,124.96603,0.0045,124.96603,0.0038,124.966034,27.0,138.74,449250,0.0,5.7983,0.2534,0.0044,0.0005,124.96603,185.44728,4.2983,0.6141126816031668
591,"00-0032464,00-0033106,00-0036900,00-0036963,00-0036973,00-0037240,00-0038611,00-0038996,JAX_DST",boom,49500,,,120.17569,0.0024,120.17569,0.0024,120.17569,,112.84,701523,0.0,1.8561,0.1768,0.0004,0.0,120.1757,180.18184,1.8561,0.4091325726606609
592,"00-0036223,00-0036355,00-0038046,00-0038542,00-0039915,00-0040129,00-0040666,00-0041070,LAC_DST",boom,49000,,,116.3177,0.0023,116.3177,0.0023,116.3177,,112.46,703985,0.0,1.9847,0.1554,0.0009,0.0001,116.3177,177.88112,1.8847,0.3663833561251578
593,"00-0032764,00-0033217,00-0035710,00-0036223,00-0036900,00-0036963,00-0037664,00-0038563,LV_DST",boom,49800,38.0,28.0,124.84193,0.008,124.841934,0.0076,124.841934,37.0,134.14,501069,0.0,8.105,0.2573,0.0061,0.0007,124.84193,189.75218,5.455,0.6440375813382372
594,"00-0033293,00-0036555,00-0036912,00-0036919,00-0037744,00-0039918,00-0039919,00-0040735,JAX_DST",boom,50000,,,115.69512,0.0018,115.69512,0.0015,115.69512,,137.26,465941,0.0,2.8726,0.1515,0.0015,0.0002,115.69512,175.71759,2.1226,0.3604106219054336
595,"00-0035659,00-0036223,00-0036252,00-0036389,00-0036912,00-0036973,00-0038498,00-0038542,MIN_DST",boom,50000,,,117.70259,0.001,117.70259,0.0011,117.70259,,125.42,593762,0.0,2.0314,0.1566,0.0009,0.0002,117.70259,172.82979,1.9314,0.36767626589276203
596,"00-0033526,00-0034827,00-0036355,00-0036554,00-0037744,00-0038544,00-0038555,00-0039915,JAX_DST",boom,49000,,,107.5779,0.0005,107.5779,0.0007,107.5779,,128.16000000000005,565569,0.0,0.8581,0.0892,0.0001,0.0,107.5779,167.14328,0.8581,0.20505857399727465
597,"00-0036322,00-0037238,00-0038542,00-0038994,00-0038996,00-0039040,00-0039923,00-0041523,JAX_DST",boom,49700,,,112.21856,0.0017,112.21856,0.0018,112.21856,,115.5,681659,0.0,3.4728,0.1365,0.0015,0.0004,112.21856,172.95851,2.2228,0.3281847361619962
598,"00-0033921,00-0034829,00-0036410,00-0036442,00-0036555,00-0037261,00-0038597,00-0039040,JAX_DST",boom,49300,,,120.21139,0.0051,120.21139,0.0024,120.21139,87.0,126.26,585097,0.0,3.4469,0.2031,0.0027,0.0004,120.21139,185.52466,3.2469,0.4938330226628768
599,"00-0032764,00-0034351,00-0036389,00-0036900,00-0036912,00-0037238,00-0040242,00-0041067,LV_DST",boom,49600,,,116.33298,0.0018,116.33298,0.0016,116.33298,,136.52,474372,0.0,5.6605,0.1479,0.0009,0.0001,116.33298,174.74704,1.7605,0.3474569280812748
600,"00-0036275,00-0036555,00-0037239,00-0037744,00-0039150,00-0039342,00-0040124,00-0040735,JAX_DST",boom,49000,,,117.24943,0.0038,117.24943,0.0041,117.24943,,185.24,56529,8.0,7.0217,0.1887,0.0046,0.0006,117.24943,183.07222,3.9217,0.4711562672440345
601,"00-0032764,00-0036900,00-0036973,00-0038542,00-0039150,00-0040124,00-0040187,00-0041051,JAX_DST",boom,49000,,,121.15625,0.0011,121.15625,0.0018,121.15625,,149.44,328813,0.0,2.6509,0.1886,0.0015,0.0002,121.15625,176.5379,2.5509,0.44621556582716165
602,"00-0034844,00-0036389,00-0036912,00-0037248,00-0038393,00-0038996,00-0039361,00-0041040,JAX_DST",boom,49200,,,116.8,0.0041,116.79999,0.0043,116.79999,,127.42,573586,0.0,5.5481,0.1871,0.0028,0.0008,116.8,184.23781,3.7981,0.4632909228470509
603,"00-0033106,00-0035261,00-0036963,00-0037228,00-0037240,00-0039040,00-0039424,00-0040128,JAX_DST",boom,49300,88.0,,123.18499,0.0046,123.18499,0.0033,123.184975,77.0,123.14,615600,0.0,2.7125,0.2224,0.0015,0.0,123.18499,184.78133,2.7125,0.5251241770935924
604,"00-0034827,00-0036275,00-0037744,00-0039150,00-0040122,00-0040124,00-0040218,00-0040666,JAX_DST",boom,49600,,,118.57261,0.0009,118.57261,0.001,118.5726,,187.84,47327,10.0,104.7137,0.1745,0.0015,0.0002,118.572624,174.30225,2.4137,0.4145730357950165
605,"00-0034837,00-0035261,00-0036900,00-0037740,00-0038120,00-0040126,00-0040676,00-0041438,JAX_DST",boom,49000,,35.0,115.65903,0.0041,115.65903,0.0035,115.65903,,76.8,824090,0.0,109.3344,0.1707,0.0059,0.0012,115.65903,183.73853,4.9344,0.43523524018452125
606,"00-0034855,00-0037239,00-0037291,00-0037744,00-0038129,00-0038597,00-0039361,00-0040129,JAX_DST",boom,49800,,,120.11966,0.0051,120.119675,0.005,120.119675,,146.04000000000002,366367,0.0,3.1811,0.1987,0.0025,0.0001,120.119675,184.67583,3.0311,0.482516559801076
607,"00-0023459,00-0033293,00-0034827,00-0035640,00-0036322,00-0036894,00-0038542,00-0040719,JAX_DST",boom,49200,,,115.42195,0.0008,115.42195,0.0014,115.42195,,155.44,265699,0.0,2.7918,0.1676,0.0018,0.0001,115.42195,174.60374,2.4918,0.4071358917236544
608,"00-0033921,00-0034844,00-0035659,00-0036963,00-0038129,00-0038597,00-0039910,00-0041040,PHI_DST",boom,50000,,,115.2647,0.0012,115.2647,0.0012,115.2647,,110.86,714727,0.0,2.1223,0.1441,0.0018,0.0,115.2647,175.80609,2.1223,0.34603560459555127
609,"00-0034351,00-0035640,00-0036389,00-0036912,00-0038544,00-0040122,00-0040242,00-0041027,JAX_DST",boom,49100,,,115.61828,0.0016,115.61828,0.0018,115.618286,,142.72,404066,0.0,3.0624,0.152,0.0011,0.0003,115.61828,173.97223,2.0624,0.3581709292151238
610,"00-0032764,00-0035710,00-0036554,00-0037239,00-0037741,00-0038997,00-0040128,00-0041027,JAX_DST",boom,49400,,,115.31715,0.0009,115.31715,0.002,115.31715,,145.64,371017,0.0,3.0428,0.1515,0.0019,0.0003,115.31715,175.30507,2.4428,0.36614288672438017
611,"00-0032764,00-0034827,00-0034857,00-0037261,00-0039040,00-0039139,00-0039359,00-0039491,JAX_DST",boom,49600,,,118.20951,0.0016,118.20951,0.0013,118.209526,,208.76,8539,20.0,4.1126,0.1673,0.0022,0.0004,118.20951,175.95271,2.5626,0.4024540430778182
612,"00-0032764,00-0034827,00-0034857,00-0036322,00-0036973,00-0037261,00-0039359,00-0040124,JAX_DST",boom,49300,,,114.36995,0.0009,114.36995,0.0009,114.36995,,181.26,72982,8.0,2.9168,0.1395,0.0012,0.0003,114.36995,174.10504,2.0168,0.33465255009928524
613,"00-0033106,00-0033921,00-0035544,00-0036040,00-0036275,00-0036554,00-0036963,00-0039139,JAX_DST",boom,49900,,,124.95909,0.0062,124.95909,0.0072,124.959076,,175.04,105576,8.0,7.4011,0.2464,0.0024,0.0005,124.95909,187.92828,3.7011,0.5884888161732033
614,"00-0033293,00-0034827,00-0035228,00-0035249,00-0036223,00-0036322,00-0036554,00-0039811,JAX_DST",boom,49000,,,117.78635,0.003,117.78635,0.0029,117.78635,,134.01999999999998,502467,0.0,6.9515,0.199,0.0045,0.0007,117.78635,181.92107,4.1515,0.4984470550812977
615,"00-0036555,00-0037238,00-0038542,00-0039150,00-0039491,00-0040124,00-0040126,00-0040129,LV_DST",boom,50000,58.0,30.0,120.25499,0.0066,120.25499,0.0057,120.25499,,168.54,149554,8.0,15.9605,0.2248,0.0082,0.0017,120.25499,188.32138,6.3605,0.5756362522551265
616,"00-0034753,00-0034796,00-0034827,00-0036223,00-0036988,00-0039064,00-0040129,00-0040666,JAX_DST",boom,49900,,,118.686775,0.0025,118.686775,0.0029,118.686775,,160.96,211870,0.0,8.2056,0.187,0.0025,0.0003,118.686775,181.00922,3.1056,0.45226141895309846
617,"00-0034855,00-0035261,00-0036963,00-0038117,00-0038129,00-0038597,00-0039361,00-0040129,JAX_DST",boom,49900,23.0,19.0,124.872734,0.0089,124.872734,0.0081,124.872734,36.0,126.54,582591,0.0,110.6656,0.2697,0.0067,0.0013,124.872734,192.08511,6.1656,0.6809040454517242
618,"00-0034844,00-0038124,00-0038542,00-0038563,00-0039344,00-0039918,00-0040126,00-0040735,JAX_DST",boom,50000,,,119.61356,0.0021,119.61358,0.0011,119.61356,,148.66,337198,0.0,2.4203,0.1882,0.0011,0.0001,119.61358,177.19353,2.3703,0.4446759038259566
619,"00-0034844,00-0035659,00-0039139,00-0039893,00-0039910,00-0040122,00-0040164,00-0041032,JAX_DST",boom,49500,,,112.366,0.0002,112.36599,0.0008,112.366,,136.16,478093,0.0,1.1435,0.1035,0.0005,0.0,112.366,167.70103,1.1435,0.24175754419844556
620,"00-0033293,00-0036264,00-0036963,00-0037240,00-0038124,00-0038994,00-0038996,00-0040242,JAX_DST",boom,49400,,,116.35635,0.0024,116.35635,0.0019,116.35635,,142.48000000000002,406795,0.0,3.2441,0.1724,0.0021,0.0002,116.35635,179.3451,2.8441,0.4207254850419278
621,"00-0034753,00-0036223,00-0036355,00-0036973,00-0038544,00-0039849,00-0039915,00-0040666,JAX_DST",boom,49000,35.0,32.0,126.59622,0.0086,126.59622,0.0107,126.59622,46.0,113.56,696176,0.0,5.6161,0.2925,0.0045,0.0005,126.59624,192.96605,5.0161,0.722350026691016
622,"00-0033921,00-0034844,00-0034855,00-0036900,00-0036912,00-0038129,00-0038393,00-0039361,JAX_DST",boom,49300,30.0,3.0,123.62291,0.0102,123.62291,0.0099,123.62291,12.0,98.64,778727,0.0,110.9684,0.2628,0.0069,0.0016,123.62291,194.42392,6.1184,0.6597959306798523
623,"00-0030279,00-0032764,00-0034753,00-0034796,00-0038129,00-0038559,00-0039064,00-0039139,LAC_DST",boom,49000,,,115.29216,0.0043,115.292175,0.0044,115.292175,,169.16,144843,8.0,4.2037,0.1653,0.0025,0.0005,115.29216,185.40172,3.0037,0.40571388142995735
624,"00-0035261,00-0036410,00-0036442,00-0036554,00-0038544,00-0038597,00-0039361,00-0039814,JAX_DST",boom,49200,,,119.5975,0.003,119.5975,0.0024,119.5975,,106.46,741644,0.0,2.9946,0.193,0.0014,0.0002,119.5975,180.46075,2.4946,0.45754232617732704
625,"00-0037248,00-0037252,00-0039040,00-0039893,00-0039918,00-0039919,00-0040124,00-0040735,JAX_DST",boom,49900,,,118.3583,0.0019,118.358284,0.0017,118.3583,,110.76,715393,0.0,2.7428,0.1959,0.0023,0.0001,118.3583,177.00504,2.6928,0.46916580834335664
626,"00-0035659,00-0035662,00-0036259,00-0037744,00-0037809,00-0039040,00-0039139,00-0039910,JAX_DST",boom,49500,,,111.67714,0.0008,111.677124,0.0006,111.67714,,110.36,718017,0.0,12.5853,0.1048,0.0013,0.0004,111.67714,167.30019,1.7353,0.2513916780700341
627,"00-0034981,00-0036554,00-0036900,00-0039040,00-0039139,00-0039163,00-0039491,00-0039875,PHI_DST",boom,50000,,,119.1359,0.0013,119.1359,0.0016,119.1359,,134.66,494980,0.0,8.1329,0.1756,0.0008,0.0001,119.13589,175.56802,2.2329,0.41565106635091126
628,"00-0033119,00-0036322,00-0038559,00-0038597,00-0039065,00-0039849,00-0040666,00-0040735,JAX_DST",boom,49900,,,117.2776,0.0013,117.2776,0.0015,117.2776,,123.98,607514,0.0,2.8971,0.1611,0.002,0.0003,117.27761,178.4001,2.4971,0.3867059836910812
629,"00-0030279,00-0032764,00-0033921,00-0035710,00-0037664,00-0037744,00-0039361,00-0040719,JAX_DST",boom,49400,,,115.75458,0.0017,115.75458,0.0016,115.75458,,144.54000000000002,383395,0.0,2.6941,0.1619,0.0014,0.0002,115.75458,176.41074,2.2941,0.38890226025109725
630,"00-0034975,00-0035710,00-0036410,00-0036900,00-0037664,00-0038997,00-0040663,00-0040666,JAX_DST",boom,49000,,,117.090126,0.0017,117.090126,0.0035,117.090126,,68.14,828698,0.0,13.4193,0.1625,0.0021,0.0004,117.090126,179.33118,2.6693,0.3909376308640151
631,"00-0036912,00-0036973,00-0037238,00-0037252,00-0038128,00-0039040,00-0039880,00-0040122,JAX_DST",boom,49000,,,118.98902,0.0041,118.98902,0.0041,118.98901,74.0,116.7,672403,0.0,15.1454,0.1951,0.0041,0.0006,118.98902,183.39847,3.9954,0.4856301926990307
632,"00-0034844,00-0036410,00-0036442,00-0036900,00-0037311,00-0037740,00-0038640,00-0039040,JAX_DST",boom,49600,,,116.56105,0.0015,116.561035,0.0017,116.56105,,73.75999999999999,826190,0.0,1.3208,0.1342,0.0004,0.0,116.56105,174.91823,1.3208,0.30859136260053527
633,"00-0035644,00-0036900,00-0037228,00-0037239,00-0037291,00-0039139,00-0040126,00-0040743,JAX_DST",boom,49700,,,125.364136,0.0033,125.364136,0.0032,125.364136,,144.5,383697,0.0,2.8056,0.2257,0.0012,0.0001,125.364136,184.00836,2.7056,0.5282188490293535
634,"00-0034960,00-0036900,00-0036971,00-0038542,00-0038935,00-0039915,00-0040719,00-0041037,JAX_DST",boom,49400,,,117.6498,0.0024,117.64979,0.0021,117.64979,,139.0,446185,0.0,4.3857,0.1757,0.0033,0.0005,117.6498,180.96223,3.2857,0.4311115313253986
635,"00-0033858,00-0036264,00-0036275,00-0036963,00-0037525,00-0038997,00-0039139,00-0040667,JAX_DST",boom,49000,,,116.01149,0.0015,116.01149,0.001,116.01149,,179.28,82598,8.0,105.8437,0.14,0.0011,0.0002,116.01149,174.06218,2.0437,0.33142603396064285
636,"00-0035208,00-0036040,00-0037239,00-0037240,00-0038542,00-0039065,00-0039139,00-0040743,JAX_DST",boom,49000,,,121.2749,0.0062,121.2749,0.0046,121.2749,,176.5,97149,8.0,2.6062,0.2068,0.0013,0.0001,121.2749,187.17677,2.5562,0.48751279497871736
637,"00-0030279,00-0032764,00-0034753,00-0034796,00-0036252,00-0036900,00-0038454,00-0039064,JAX_DST",boom,49400,,,115.59005,0.0052,115.59005,0.0046,115.59005,,140.26,431998,0.0,5.0028,0.172,0.0038,0.0005,115.590065,185.93593,3.4528,0.4272801662965306
638,"00-0031588,00-0034753,00-0034796,00-0036223,00-0036550,00-0036963,00-0038544,00-0040666,JAX_DST",boom,49500,,,121.10763,0.0043,121.10763,0.0047,121.107635,,134.16000000000005,500578,0.0,3.3051,0.2058,0.0023,0.0002,121.107635,183.43079,3.2551,0.4977346457691491
639,"00-0031588,00-0034351,00-0036389,00-0036554,00-0036973,00-0038393,00-0039139,00-0041438,JAX_DST",boom,49600,,,122.31295,0.0031,122.31295,0.0035,122.31295,,173.62,114647,8.0,13.3056,0.2149,0.0028,0.0002,122.31295,181.1231,3.1056,0.513117058982801
640,"00-0033119,00-0033921,00-0037228,00-0037744,00-0038994,00-0039139,00-0039391,00-0039849,JAX_DST",boom,49500,,,114.139015,0.001,114.139015,0.0006,114.139015,,115.48,681778,0.0,1.7102,0.1284,0.0013,0.0,114.13902,170.53996,1.7102,0.30488845970645195
641,"00-0033106,00-0035544,00-0035685,00-0036040,00-0036275,00-0036554,00-0036963,00-0040666,JAX_DST",boom,49500,,,122.3011,0.0025,122.3011,0.0031,122.3011,,167.33999999999995,158571,8.0,2.9037,0.2078,0.0021,0.0001,122.3011,179.71855,2.7537,0.4902984495577229
642,"00-0034351,00-0035659,00-0037740,00-0037742,00-0038542,00-0039910,00-0040666,00-0040719,JAX_DST",boom,49200,,,113.872986,0.0006,113.87298,0.0006,113.87298,,122.06,625584,0.0,1.732,0.1314,0.0009,0.0001,113.872986,169.79218,1.732,0.30982303124029215
643,"00-0036264,00-0036963,00-0038544,00-0038994,00-0038996,00-0039139,00-0039146,00-0040242,JAX_DST",boom,49800,,,120.8756,0.0033,120.8756,0.0022,120.87559,,134.58,496016,0.0,2.4922,0.1971,0.0018,0.0,120.8756,180.10054,2.4922,0.47173035992545975
644,"00-0035685,00-0036554,00-0037248,00-0038124,00-0039163,00-0040126,00-0040138,00-0040735,JAX_DST",boom,49100,,,113.5237,0.0028,113.5237,0.0037,113.5237,,144.95999999999998,378592,0.0,6.239,0.1625,0.0053,0.0011,113.5237,180.77045,4.239,0.4145390439862774
645,"00-0035659,00-0036410,00-0036442,00-0036900,00-0038129,00-0038597,00-0039391,00-0041489,JAX_DST",boom,49600,,,114.97858,0.0028,114.97856,0.003,114.97858,,68.06,828716,0.0,1.9256,0.1531,0.0011,0.0,114.97858,180.34349,1.9256,0.3654109491714293
646,"00-0033106,00-0036040,00-0036963,00-0037091,00-0037240,00-0037248,00-0039139,00-0040128,JAX_DST",boom,49700,,,120.945015,0.0066,120.945015,0.006,120.945015,,140.84000000000003,425610,0.0,2.5376,0.2062,0.0013,0.0,120.94502,188.51149,2.5376,0.49196547598477025
647,"00-0036259,00-0036900,00-0038542,00-0038994,00-0038996,00-0039146,00-0039923,00-0040122,JAX_DST",boom,49500,,,115.020226,0.0011,115.020226,0.0014,115.020226,,97.7,782133,0.0,6.4533,0.1436,0.0021,0.0002,115.020226,174.48303,2.4033,0.34627630446079294
648,"00-0033858,00-0035228,00-0035685,00-0036275,00-0036322,00-0038994,00-0039040,00-0040735,JAX_DST",boom,49600,,,117.774925,0.0034,117.77494,0.0023,117.77494,,137.22,466430,0.0,3.8483,0.1843,0.0023,0.0003,117.774925,180.04741,2.8983,0.4464104366623189
649,"00-0031588,00-0033246,00-0036389,00-0036912,00-0037248,00-0039919,00-0040122,00-0040124,JAX_DST",boom,49600,,,114.45473,0.001,114.45473,0.0009,114.45473,,125.82,589711,0.0,1.7538,0.1371,0.001,0.0,114.454735,171.73781,1.7538,0.32307888184688677
650,"00-0033858,00-0036223,00-0036264,00-0036410,00-0038597,00-0038994,00-0038996,00-0039915,JAX_DST",boom,49000,,,118.18928,0.0012,118.18928,0.0013,118.18928,,126.98,578002,0.0,2.8338,0.1689,0.0011,0.0004,118.18928,174.05878,2.3338,0.3996222215720916
651,"00-0035229,00-0036264,00-0038124,00-0038542,00-0038544,00-0039040,00-0039146,00-0040122,JAX_DST",boom,49200,44.0,,120.9049,0.0017,120.9049,0.0018,120.904884,71.0,173.07999999999998,118216,8.0,4.395,0.2091,0.0032,0.0005,120.9049,179.86671,3.745,0.5097104821155284
652,"00-0023459,00-0035640,00-0035685,00-0036894,00-0037740,00-0038120,00-0038542,00-0039915,JAX_DST",boom,49100,,,120.7262,0.0018,120.72619,0.0029,120.7262,,165.24,175021,0.0,5.2854,0.2154,0.0033,0.0005,120.7262,179.56056,3.5854,0.5246756208308512
653,"00-0033119,00-0037239,00-0037744,00-0038597,00-0039811,00-0039849,00-0039890,00-0040666,JAX_DST",boom,49700,,,119.4247,0.0019,119.4247,0.0013,119.4247,,130.27999999999997,543286,0.0,2.9646,0.1817,0.0028,0.0001,119.4247,176.80156,2.8146,0.4387240953436571
654,"00-0031610,00-0036554,00-0037248,00-0038597,00-0038608,00-0039163,00-0039919,00-0040124,JAX_DST",boom,49100,,,113.97625,0.0014,113.97625,0.001,113.97625,,107.96,733005,0.0,3.0588,0.1451,0.0015,0.0004,113.97625,172.74043,2.3088,0.3522187853671493
655,"00-0033119,00-0036900,00-0037744,00-0038559,00-0039040,00-0039391,00-0039849,00-0039919,MIN_DST",boom,50000,,,112.31532,0.002,112.31532,0.0016,112.31532,,84.88,814655,0.0,3.0306,0.1375,0.0027,0.0001,112.31532,176.53853,2.3806,0.33633461528561837
656,"00-0035228,00-0036322,00-0036963,00-0038117,00-0038124,00-0038555,00-0039139,00-0040215,JAX_DST",boom,49800,,,115.31135,0.0011,115.31134,0.0013,115.31134,,155.92,260850,0.0,2.9538,0.132,0.0008,0.0001,115.31135,174.80022,1.5538,0.30757644649513366
657,"00-0032950,00-0034844,00-0035229,00-0035261,00-0036322,00-0037740,00-0038124,00-0039139,PHI_DST",boom,50000,,,122.52575,0.0021,122.52575,0.0025,122.52575,,167.62,156351,8.0,12.6126,0.2172,0.0012,0.0002,122.52575,180.393,2.7126,0.5184210341470958
658,"00-0037252,00-0038128,00-0038597,00-0039064,00-0039880,00-0039915,00-0040122,00-0040666,JAX_DST",boom,49200,,,121.455086,0.0039,121.4551,0.0036,121.4551,,153.8,282328,0.0,3.6945,0.2102,0.0025,0.0004,121.455086,183.03441,3.2945,0.5072853378082685
659,"00-0033119,00-0036550,00-0037248,00-0037744,00-0038542,00-0038544,00-0039849,00-0039915,JAX_DST",boom,49700,,,116.885124,0.0017,116.885124,0.0021,116.885124,,122.38,622681,0.0,2.9496,0.1737,0.0023,0.0002,116.885124,177.75957,2.8496,0.4220238074355588
660,"00-0034827,00-0035644,00-0037239,00-0038117,00-0038124,00-0039139,00-0040122,00-0040743,JAX_DST",boom,49800,,,122.38953,0.0022,122.38953,0.003,122.38951,,228.5,961,150.0,3.0903,0.2097,0.0009,0.0003,122.38953,179.3327,2.5903,0.4900077105187243
661,"00-0033921,00-0035631,00-0036442,00-0036900,00-0036912,00-0038120,00-0038597,00-0039491,LV_DST",boom,49900,,,121.49362,0.0056,121.49362,0.0037,121.49362,,131.26,532574,0.0,3.4042,0.2166,0.0025,0.0002,121.49362,186.99223,3.3542,0.5192401895166687
662,"00-0033106,00-0036040,00-0036900,00-0036963,00-0036970,00-0037240,00-0037746,00-0038120,JAX_DST",boom,50000,,,120.79108,0.003,120.79108,0.0034,120.79108,,110.14,719600,0.0,2.4751,0.177,0.0009,0.0001,120.79108,181.91672,2.0751,0.4126489089583851
663,"00-0032764,00-0036963,00-0039344,00-0039893,00-0039918,00-0039919,00-0040126,00-0041438,LV_DST",boom,49900,,,115.50358,0.0009,115.50358,0.0007,115.50358,,146.46,361456,0.0,2.304,0.1415,0.0012,0.0001,115.50358,172.87114,1.904,0.3339606125238254
664,"00-0036322,00-0036554,00-0036555,00-0038117,00-0038120,00-0038996,00-0040676,00-0041438,JAX_DST",boom,49100,,,114.6488,0.0014,114.6488,0.001,114.6488,,149.7,326008,0.0,3.0207,0.1504,0.0018,0.0002,114.6488,174.27771,2.3707,0.36554996727515404
665,"00-0034827,00-0034960,00-0037744,00-0039139,00-0039150,00-0039491,00-0040124,00-0040236,JAX_DST",boom,49800,,,114.59923,0.0009,114.59923,0.0007,114.59923,,218.44,3164,30.0,1.6178,0.1387,0.0009,0.0,114.59923,172.53714,1.6178,0.3270725498472239
666,"00-0033293,00-0036223,00-0036355,00-0037664,00-0037744,00-0038544,00-0040122,00-0040727,JAX_DST",boom,49700,,,117.80199,0.0016,117.80199,0.002,117.80199,,142.36,408030,0.0,6.2282,0.1707,0.0021,0.0005,117.802,177.34825,2.6782,0.4071590123957477
667,"00-0026158,00-0034365,00-0036410,00-0036900,00-0037238,00-0038597,00-0039361,00-0040242,JAX_DST",boom,49000,,,115.85078,0.0032,115.85076,0.0039,115.85078,,83.30000000000001,816992,0.0,8.7233,0.1655,0.0019,0.0003,115.85078,182.40607,2.5733,0.3974290856772528
668,"00-0034829,00-0036442,00-0036550,00-0036554,00-0036900,00-0038597,00-0039361,00-0041547,JAX_DST",boom,49500,75.0,22.0,122.48695,0.0062,122.48695,0.006,122.48696,,120.26,642114,0.0,105.8535,0.2334,0.0037,0.0007,122.48696,187.74506,4.3035,0.573920565750937
669,"00-0033293,00-0034844,00-0036554,00-0039150,00-0039342,00-0040124,00-0040126,00-0040129,JAX_DST",boom,49100,,,117.714874,0.0015,117.714874,0.0007,117.714874,,111.44,711086,0.0,4.2026,0.1705,0.0015,0.0006,117.714874,176.374,2.6026,0.40662384495678033
670,"00-0032764,00-0034837,00-0038117,00-0038120,00-0038542,00-0039915,00-0040128,00-0040676,JAX_DST",boom,49200,,,116.4459,0.0012,116.445915,0.0019,116.4459,,155.4,266128,0.0,3.6214,0.1544,0.0022,0.0005,116.4459,172.3739,2.5214,0.37103490729226785
671,"00-0032764,00-0034827,00-0035710,00-0036223,00-0036252,00-0037664,00-0038611,00-0040128,JAX_DST",boom,49000,,,114.80702,0.0034,114.80702,0.0036,114.80702,,142.94,401585,0.0,5.1741,0.1724,0.0039,0.0008,114.80702,181.80145,3.7741,0.43284926472848817
672,"00-0031588,00-0034351,00-0035659,00-0036555,00-0036973,00-0039910,00-0040124,00-0040666,JAX_DST",boom,49200,,,119.24387,0.0029,119.24387,0.0038,119.24387,,132.56,518468,0.0,4.164,0.1909,0.0035,0.0002,119.24387,179.95667,3.214,0.47034622171243334
673,"00-0033921,00-0034829,00-0034855,00-0036973,00-0039064,00-0039139,00-0039915,00-0040129,JAX_DST",boom,50000,,,127.96265,0.0054,127.96265,0.0056,127.96265,85.0,166.64,163858,8.0,9.5492,0.2901,0.0024,0.0001,127.96265,187.9947,3.6492,0.6923734515565704
674,"00-0034351,00-0036389,00-0036912,00-0037228,00-0037238,00-0038606,00-0040124,00-0040242,JAX_DST",boom,49600,,,116.34287,0.0024,116.34287,0.0016,116.34287,,129.92000000000002,547297,0.0,3.0394,0.1625,0.0023,0.0003,116.34287,176.68648,2.4394,0.3892994676289853
675,"00-0033119,00-0033885,00-0036963,00-0037664,00-0037744,00-0038559,00-0039040,00-0039361,JAX_DST",boom,49500,,,115.30405,0.0015,115.30405,0.0011,115.30405,,146.07999999999998,365861,0.0,4.4345,0.1374,0.0015,0.0002,115.30406,175.3242,2.0345,0.330049235619914
676,"00-0033106,00-0035544,00-0036040,00-0036554,00-0036963,00-0039040,00-0039811,00-0040122,JAX_DST",boom,49000,,,121.37705,0.002,121.37705,0.0018,121.37705,,143.74,392380,0.0,2.326,0.1828,0.0011,0.0002,121.37705,176.6668,2.326,0.4267404933839957
677,"00-0033537,00-0036407,00-0036900,00-0038597,00-0038997,00-0040122,00-0040663,00-0040719,LAC_DST",boom,49000,,,114.374985,0.0008,114.37498,0.0024,114.37498,,97.9,781421,0.0,202.1229,0.1323,0.0015,0.0004,114.374985,172.96378,2.1229,0.31936960299098055
678,"00-0032764,00-0034827,00-0035021,00-0035710,00-0036223,00-0037248,00-0040128,00-0040735,JAX_DST",boom,49200,,53.0,117.71867,0.0041,117.71869,0.0043,117.71867,,142.14,410868,0.0,6.0558,0.1995,0.0054,0.0008,117.71867,184.55658,4.5058,0.49798768743258504
679,"00-0032950,00-0034753,00-0034844,00-0036322,00-0037240,00-0038994,00-0039139,00-0039146,PHI_DST",boom,50000,,,117.15202,0.0019,117.15204,0.0023,117.15205,,122.42,622475,0.0,2.3605,0.1642,0.0015,0.0001,117.15202,179.51456,2.3105,0.39253700758164134
680,"00-0033921,00-0035644,00-0035685,00-0037239,00-0038994,00-0039139,00-0040743,00-0040784,PHI_DST",boom,49200,,,117.6909,0.0012,117.690926,0.0014,117.690926,,158.5,235014,0.0,1.5556,0.1442,0.0004,0.0,117.6909,175.54291,1.5556,0.3326368636696374
681,"00-0033106,00-0034975,00-0036040,00-0036322,00-0036900,00-0036963,00-0039065,00-0040784,PHI_DST",boom,49600,,,120.032776,0.0022,120.032776,0.0018,120.032776,,117.54,665505,0.0,1.7231,0.1647,0.0004,0.0,120.032776,179.46452,1.7231,0.38148140245517914
682,"00-0030565,00-0035261,00-0035659,00-0037238,00-0037740,00-0038542,00-0039040,00-0040736,JAX_DST",boom,49100,,,114.2823,0.0003,114.2823,0.0002,114.2823,,93.2,796732,0.0,2.1838,0.1412,0.0018,0.0002,114.2823,170.83946,2.1838,0.3371022305810493
683,"00-0031588,00-0034827,00-0034844,00-0035261,00-0036322,00-0036628,00-0038597,00-0039910,PHI_DST",boom,49900,,,111.40451,0.0005,111.4045,0.0007,111.4045,,126.86,579147,0.0,1.1461,0.108,0.0003,0.0,111.40451,166.78088,1.1461,0.2524104719796729
684,"00-0033106,00-0036322,00-0036554,00-0036754,00-0036973,00-0039139,00-0040124,00-0040669,LV_DST",boom,50000,,,119.57205,0.0022,119.57205,0.004,119.57205,,147.24,352846,0.0,2.5872,0.1792,0.0011,0.0002,119.57205,181.98288,2.3372,0.42365425381067073
685,"00-0033106,00-0036252,00-0036754,00-0036963,00-0037239,00-0038994,00-0039361,00-0040122,JAX_DST",boom,49500,,,119.9448,0.0016,119.9448,0.002,119.94481,,156.64,253373,0.0,1.8326,0.172,0.0006,0.0,119.9448,177.26537,1.8326,0.39794207547990995
686,"00-0033293,00-0035228,00-0035229,00-0035685,00-0036322,00-0036900,00-0037256,00-0038124,JAX_DST",boom,49700,,,120.58202,0.0044,120.58202,0.0053,120.58202,70.0,140.92000000000002,424730,0.0,15.0811,0.2227,0.0058,0.0013,120.58202,187.01335,5.2311,0.5637211921748518
687,"00-0033293,00-0036322,00-0039139,00-0039918,00-0039919,00-0040187,00-0040242,00-0040735,JAX_DST",boom,49100,,,116.173485,0.002,116.17348,0.0021,116.17348,,161.26,209195,0.0,5.4253,0.1571,0.0014,0.0004,116.173485,177.7185,2.2753,0.37610437177667083
688,"00-0033119,00-0033293,00-0037228,00-0037238,00-0037744,00-0038559,00-0039849,00-0040666,JAX_DST",boom,49600,,,115.0954,0.0029,115.0954,0.0023,115.0954,,104.98,749879,0.0,8.5875,0.1706,0.0055,0.0012,115.0954,181.05362,4.4875,0.4324142986760431
689,"00-0035208,00-0036355,00-0038129,00-0038542,00-0038544,00-0039139,00-0039915,00-0041027,JAX_DST",boom,49400,,,119.96075,0.0025,119.96075,0.0025,119.96075,,139.16,444169,0.0,2.3776,0.182,0.0013,0.0001,119.96075,178.87407,2.3276,0.42913253112777894
690,"00-0034855,00-0037239,00-0037240,00-0037740,00-0038129,00-0038597,00-0039361,00-0040129,LV_DST",boom,50000,,,123.4029,0.0063,123.4029,0.0069,123.4029,,138.24,454802,0.0,4.9652,0.2361,0.0027,0.0002,123.4029,189.01578,3.5152,0.5731228317409242
691,"00-0030279,00-0032764,00-0036223,00-0036322,00-0037740,00-0039164,00-0040128,00-0040583,JAX_DST",boom,50000,,,105.35735,0.002,105.35736,0.0012,105.35735,,147.0,355473,0.0,1.6308,0.0915,0.0014,0.0002,105.35736,170.98364,1.5308,0.22152111263078192
692,"00-0036442,00-0036900,00-0037248,00-0037291,00-0038933,00-0039361,00-0040666,00-0040785,JAX_DST",boom,49700,,,120.0757,0.0021,120.0757,0.0014,120.0757,,102.36,762638,0.0,2.3275,0.1739,0.0013,0.0001,120.0757,177.76689,2.2275,0.4098379228143467
693,"00-0033217,00-0034844,00-0037239,00-0039040,00-0039064,00-0039139,00-0039424,00-0040743,JAX_DST",boom,50000,,,125.294365,0.0044,125.294365,0.0038,125.294365,58.0,179.5,81444,8.0,2.4528,0.2376,0.0005,0.0,125.294365,182.9929,2.4528,0.5510428922444733
694,"00-0033119,00-0035261,00-0036900,00-0037744,00-0038685,00-0038997,00-0039849,00-0039915,JAX_DST",boom,49300,,,112.52847,0.0011,112.52847,0.0008,112.52847,,93.68,795316,0.0,1.3976,0.1237,0.0007,0.0,112.52847,169.82199,1.3976,0.2902047169121475
695,"00-0033106,00-0035685,00-0036754,00-0036900,00-0036963,00-0037664,00-0038597,00-0041067,JAX_DST",boom,49500,,,117.420525,0.0021,117.420525,0.0019,117.420525,,127.84,569272,0.0,3.5383,0.1504,0.0012,0.0002,117.420525,177.65039,1.9883,0.3511782525350602
696,"00-0034855,00-0036900,00-0036919,00-0037238,00-0037311,00-0039811,00-0040129,00-0040666,JAX_DST",boom,49100,,,116.47115,0.0018,116.47115,0.0021,116.47115,,63.44,829844,0.0,2.0977,0.1537,0.0011,0.0002,116.47115,176.34808,1.9977,0.3617586340595207
697,"00-0035229,00-0036264,00-0036963,00-0037091,00-0037239,00-0037248,00-0038124,00-0040122,JAX_DST",boom,49300,,,118.63052,0.0011,118.63052,0.0009,118.63052,,194.28,29606,10.0,2.1074,0.1649,0.0011,0.0,118.63052,173.35774,2.1074,0.3898789107350606
698,"00-0034844,00-0034960,00-0036912,00-0036971,00-0038606,00-0040663,00-0040666,00-0040784,PHI_DST",boom,49600,,66.0,115.09949,0.0026,115.09947,0.002,115.09949,,98.3,779958,0.0,5.3035,0.1558,0.0026,0.0005,115.09949,178.87074,2.7535,0.3790329228391409
699,"00-0032764,00-0034844,00-0035710,00-0037664,00-0038393,00-0039361,00-0040128,00-0040129,JAX_DST",boom,49000,,,120.78552,0.0047,120.78552,0.0044,120.78552,,138.64,450487,0.0,4.5924,0.2234,0.0034,0.0005,120.78552,184.41432,3.9424,0.5445540528021631
700,"00-0034796,00-0036550,00-0036973,00-0037239,00-0039139,00-0040075,00-0040122,00-0040128,JAX_DST",boom,49200,,,121.2201,0.0031,121.2201,0.0017,121.2201,,175.06,105405,8.0,2.4191,0.192,0.0014,0.0,121.2201,181.07912,2.4191,0.4542067762759798
701,"00-0029604,00-0036900,00-0036963,00-0037248,00-0037252,00-0038563,00-0039139,00-0040894,JAX_DST",boom,49500,,,124.26049,0.003,124.26049,0.0034,124.26049,,117.5,665795,0.0,3.0425,0.228,0.0012,0.0001,124.26049,182.01714,2.7425,0.5377185149835262
702,"00-0034827,00-0034844,00-0037239,00-0038996,00-0039139,00-0039424,00-0040129,00-0040743,LV_DST",boom,49900,51.0,,125.9356,0.0036,125.9356,0.0045,125.9356,34.0,184.7,58597,8.0,2.6612,0.2497,0.0008,0.0,125.9356,184.90419,2.6612,0.5836728169070807
703,"00-0036040,00-0036900,00-0037239,00-0037256,00-0037291,00-0038997,00-0039139,00-0040743,JAX_DST",boom,49900,,,124.0516,0.0038,124.0516,0.0027,124.05159,,144.7,381493,0.0,2.3854,0.2143,0.0012,0.0,124.0516,182.94751,2.3854,0.49927174569442606
704,"00-0035659,00-0035685,00-0036275,00-0036555,00-0037744,00-0039150,00-0039491,00-0040124,JAX_DST",boom,49400,,,119.39427,0.0039,119.39427,0.006,119.39427,,212.64,5855,25.0,13.0225,0.2149,0.0062,0.0013,119.39427,184.80649,5.2725,0.542270739887693
705,"00-0033921,00-0034844,00-0035228,00-0035685,00-0036322,00-0038994,00-0038996,00-0039361,LV_DST",boom,49800,34.0,,120.79911,0.0034,120.799126,0.0034,120.79911,54.0,121.82,627885,0.0,4.369,0.2127,0.0025,0.0003,120.799126,181.82076,3.369,0.5167229219865641
706,"00-0034827,00-0034857,00-0035685,00-0036252,00-0037248,00-0037740,00-0038559,00-0038933,JAX_DST",boom,49800,,,114.1606,0.0029,114.1606,0.0032,114.1606,,168.76,147791,8.0,5.6874,0.1696,0.0043,0.0005,114.1606,180.96239,3.7874,0.4326030985520643
707,"00-0035228,00-0036259,00-0036322,00-0037238,00-0037740,00-0039139,00-0039811,00-0040663,JAX_DST",boom,49800,,,119.52485,0.0017,119.524826,0.0017,119.52484,,109.62,722887,0.0,2.9389,0.1841,0.002,0.0002,119.52485,177.83948,2.6389,0.4410480284605663
708,"00-0035229,00-0036264,00-0037248,00-0038124,00-0038597,00-0039146,00-0039849,00-0040666,JAX_DST",boom,49300,,,121.26547,0.0019,121.26547,0.0024,121.26547,,134.08,501643,0.0,3.5995,0.2171,0.0032,0.0001,121.26547,179.16399,3.4495,0.5282502521877721
709,"00-0031588,00-0034383,00-0036554,00-0037248,00-0038559,00-0039163,00-0040666,00-0041027,JAX_DST",boom,49900,,,116.07971,0.0026,116.0797,0.0025,116.0797,,118.46,657652,0.0,20.194,0.1769,0.0034,0.0007,116.07971,177.34885,3.644,0.43753610272572857
710,"00-0031588,00-0033293,00-0034796,00-0036223,00-0036550,00-0036912,00-0039064,00-0040663,JAX_DST",boom,49100,,,115.8675,0.0028,115.8675,0.0026,115.8675,69.0,134.96,491673,0.0,2.7795,0.1656,0.0021,0.0001,115.8675,179.8242,2.4795,0.39922716768977545
711,"00-0026158,00-0036410,00-0036900,00-0036919,00-0036970,00-0037238,00-0038542,00-0040729,JAX_DST",boom,49600,,,112.03293,0.0022,112.03293,0.0029,112.03293,,76.0,824732,0.0,2.9768,0.127,0.002,0.0004,112.03293,176.81895,2.1768,0.30543221960268474
712,"00-0033293,00-0034844,00-0036264,00-0036554,00-0038606,00-0038996,00-0040124,00-0040667,JAX_DST",boom,49200,,,116.66135,0.0012,116.66136,0.0018,116.66135,,133.48000000000002,508344,0.0,2.9833,0.1617,0.0011,0.0002,116.66135,171.8557,2.1833,0.3842113820929616
713,"00-0033293,00-0035229,00-0036275,00-0036322,00-0039139,00-0039150,00-0039491,00-0040124,JAX_DST",boom,49300,68.0,36.0,124.231125,0.0063,124.231125,0.0049,124.231125,32.0,224.54,1558,60.0,11.0784,0.2622,0.0058,0.0013,124.231125,187.00963,5.7284,0.6492311236894928
714,"00-0033921,00-0034855,00-0034960,00-0036223,00-0036555,00-0037240,00-0038129,00-0038597,JAX_DST",boom,49100,,,118.065735,0.0017,118.06575,0.0011,118.06575,,130.84,537273,0.0,1.82,0.1581,0.0005,0.0001,118.06575,176.4383,1.77,0.3691669437431993
715,"00-0035228,00-0035229,00-0035685,00-0036322,00-0036963,00-0038124,00-0039032,00-0039040,CLE_DST",boom,49700,90.0,,118.477425,0.0016,118.477425,0.0022,118.477425,35.0,153.72,283152,0.0,2.502,0.1744,0.0014,0.0002,118.477425,178.39532,2.352,0.41451792196154985
716,"00-0035644,00-0036912,00-0037239,00-0039040,00-0039064,00-0039139,00-0039376,00-0039811,PHI_DST",boom,49900,,,119.881775,0.0023,119.881775,0.0021,119.881775,,136.7,472341,0.0,2.032,0.162,0.001,0.0001,119.881775,178.74832,1.932,0.3761466583653582
717,"00-0036900,00-0036963,00-0037252,00-0038128,00-0038542,00-0038563,00-0039040,00-0041523,JAX_DST",boom,49200,76.0,46.0,124.64213,0.0052,124.64213,0.0062,124.64213,68.0,127.4,573749,0.0,6.515,0.2535,0.0049,0.0011,124.64213,187.30656,5.115,0.6263554764752393
718,"00-0029604,00-0032764,00-0037291,00-0037744,00-0038563,00-0039040,00-0039064,00-0040122,PHI_DST",boom,50000,24.0,,120.48535,0.0058,120.48535,0.0067,120.48534,25.0,167.3,158701,8.0,6.2679,0.2254,0.0055,0.0007,120.48534,188.12735,4.9679,0.5675437255997697
719,"00-0034383,00-0036554,00-0036963,00-0038933,00-0039139,00-0039163,00-0039811,00-0040735,JAX_DST",boom,49400,,,123.527664,0.0028,123.527664,0.005,123.527664,,161.66000000000005,205648,0.0,4.3424,0.2387,0.0034,0.0002,123.527664,182.55782,3.8424,0.5826440447492377
720,"00-0036275,00-0036322,00-0036555,00-0039150,00-0039491,00-0040124,00-0040663,00-0040666,JAX_DST",boom,49200,,,121.26453,0.0044,121.26453,0.0047,121.26453,,200.44,18120,15.0,7.299,0.2303,0.0047,0.0009,121.26453,186.1726,4.699,0.5744243816998079
721,"00-0035640,00-0036554,00-0037248,00-0038542,00-0038728,00-0038933,00-0039163,00-0040735,JAX_DST",boom,49000,,,114.01733,0.0012,114.01733,0.0008,114.01733,,135.56,484898,0.0,2.5519,0.1549,0.0013,0.0003,114.017334,172.20589,2.3019,0.3720951977031858
722,"00-0036912,00-0038124,00-0038542,00-0039344,00-0039918,00-0039919,00-0040126,00-0040663,JAX_DST",boom,49800,,,114.17745,0.0006,114.17745,0.0005,114.17745,,144.06,388446,0.0,2.3701,0.132,0.0009,0.0001,114.17745,170.83742,1.7201,0.31139075540878114
723,"00-0035644,00-0036252,00-0036900,00-0037239,00-0037746,00-0039064,00-0039139,00-0039376,JAX_DST",boom,49100,,,114.86662,0.001,114.866615,0.0008,114.86662,,139.2,443993,0.0,1.2264,0.1114,0.0002,0.0001,114.86662,172.80173,1.1264,0.2544936561358008
724,"00-0032764,00-0035261,00-0036355,00-0037744,00-0038124,00-0038544,00-0039811,00-0039915,JAX_DST",boom,49900,83.0,,121.53217,0.003,121.53217,0.0029,121.53217,,156.76,252074,0.0,3.9138,0.2189,0.0027,0.0003,121.53217,182.14075,3.5138,0.5292223194056261
725,"00-0032764,00-0034855,00-0035659,00-0035685,00-0036900,00-0036919,00-0040129,00-0041094,JAX_DST",boom,49400,,,117.28331,0.0022,117.28331,0.0018,117.28331,,115.54,681475,0.0,6.1731,0.1692,0.0016,0.0002,117.28331,178.8116,2.2731,0.4021338038306256
726,"00-0023459,00-0035261,00-0035640,00-0036410,00-0036894,00-0036912,00-0038542,00-0041438,JAX_DST",boom,49000,,,115.59085,0.002,115.59085,0.0016,115.59085,,109.84,721511,0.0,2.9509,0.1544,0.0025,0.0001,115.59085,175.30095,2.5509,0.3750401199960128
727,"00-0036900,00-0036963,00-0038120,00-0038563,00-0038579,00-0039040,00-0039066,00-0040122,JAX_DST",boom,49400,,67.0,123.914474,0.0045,123.914474,0.0061,123.914474,,127.9,568572,0.0,3.6034,0.2341,0.0029,0.0003,123.914474,185.6701,3.5534,0.5660822483945607
728,"00-0034844,00-0035228,00-0036252,00-0036322,00-0038046,00-0038124,00-0038994,00-0039040,JAX_DST",boom,49200,,,117.144615,0.0018,117.144615,0.0016,117.144615,,108.92,727241,0.0,3.0351,0.1701,0.0017,0.0003,117.144615,177.76144,2.4851,0.41020645452424925
729,"00-0034844,00-0035228,00-0036900,00-0037238,00-0037239,00-0038994,00-0039811,00-0040215,JAX_DST",boom,49900,,,120.77622,0.0017,120.77622,0.0011,120.77622,,66.22,829250,0.0,2.5115,0.1845,0.0008,0.0001,120.77622,176.72571,2.2115,0.43305117948509586
730,"00-0031588,00-0036290,00-0036555,00-0036900,00-0038124,00-0038597,00-0039918,00-0040735,JAX_DST",boom,50000,,,121.06162,0.004,121.06162,0.003,121.06162,,169.16,144843,8.0,103.123,0.2096,0.002,0.0003,121.06162,181.17078,3.073,0.5035104374006574
731,"00-0036970,00-0037239,00-0037240,00-0038542,00-0039139,00-0039424,00-0039880,00-0040743,JAX_DST",boom,49800,,,122.59585,0.0051,122.59584,0.005,122.59584,,178.0,89076,8.0,3.0697,0.2167,0.0013,0.0002,122.59585,185.4733,2.6697,0.5117402733273189
732,"00-0032764,00-0034796,00-0034798,00-0037238,00-0038124,00-0039064,00-0040666,00-0041125,JAX_DST",boom,49300,,,111.03979,0.002,111.03979,0.0017,111.03979,,162.16,201203,0.0,2.5777,0.1306,0.0016,0.0003,111.03979,176.57397,2.0277,0.31436916015616845
733,"00-0033106,00-0036259,00-0036275,00-0036963,00-0036973,00-0039065,00-0039139,00-0039901,JAX_DST",boom,49600,,,122.870186,0.0067,122.870186,0.0058,122.8702,,156.84,251406,0.0,4.0473,0.2312,0.0021,0.0004,122.8702,189.81323,3.5473,0.55593440277714
734,"00-0032764,00-0036442,00-0036900,00-0037248,00-0037261,00-0038619,00-0040129,00-0040736,JAX_DST",boom,49100,,,119.66038,0.0029,119.66038,0.003,119.66038,,104.86,750409,0.0,2.7892,0.189,0.0013,0.0002,119.660385,179.60812,2.5392,0.45026594743485804
735,"00-0031588,00-0035249,00-0036223,00-0036264,00-0037248,00-0038124,00-0039040,00-0040667,JAX_DST",boom,49200,,,114.8152,0.0009,114.815186,0.0004,114.815186,,154.98000000000002,270456,0.0,103.0282,0.1455,0.002,0.0004,114.8152,171.88007,2.4782,0.35228438101125686
736,"00-0036900,00-0036971,00-0038935,00-0039139,00-0039893,00-0040122,00-0040129,00-0041131,JAX_DST",boom,49400,,,122.1651,0.0014,122.1651,0.0013,122.1651,,144.2,387003,0.0,3.1893,0.1958,0.0021,0.0002,122.1651,178.21866,2.6893,0.46621042846612093
737,"00-0026158,00-0036410,00-0036900,00-0038129,00-0038542,00-0039491,00-0040124,00-0040784,PHI_DST",boom,49300,,,118.00491,0.0026,118.00491,0.0021,118.00493,,107.3,737004,0.0,2.6814,0.1712,0.0014,0.0002,118.00491,179.18466,2.2314,0.40363816550935205
738,"00-0035710,00-0036223,00-0037239,00-0037664,00-0038997,00-0039064,00-0040128,00-0040583,JAX_DST",boom,50000,16.0,7.0,116.97502,0.0091,116.97502,0.0074,116.97502,19.0,140.44,430060,0.0,12.9458,0.2084,0.0076,0.0006,116.97502,192.89146,5.6458,0.5425936194160704
739,"00-0034351,00-0036389,00-0036912,00-0037239,00-0038611,00-0039915,00-0040242,00-0040735,JAX_DST",boom,49200,,,114.0192,0.0012,114.0192,0.0015,114.0192,,145.52,372361,0.0,1.6794,0.1249,0.0003,0.0001,114.0192,172.61298,1.3794,0.2890378161557008
740,"00-0035228,00-0035249,00-0036223,00-0036322,00-0036900,00-0039491,00-0039811,00-0039915,JAX_DST",boom,49400,,,123.462036,0.003,123.462036,0.0035,123.462036,,138.01999999999998,457334,0.0,3.7834,0.2322,0.0017,0.0003,123.462036,181.10739,3.0834,0.553549171796508
741,"00-0035685,00-0036264,00-0036322,00-0036554,00-0036555,00-0039139,00-0039146,00-0040598,LV_DST",boom,49800,,,117.581726,0.0009,117.581726,0.0022,117.581726,,185.08,57215,8.0,4.6263,0.161,0.0015,0.0001,117.581726,173.2652,2.2263,0.3849178826595088
742,"00-0036275,00-0036900,00-0037744,00-0039150,00-0040124,00-0040218,00-0040719,00-0040784,PHI_DST",boom,49500,,,117.95217,0.0012,117.95217,0.0014,117.95217,,128.83999999999995,558975,0.0,2.3707,0.1601,0.001,0.0002,117.95217,173.76562,2.0707,0.379111636611344
743,"00-0033106,00-0035644,00-0036900,00-0036963,00-0038124,00-0039139,00-0040669,00-0041125,JAX_DST",boom,50000,,,119.5055,0.0038,119.5055,0.005,119.5055,,148.94,334379,0.0,2.3636,0.1808,0.0009,0.0002,119.5055,184.85387,2.1636,0.4243011117228713
744,"00-0033246,00-0035659,00-0035685,00-0036389,00-0036912,00-0036973,00-0037239,00-0038120,JAX_DST",boom,49600,,,120.379524,0.0024,120.379524,0.0025,120.379524,,147.12,354191,0.0,2.9523,0.195,0.0017,0.0002,120.379524,180.36824,2.6523,0.46623015518627564
745,"00-0030565,00-0032764,00-0036900,00-0037740,00-0038115,00-0038120,00-0039139,00-0039890,JAX_DST",boom,49200,,24.0,122.5475,0.0057,122.5475,0.0056,122.5475,,148.79999999999998,335978,0.0,5.6093,0.2265,0.0051,0.0005,122.5475,187.25598,4.4093,0.5596424859938585
746,"00-0031588,00-0034365,00-0036389,00-0036900,00-0036912,00-0038542,00-0038597,00-0040024,JAX_DST",boom,49900,,,116.01535,0.0012,116.01535,0.001,116.01535,,114.82,687005,0.0,1.7777,0.1372,0.0008,0.0001,116.01535,173.89635,1.6277,0.3211629262184472
747,"00-0033537,00-0034960,00-0035685,00-0036322,00-0036900,00-0038542,00-0040663,00-0040782,JAX_DST",boom,49400,,,110.25261,0.0003,110.252625,0.0005,110.25261,,138.9,447450,0.0,1.1258,0.0915,0.0005,0.0001,110.252625,163.33482,1.0758,0.21332594316605977
748,"00-0034351,00-0036389,00-0036900,00-0036912,00-0037228,00-0037809,00-0038120,00-0039146,JAX_DST",boom,49000,89.0,,121.0979,0.0028,121.097885,0.0026,121.097885,86.0,115.62,680796,0.0,4.3242,0.2022,0.002,0.0003,121.0979,179.19868,2.9742,0.4833454197185627
749,"00-0036322,00-0038046,00-0039040,00-0039918,00-0039919,00-0040124,00-0040735,00-0040784,LAC_DST",boom,49100,,,113.49235,0.0012,113.49235,0.0006,113.49235,,116.26,675689,0.0,101.4864,0.1313,0.0005,0.0001,113.49235,172.41176,1.5864,0.3097456865861017
750,"00-0036223,00-0038994,00-0039040,00-0039150,00-0039491,00-0039849,00-0040124,00-0040126,JAX_DST",boom,49700,81.0,,120.714485,0.0015,120.714485,0.0014,120.714485,51.0,137.74,460454,0.0,3.248,0.2051,0.002,0.0002,120.714485,178.71956,3.048,0.4912001056246796
751,"00-0034844,00-0035659,00-0036264,00-0036322,00-0038124,00-0038544,00-0038996,00-0040784,PHI_DST",boom,49400,,,115.95896,0.0014,115.95896,0.0007,115.95896,,126.98,578002,0.0,2.7734,0.1589,0.0018,0.0001,115.95895,172.78833,2.3734,0.38017030244364713
752,"00-0035659,00-0036410,00-0036442,00-0036900,00-0037809,00-0038597,00-0039811,00-0040237,JAX_DST",boom,49100,,81.0,120.192924,0.0054,120.192924,0.0075,120.192924,,69.36,828242,0.0,12.3677,0.2156,0.0049,0.001,120.192924,187.19063,4.3177,0.5333481673946439
753,"00-0037239,00-0037744,00-0038124,00-0038555,00-0039139,00-0039146,00-0039424,00-0040743,JAX_DST",boom,49700,,,115.7327,0.0022,115.7327,0.002,115.7327,,196.4,25154,10.0,1.4422,0.1302,0.0006,0.0,115.7327,176.67244,1.4422,0.3033031554126498
754,"00-0033293,00-0035689,00-0036275,00-0036554,00-0036963,00-0039139,00-0039163,00-0040138,JAX_DST",boom,49200,,,119.078514,0.0027,119.078514,0.0024,119.07852,,173.36,116334,8.0,3.1128,0.1864,0.0023,0.0004,119.07852,176.9598,3.1128,0.4501377639835453
755,"00-0033293,00-0038542,00-0038597,00-0039150,00-0039915,00-0040124,00-0040126,00-0040218,JAX_DST",boom,49000,,,118.68,0.0008,118.679985,0.0012,118.68,,138.24,454802,0.0,2.07,0.1684,0.0009,0.0001,118.68,172.1128,1.92,0.39310412872720224
756,"00-0033662,00-0036410,00-0036970,00-0037228,00-0037238,00-0038542,00-0038606,00-0040719,JAX_DST",boom,49400,,,107.227585,0.0017,107.227585,0.0012,107.22758,,106.82,739716,0.0,3.2422,0.1091,0.0016,0.0004,107.227585,173.36334,1.9922,0.2689286594144105
757,"00-0034844,00-0036389,00-0036912,00-0037238,00-0037809,00-0038393,00-0039139,00-0040729,JAX_DST",boom,49700,,,116.66473,0.0044,116.664734,0.0037,116.66473,,128.32,564069,0.0,3.651,0.1748,0.0028,0.0004,116.664734,183.41112,3.051,0.42770647316021987
758,"00-0033106,00-0033921,00-0036555,00-0036754,00-0036963,00-0037239,00-0039139,00-0039811,JAX_DST",boom,50000,70.0,59.0,126.15236,0.0078,126.15236,0.0082,126.15236,,164.14,184111,0.0,5.3386,0.2717,0.0028,0.0004,126.15236,192.0592,4.0886,0.6530494014723991
759,"00-0023459,00-0032764,00-0035640,00-0036322,00-0036894,00-0037248,00-0037740,00-0037746,JAX_DST",boom,49200,,,112.2274,0.0005,112.2274,0.001,112.2274,,145.54,372222,0.0,1.5357,0.1234,0.0008,0.0,112.2274,168.76701,1.5357,0.29266201243573015
760,"00-0034351,00-0034844,00-0035659,00-0037239,00-0039361,00-0039910,00-0040122,00-0041040,JAX_DST",boom,49800,,,117.5203,0.0027,117.5203,0.0018,117.52029,,171.36,129375,8.0,3.9347,0.1694,0.0028,0.0002,117.5203,179.22598,2.8847,0.411915972455689
761,"00-0033106,00-0034270,00-0034837,00-0036912,00-0036963,00-0036973,00-0038997,00-0039139,JAX_DST",boom,49600,,,118.975426,0.0022,118.975426,0.0023,118.975426,,124.54000000000002,602205,0.0,1.7857,0.1685,0.0006,0.0,118.975426,179.80753,1.7857,0.3886767951355495
762,"00-0035644,00-0036555,00-0036963,00-0037239,00-0039139,00-0039424,00-0040743,00-0041027,JAX_DST",boom,49800,,,123.61447,0.008,123.61447,0.0076,123.61447,,209.6,7880,20.0,15.6162,0.239,0.0027,0.0003,123.61447,190.87059,3.7662,0.5751854588463544
763,"00-0036040,00-0036554,00-0036900,00-0037248,00-0038608,00-0039064,00-0039163,00-0040583,PHI_DST",boom,50000,,,118.06753,0.0037,118.06753,0.0038,118.06753,,107.26,737115,0.0,6.4654,0.1913,0.0053,0.0004,118.06751,181.95944,4.3654,0.48072218423431334
764,"00-0036040,00-0037239,00-0037240,00-0037248,00-0038120,00-0039491,00-0040122,00-0040743,JAX_DST",boom,50000,,,125.58141,0.0037,125.58141,0.0026,125.58143,,201.5,16528,15.0,3.4706,0.2496,0.0019,0.0003,125.58143,183.96301,3.3206,0.5908975939189031
765,"00-0033537,00-0036555,00-0036912,00-0036963,00-0037248,00-0040663,00-0040719,00-0041547,JAX_DST",boom,49500,,,114.92391,0.0012,114.92393,0.001,114.9239,,121.3,632626,0.0,1.9668,0.1364,0.002,0.0,114.92391,171.61134,1.9668,0.3269970002098244
766,"00-0033662,00-0036223,00-0036554,00-0036970,00-0037228,00-0037238,00-0038542,00-0039901,JAX_DST",boom,50000,,,107.07233,0.0016,107.07233,0.0016,107.07233,,117.22,668095,0.0,8.3175,0.1145,0.0035,0.001,107.07233,171.26964,3.0675,0.2855082971336092
767,"00-0034975,00-0035640,00-0035710,00-0036223,00-0037240,00-0037664,00-0037744,00-0038997,JAX_DST",boom,49400,,,111.43227,0.0034,111.43227,0.0022,111.432274,,109.74,722164,0.0,4.4874,0.1371,0.0036,0.0006,111.43227,179.59505,3.0374,0.34294748230453204
768,"00-0035229,00-0036259,00-0036963,00-0037240,00-0038124,00-0039139,00-0039923,00-0041027,JAX_DST",boom,49300,,,114.360374,0.0021,114.360374,0.0022,114.360374,,150.10000000000002,321699,0.0,2.0801,0.1388,0.0017,0.0001,114.36039,177.04185,2.0801,0.331109872952185
769,"00-0034981,00-0036223,00-0036355,00-0037248,00-0038544,00-0039849,00-0039915,00-0040666,JAX_DST",boom,49000,,,120.01948,0.0061,120.01948,0.0059,120.01948,,103.26,758426,0.0,4.1135,0.2139,0.0035,0.0003,120.01948,187.86438,3.5635,0.5252255935701824
770,"00-0030279,00-0032764,00-0033217,00-0034844,00-0035710,00-0036554,00-0038597,00-0039915,JAX_DST",boom,49600,,,118.4246,0.0005,118.4246,0.0013,118.4246,,138.74,449250,0.0,1.91,0.1632,0.0008,0.0,118.4246,175.05417,1.91,0.38518393223131436
771,"00-0033106,00-0036900,00-0036963,00-0038685,00-0039065,00-0039139,00-0039424,00-0041547,JAX_DST",boom,49700,,,122.33222,0.0066,122.33222,0.006,122.33222,,140.34,431179,0.0,2.9439,0.2172,0.0011,0.0002,122.33222,188.91367,2.7439,0.5135191032257478
772,"00-0033921,00-0034857,00-0036554,00-0037248,00-0038563,00-0038933,00-0039901,00-0040122,JAX_DST",boom,49000,,,113.12061,0.0017,113.12061,0.0017,113.12061,,153.56,284704,0.0,4.4796,0.1599,0.0029,0.0006,113.12063,175.35048,3.1796,0.39429004717558463
773,"00-0034975,00-0036040,00-0036963,00-0037239,00-0038563,00-0039064,00-0039139,00-0040743,JAX_DST",boom,49500,,,126.04637,0.0075,126.04635,0.0077,126.046364,,191.6,36098,10.0,3.4157,0.2594,0.0012,0.0003,126.046364,190.46262,3.1157,0.609621435629062
774,"00-0036275,00-0036355,00-0036554,00-0038046,00-0038542,00-0038559,00-0038606,00-0039915,JAX_DST",boom,49600,,,119.2343,0.0013,119.2343,0.0011,119.2343,,164.26,182974,0.0,2.8688,0.1806,0.0014,0.0002,119.2343,175.01411,2.3688,0.4255609144508029
775,"00-0037228,00-0037239,00-0037744,00-0038542,00-0039424,00-0040124,00-0040669,00-0040743,JAX_DST",boom,49100,,,116.94684,0.0014,116.94684,0.0011,116.94684,,171.89999999999998,125986,8.0,1.4849,0.1449,0.0005,0.0,116.94684,174.08644,1.4849,0.3353541157154098
776,"00-0033119,00-0034844,00-0037740,00-0037744,00-0038544,00-0038559,00-0040784,00-0041027,PHI_DST",boom,49700,,,111.04143,0.0015,111.04145,0.0017,111.041435,,101.18,768070,0.0,16.5885,0.1303,0.0028,0.0003,111.04143,175.84651,2.5885,0.32388920155773276
777,"00-0032764,00-0034753,00-0034796,00-0038124,00-0038997,00-0039064,00-0039874,00-0040122,JAX_DST",boom,49400,,,116.32775,0.0061,116.32776,0.0053,116.32775,,195.16,27643,10.0,4.7159,0.1834,0.0038,0.0004,116.32775,185.7412,3.4659,0.4567917710905994
778,"00-0036973,00-0037239,00-0037248,00-0037740,00-0039066,00-0039139,00-0039424,00-0040743,JAX_DST",boom,49000,19.0,44.0,129.73264,0.0119,129.73264,0.0114,129.73264,24.0,178.7,85560,8.0,6.9931,0.3263,0.004,0.0003,129.73264,195.63152,5.2931,0.8004730579148558
779,"00-0033293,00-0033869,00-0036322,00-0036900,00-0038117,00-0038120,00-0040126,00-0041438,JAX_DST",boom,49400,,,113.36907,0.0011,113.369064,0.0006,113.36907,,96.8,785226,0.0,1.9816,0.1301,0.0014,0.0001,113.36907,172.79846,1.8816,0.3107121155514298
780,"00-0035261,00-0036900,00-0036963,00-0038117,00-0039361,00-0040676,00-0041032,00-0041438,JAX_DST",boom,49000,,89.0,116.7646,0.0038,116.76459,0.0038,116.7646,,110.3,718527,0.0,8.636,0.1687,0.0046,0.0008,116.7646,182.69705,4.036,0.4244648165101423
781,"00-0036410,00-0036442,00-0036900,00-0036919,00-0038046,00-0039139,00-0039901,00-0040735,JAX_DST",boom,49600,,,119.15466,0.002,119.15468,0.0027,119.15468,,92.26,799249,0.0,1.6809,0.1631,0.0003,0.0,119.15468,179.5081,1.6809,0.37895728479966445
782,"00-0034827,00-0034857,00-0035685,00-0036900,00-0036988,00-0037256,00-0039139,00-0039359,JAX_DST",boom,49000,,,111.910065,0.0005,111.91005,0.0006,111.910065,,161.26,209195,0.0,1.3677,0.1066,0.0006,0.0001,111.910065,169.22328,1.3177,0.25142102110288395
783,"00-0034960,00-0036252,00-0036963,00-0036971,00-0037240,00-0038542,00-0038935,00-0040784,PHI_DST",boom,49200,,,115.3213,0.0008,115.32127,0.0015,115.32129,,135.89999999999998,481361,0.0,2.4379,0.1495,0.0011,0.0002,115.32129,176.14299,2.0379,0.3558586995847858
784,"00-0032392,00-0033662,00-0034827,00-0036139,00-0036963,00-0037238,00-0038542,00-0039040,JAX_DST",boom,49600,,,106.2308,0.0006,106.2308,0.001,106.2308,,124.92,598592,0.0,1.4304,0.0906,0.0017,0.0,106.2308,168.02599,1.4304,0.21885873711166906
785,"00-0030565,00-0034837,00-0036554,00-0036900,00-0037248,00-0037755,00-0039139,00-0039890,JAX_DST",boom,49000,,,113.009636,0.0004,113.009636,0.0006,113.00963,,103.2,758809,0.0,1.2323,0.1038,0.0003,0.0001,113.009636,167.13625,1.1323,0.23932550019332202
786,"00-0033119,00-0034844,00-0036554,00-0037744,00-0038544,00-0039849,00-0041027,00-0041547,JAX_DST",boom,49900,,,112.410225,0.0023,112.410225,0.0027,112.410225,,113.98,693127,0.0,9.8505,0.148,0.0048,0.0013,112.410225,178.81573,4.0505,0.376349404212665
787,"00-0023459,00-0036252,00-0036894,00-0036900,00-0036970,00-0037740,00-0038542,00-0040666,JAX_DST",boom,49800,74.0,65.0,122.097626,0.003,122.097626,0.004,122.097626,,107.64,735025,0.0,8.2087,0.2182,0.0039,0.0004,122.097626,181.95134,3.9087,0.5344887943201557
788,"00-0036410,00-0036442,00-0036554,00-0037239,00-0038542,00-0038619,00-0039066,00-0039361,JAX_DST",boom,49900,,,123.38466,0.0025,123.38466,0.0031,123.38466,,154.46,275513,0.0,3.2642,0.2152,0.0015,0.0004,123.384674,181.68454,2.8642,0.5047262064894672
789,"00-0032764,00-0034827,00-0037740,00-0039918,00-0039919,00-0040124,00-0040126,00-0040236,JAX_DST",boom,49700,,,116.66,0.002,116.66,0.0021,116.66001,,168.56,149316,8.0,2.82,0.1808,0.0015,0.0003,116.66,177.57263,2.52,0.4339339371499238
790,"00-0034351,00-0036554,00-0036912,00-0036963,00-0037248,00-0038618,00-0039163,00-0039811,JAX_DST",boom,49000,,,117.95058,0.0023,117.95058,0.0023,117.95058,,133.16000000000005,511760,0.0,3.958,0.1838,0.0028,0.0006,117.95058,178.66493,3.308,0.4486383861685539
791,"00-0033921,00-0034827,00-0034857,00-0035689,00-0036322,00-0039040,00-0040138,00-0040666,JAX_DST",boom,49000,,,109.5029,0.0004,109.502884,0.0002,109.5029,,144.06,388446,0.0,1.4127,0.096,0.0006,0.0001,109.5029,166.77757,1.2127,0.22647974723677108
792,"00-0033106,00-0036040,00-0036252,00-0036963,00-0037240,00-0037248,00-0039919,00-0040784,PHI_DST",boom,49400,,,118.6586,0.003,118.6586,0.0018,118.6586,,103.94,755234,0.0,3.1606,0.1741,0.0015,0.0001,118.6586,178.13829,2.2606,0.4106725870258061
793,"00-0033526,00-0036223,00-0036442,00-0036900,00-0037744,00-0038619,00-0039589,00-0040122,JAX_DST",boom,49700,,,114.64395,0.0009,114.64395,0.0015,114.64395,,128.86,558383,0.0,1.4155,0.1335,0.0005,0.0,114.64395,174.12656,1.4155,0.30912712151306054
794,"00-0035229,00-0036264,00-0037238,00-0038124,00-0038996,00-0039139,00-0039919,00-0040666,JAX_DST",boom,49500,73.0,,121.81365,0.0016,121.81365,0.0017,121.81365,83.0,155.88,261250,0.0,3.2447,0.2065,0.0024,0.0003,121.81366,176.81972,3.0947,0.49570794488922004
795,"00-0035228,00-0035229,00-0035685,00-0036322,00-0036912,00-0038124,00-0038544,00-0040666,JAX_DST",boom,49500,,,120.49815,0.003,120.49815,0.0038,120.49815,,144.32,385705,0.0,4.0564,0.2054,0.0017,0.0003,120.49815,181.18411,2.9564,0.49453711626274727
796,"00-0033858,00-0036264,00-0036322,00-0037239,00-0038542,00-0039146,00-0039344,00-0039915,JAX_DST",boom,49600,,,113.730125,0.0005,113.73011,0.0009,113.730125,,169.57999999999998,141933,8.0,1.3781,0.1258,0.0006,0.0,113.730125,169.22745,1.3781,0.29313012015966944
797,"00-0033106,00-0034829,00-0036963,00-0037239,00-0037248,00-0039146,00-0040122,00-0040669,JAX_DST",boom,49300,,,118.84915,0.0017,118.84915,0.0016,118.84915,,158.74,232797,0.0,2.2791,0.161,0.0009,0.0003,118.84915,176.85501,2.0791,0.3758068091203426
798,"00-0027973,00-0035659,00-0035662,00-0036223,00-0036912,00-0038933,00-0039139,00-0040784,LAC_DST",boom,49000,,,108.5787,0.0005,108.5787,0.0002,108.5787,,104.4,752900,0.0,0.8146,0.0794,0.0003,0.0,108.5787,164.1428,0.8146,0.1838397526223364
799,"00-0033921,00-0035685,00-0036275,00-0039361,00-0039918,00-0039919,00-0040124,00-0040126,JAX_DST",boom,49500,48.0,54.0,122.819275,0.0055,122.819275,0.0079,122.819275,38.0,162.86,195041,0.0,21.8091,0.2527,0.0063,0.0007,122.819275,188.97107,5.3091,0.6367780073886532
